@frequency,provider_code,dataset_code,dataset_name,series_code,series_name,original_period,period,original_value,value,LOCATION,INDICATOR,SUBJECT,MEASURE,FREQUENCY,Country,Indicator,Subject,Measure,Frequency
quarterly,OECD,DP_LIVE,OECD Data Live dataset,FRA.CPI.TOT.AGRWTH.Q,France – Inflation (CPI) – Total – Annual growth rate (%) – Quarterly,1956-Q1,1956-01-01,1.746324,1.746324,FRA,CPI,TOT,AGRWTH,Q,France,Inflation (CPI),Total,Annual growth rate (%),Quarterly
quarterly,OECD,DP_LIVE,OECD Data Live dataset,FRA.CPI.TOT.AGRWTH.Q,France – Inflation (CPI) – Total – Annual growth rate (%) – Quarterly,1956-Q2,1956-04-01,1.838658,1.838658,FRA,CPI,TOT,AGRWTH,Q,France,Inflation (CPI),Total,Annual growth rate (%),Quarterly
quarterly,OECD,DP_LIVE,OECD Data Live dataset,FRA.CPI.TOT.AGRWTH.Q,France – Inflation (CPI) – Total – Annual growth rate (%) – Quarterly,1956-Q3,1956-07-01,2.670692,2.670692,FRA,CPI,TOT,AGRWTH,Q,France,Inflation (CPI),Total,Annual growth rate (%),Quarterly
quarterly,OECD,DP_LIVE,OECD Data Live dataset,FRA.CPI.TOT.AGRWTH.Q,France – Inflation (CPI) – Total – Annual growth rate (%) – Quarterly,1956-Q4,1956-10-01,1.345803,1.345803,FRA,CPI,TOT,AGRWTH,Q,France,Inflation (CPI),Total,Annual growth rate (%),Quarterly
quarterly,OECD,DP_LIVE,OECD Data Live dataset,FRA.CPI.TOT.AGRWTH.Q,France – Inflation (CPI) – Total – Annual growth rate (%) – Quarterly,1957-Q1,1957-01-01,0.5432153,0.5432153,FRA,CPI,TOT,AGRWTH,Q,France,Inflation (CPI),Total,Annual growth rate (%),Quarterly
quarterly,OECD,DP_LIVE,OECD Data Live dataset,FRA.CPI.TOT.AGRWTH.Q,France – Inflation (CPI) – Total – Annual growth rate (%) – Quarterly,1957-Q2,1957-04-01,0.1094158,0.1094158,FRA,CPI,TOT,AGRWTH,Q,France,Inflation (CPI),Total,Annual growth rate (%),Quarterly
quarterly,OECD,DP_LIVE,OECD Data Live dataset,FRA.CPI.TOT.AGRWTH.Q,France – Inflation (CPI) – Total – Annual growth rate (%) – Quarterly,1957-Q3,1957-07-01,3.401582,3.401582,FRA,CPI,TOT,AGRWTH,Q,France,Inflation (CPI),Total,Annual growth rate (%),Quarterly
quarterly,OECD,DP_LIVE,OECD Data Live dataset,FRA.CPI.TOT.AGRWTH.Q,France – Inflation (CPI) – Total – Annual growth rate (%) – Quarterly,1957-Q4,1957-10-01,8.161716,8.161716,FRA,CPI,TOT,AGRWTH,Q,France,Inflation (CPI),Total,Annual growth rate (%),Quarterly
quarterly,OECD,DP_LIVE,OECD Data Live dataset,FRA.CPI.TOT.AGRWTH.Q,France – Inflation (CPI) – Total – Annual growth rate (%) – Quarterly,1958-Q1,1958-01-01,15.42025,15.42025,FRA,CPI,TOT,AGRWTH,Q,France,Inflation (CPI),Total,Annual growth rate (%),Quarterly
quarterly,OECD,DP_LIVE,OECD Data Live dataset,FRA.CPI.TOT.AGRWTH.Q,France – Inflation (CPI) – Total – Annual growth rate (%) – Quarterly,1958-Q2,1958-04-01,18.56526,18.56526,FRA,CPI,TOT,AGRWTH,Q,France,Inflation (CPI),Total,Annual growth rate (%),Quarterly
quarterly,OECD,DP_LIVE,OECD Data Live dataset,FRA.CPI.TOT.AGRWTH.Q,France – Inflation (CPI) – Total – Annual growth rate (%) – Quarterly,1958-Q3,1958-07-01,16.17789,16.17789,FRA,CPI,TOT,AGRWTH,Q,France,Inflation (CPI),Total,Annual growth rate (%),Quarterly
quarterly,OECD,DP_LIVE,OECD Data Live dataset,FRA.CPI.TOT.AGRWTH.Q,France – Inflation (CPI) – Total – Annual growth rate (%) – Quarterly,1958-Q4,1958-10-01,11.18945,11.18945,FRA,CPI,TOT,AGRWTH,Q,France,Inflation (CPI),Total,Annual growth rate (%),Quarterly
quarterly,OECD,DP_LIVE,OECD Data Live dataset,FRA.CPI.TOT.AGRWTH.Q,France – Inflation (CPI) – Total – Annual growth rate (%) – Quarterly,1959-Q1,1959-01-01,7.540138,7.540138,FRA,CPI,TOT,AGRWTH,Q,France,Inflation (CPI),Total,Annual growth rate (%),Quarterly
quarterly,OECD,DP_LIVE,OECD Data Live dataset,FRA.CPI.TOT.AGRWTH.Q,France – Inflation (CPI) – Total – Annual growth rate (%) – Quarterly,1959-Q2,1959-04-01,5.014006,5.014006,FRA,CPI,TOT,AGRWTH,Q,France,Inflation (CPI),Total,Annual growth rate (%),Quarterly
quarterly,OECD,DP_LIVE,OECD Data Live dataset,FRA.CPI.TOT.AGRWTH.Q,France – Inflation (CPI) – Total – Annual growth rate (%) – Quarterly,1959-Q3,1959-07-01,4.771151,4.771151,FRA,CPI,TOT,AGRWTH,Q,France,Inflation (CPI),Total,Annual growth rate (%),Quarterly
quarterly,OECD,DP_LIVE,OECD Data Live dataset,FRA.CPI.TOT.AGRWTH.Q,France – Inflation (CPI) – Total – Annual growth rate (%) – Quarterly,1959-Q4,1959-10-01,5.982906,5.982906,FRA,CPI,TOT,AGRWTH,Q,France,Inflation (CPI),Total,Annual growth rate (%),Quarterly
quarterly,OECD,DP_LIVE,OECD Data Live dataset,FRA.CPI.TOT.AGRWTH.Q,France – Inflation (CPI) – Total – Annual growth rate (%) – Quarterly,1960-Q1,1960-01-01,4.21221,4.21221,FRA,CPI,TOT,AGRWTH,Q,France,Inflation (CPI),Total,Annual growth rate (%),Quarterly
quarterly,OECD,DP_LIVE,OECD Data Live dataset,FRA.CPI.TOT.AGRWTH.Q,France – Inflation (CPI) – Total – Annual growth rate (%) – Quarterly,1960-Q2,1960-04-01,4.321152,4.321152,FRA,CPI,TOT,AGRWTH,Q,France,Inflation (CPI),Total,Annual growth rate (%),Quarterly
quarterly,OECD,DP_LIVE,OECD Data Live dataset,FRA.CPI.TOT.AGRWTH.Q,France – Inflation (CPI) – Total – Annual growth rate (%) – Quarterly,1960-Q3,1960-07-01,4.500926,4.500926,FRA,CPI,TOT,AGRWTH,Q,France,Inflation (CPI),Total,Annual growth rate (%),Quarterly
quarterly,OECD,DP_LIVE,OECD Data Live dataset,FRA.CPI.TOT.AGRWTH.Q,France – Inflation (CPI) – Total – Annual growth rate (%) – Quarterly,1960-Q4,1960-10-01,3.537981,3.537981,FRA,CPI,TOT,AGRWTH,Q,France,Inflation (CPI),Total,Annual growth rate (%),Quarterly
quarterly,OECD,DP_LIVE,OECD Data Live dataset,FRA.CPI.TOT.AGRWTH.Q,France – Inflation (CPI) – Total – Annual growth rate (%) – Quarterly,1961-Q1,1961-01-01,2.174469,2.174469,FRA,CPI,TOT,AGRWTH,Q,France,Inflation (CPI),Total,Annual growth rate (%),Quarterly
quarterly,OECD,DP_LIVE,OECD Data Live dataset,FRA.CPI.TOT.AGRWTH.Q,France – Inflation (CPI) – Total – Annual growth rate (%) – Quarterly,1961-Q2,1961-04-01,1.789824,1.789824,FRA,CPI,TOT,AGRWTH,Q,France,Inflation (CPI),Total,Annual growth rate (%),Quarterly
quarterly,OECD,DP_LIVE,OECD Data Live dataset,FRA.CPI.TOT.AGRWTH.Q,France – Inflation (CPI) – Total – Annual growth rate (%) – Quarterly,1961-Q3,1961-07-01,1.976184,1.976184,FRA,CPI,TOT,AGRWTH,Q,France,Inflation (CPI),Total,Annual growth rate (%),Quarterly
quarterly,OECD,DP_LIVE,OECD Data Live dataset,FRA.CPI.TOT.AGRWTH.Q,France – Inflation (CPI) – Total – Annual growth rate (%) – Quarterly,1961-Q4,1961-10-01,3.643216,3.643216,FRA,CPI,TOT,AGRWTH,Q,France,Inflation (CPI),Total,Annual growth rate (%),Quarterly
quarterly,OECD,DP_LIVE,OECD Data Live dataset,FRA.CPI.TOT.AGRWTH.Q,France – Inflation (CPI) – Total – Annual growth rate (%) – Quarterly,1962-Q1,1962-01-01,4.840764,4.840764,FRA,CPI,TOT,AGRWTH,Q,France,Inflation (CPI),Total,Annual growth rate (%),Quarterly
quarterly,OECD,DP_LIVE,OECD Data Live dataset,FRA.CPI.TOT.AGRWTH.Q,France – Inflation (CPI) – Total – Annual growth rate (%) – Quarterly,1962-Q2,1962-04-01,6.215726,6.215726,FRA,CPI,TOT,AGRWTH,Q,France,Inflation (CPI),Total,Annual growth rate (%),Quarterly
quarterly,OECD,DP_LIVE,OECD Data Live dataset,FRA.CPI.TOT.AGRWTH.Q,France – Inflation (CPI) – Total – Annual growth rate (%) – Quarterly,1962-Q3,1962-07-01,5.935055,5.935055,FRA,CPI,TOT,AGRWTH,Q,France,Inflation (CPI),Total,Annual growth rate (%),Quarterly
quarterly,OECD,DP_LIVE,OECD Data Live dataset,FRA.CPI.TOT.AGRWTH.Q,France – Inflation (CPI) – Total – Annual growth rate (%) – Quarterly,1962-Q4,1962-10-01,4.363488,4.363488,FRA,CPI,TOT,AGRWTH,Q,France,Inflation (CPI),Total,Annual growth rate (%),Quarterly
quarterly,OECD,DP_LIVE,OECD Data Live dataset,FRA.CPI.TOT.AGRWTH.Q,France – Inflation (CPI) – Total – Annual growth rate (%) – Quarterly,1963-Q1,1963-01-01,4.603927,4.603927,FRA,CPI,TOT,AGRWTH,Q,France,Inflation (CPI),Total,Annual growth rate (%),Quarterly
quarterly,OECD,DP_LIVE,OECD Data Live dataset,FRA.CPI.TOT.AGRWTH.Q,France – Inflation (CPI) – Total – Annual growth rate (%) – Quarterly,1963-Q2,1963-04-01,4.693262,4.693262,FRA,CPI,TOT,AGRWTH,Q,France,Inflation (CPI),Total,Annual growth rate (%),Quarterly
quarterly,OECD,DP_LIVE,OECD Data Live dataset,FRA.CPI.TOT.AGRWTH.Q,France – Inflation (CPI) – Total – Annual growth rate (%) – Quarterly,1963-Q3,1963-07-01,5.319149,5.319149,FRA,CPI,TOT,AGRWTH,Q,France,Inflation (CPI),Total,Annual growth rate (%),Quarterly
quarterly,OECD,DP_LIVE,OECD Data Live dataset,FRA.CPI.TOT.AGRWTH.Q,France – Inflation (CPI) – Total – Annual growth rate (%) – Quarterly,1963-Q4,1963-10-01,5.367138,5.367138,FRA,CPI,TOT,AGRWTH,Q,France,Inflation (CPI),Total,Annual growth rate (%),Quarterly
quarterly,OECD,DP_LIVE,OECD Data Live dataset,FRA.CPI.TOT.AGRWTH.Q,France – Inflation (CPI) – Total – Annual growth rate (%) – Quarterly,1964-Q1,1964-01-01,4.271845,4.271845,FRA,CPI,TOT,AGRWTH,Q,France,Inflation (CPI),Total,Annual growth rate (%),Quarterly
quarterly,OECD,DP_LIVE,OECD Data Live dataset,FRA.CPI.TOT.AGRWTH.Q,France – Inflation (CPI) – Total – Annual growth rate (%) – Quarterly,1964-Q2,1964-04-01,3.490234,3.490234,FRA,CPI,TOT,AGRWTH,Q,France,Inflation (CPI),Total,Annual growth rate (%),Quarterly
quarterly,OECD,DP_LIVE,OECD Data Live dataset,FRA.CPI.TOT.AGRWTH.Q,France – Inflation (CPI) – Total – Annual growth rate (%) – Quarterly,1964-Q3,1964-07-01,2.746212,2.746212,FRA,CPI,TOT,AGRWTH,Q,France,Inflation (CPI),Total,Annual growth rate (%),Quarterly
quarterly,OECD,DP_LIVE,OECD Data Live dataset,FRA.CPI.TOT.AGRWTH.Q,France – Inflation (CPI) – Total – Annual growth rate (%) – Quarterly,1964-Q4,1964-10-01,2.375,2.375,FRA,CPI,TOT,AGRWTH,Q,France,Inflation (CPI),Total,Annual growth rate (%),Quarterly
quarterly,OECD,DP_LIVE,OECD Data Live dataset,FRA.CPI.TOT.AGRWTH.Q,France – Inflation (CPI) – Total – Annual growth rate (%) – Quarterly,1965-Q1,1965-01-01,2.38982,2.38982,FRA,CPI,TOT,AGRWTH,Q,France,Inflation (CPI),Total,Annual growth rate (%),Quarterly
quarterly,OECD,DP_LIVE,OECD Data Live dataset,FRA.CPI.TOT.AGRWTH.Q,France – Inflation (CPI) – Total – Annual growth rate (%) – Quarterly,1965-Q2,1965-04-01,3.217822,3.217822,FRA,CPI,TOT,AGRWTH,Q,France,Inflation (CPI),Total,Annual growth rate (%),Quarterly
quarterly,OECD,DP_LIVE,OECD Data Live dataset,FRA.CPI.TOT.AGRWTH.Q,France – Inflation (CPI) – Total – Annual growth rate (%) – Quarterly,1965-Q3,1965-07-01,2.672811,2.672811,FRA,CPI,TOT,AGRWTH,Q,France,Inflation (CPI),Total,Annual growth rate (%),Quarterly
quarterly,OECD,DP_LIVE,OECD Data Live dataset,FRA.CPI.TOT.AGRWTH.Q,France – Inflation (CPI) – Total – Annual growth rate (%) – Quarterly,1965-Q4,1965-10-01,2.533577,2.533577,FRA,CPI,TOT,AGRWTH,Q,France,Inflation (CPI),Total,Annual growth rate (%),Quarterly
quarterly,OECD,DP_LIVE,OECD Data Live dataset,FRA.CPI.TOT.AGRWTH.Q,France – Inflation (CPI) – Total – Annual growth rate (%) – Quarterly,1966-Q1,1966-01-01,2.667475,2.667475,FRA,CPI,TOT,AGRWTH,Q,France,Inflation (CPI),Total,Annual growth rate (%),Quarterly
quarterly,OECD,DP_LIVE,OECD Data Live dataset,FRA.CPI.TOT.AGRWTH.Q,France – Inflation (CPI) – Total – Annual growth rate (%) – Quarterly,1966-Q2,1966-04-01,2.278177,2.278177,FRA,CPI,TOT,AGRWTH,Q,France,Inflation (CPI),Total,Annual growth rate (%),Quarterly
quarterly,OECD,DP_LIVE,OECD Data Live dataset,FRA.CPI.TOT.AGRWTH.Q,France – Inflation (CPI) – Total – Annual growth rate (%) – Quarterly,1966-Q3,1966-07-01,2.663076,2.663076,FRA,CPI,TOT,AGRWTH,Q,France,Inflation (CPI),Total,Annual growth rate (%),Quarterly
quarterly,OECD,DP_LIVE,OECD Data Live dataset,FRA.CPI.TOT.AGRWTH.Q,France – Inflation (CPI) – Total – Annual growth rate (%) – Quarterly,1966-Q4,1966-10-01,2.798452,2.798452,FRA,CPI,TOT,AGRWTH,Q,France,Inflation (CPI),Total,Annual growth rate (%),Quarterly
quarterly,OECD,DP_LIVE,OECD Data Live dataset,FRA.CPI.TOT.AGRWTH.Q,France – Inflation (CPI) – Total – Annual growth rate (%) – Quarterly,1967-Q1,1967-01-01,2.804842,2.804842,FRA,CPI,TOT,AGRWTH,Q,France,Inflation (CPI),Total,Annual growth rate (%),Quarterly
quarterly,OECD,DP_LIVE,OECD Data Live dataset,FRA.CPI.TOT.AGRWTH.Q,France – Inflation (CPI) – Total – Annual growth rate (%) – Quarterly,1967-Q2,1967-04-01,2.461899,2.461899,FRA,CPI,TOT,AGRWTH,Q,France,Inflation (CPI),Total,Annual growth rate (%),Quarterly
quarterly,OECD,DP_LIVE,OECD Data Live dataset,FRA.CPI.TOT.AGRWTH.Q,France – Inflation (CPI) – Total – Annual growth rate (%) – Quarterly,1967-Q3,1967-07-01,2.56485,2.56485,FRA,CPI,TOT,AGRWTH,Q,France,Inflation (CPI),Total,Annual growth rate (%),Quarterly
quarterly,OECD,DP_LIVE,OECD Data Live dataset,FRA.CPI.TOT.AGRWTH.Q,France – Inflation (CPI) – Total – Annual growth rate (%) – Quarterly,1967-Q4,1967-10-01,3.330437,3.330437,FRA,CPI,TOT,AGRWTH,Q,France,Inflation (CPI),Total,Annual growth rate (%),Quarterly
quarterly,OECD,DP_LIVE,OECD Data Live dataset,FRA.CPI.TOT.AGRWTH.Q,France – Inflation (CPI) – Total – Annual growth rate (%) – Quarterly,1968-Q1,1968-01-01,3.905801,3.905801,FRA,CPI,TOT,AGRWTH,Q,France,Inflation (CPI),Total,Annual growth rate (%),Quarterly
quarterly,OECD,DP_LIVE,OECD Data Live dataset,FRA.CPI.TOT.AGRWTH.Q,France – Inflation (CPI) – Total – Annual growth rate (%) – Quarterly,1968-Q2,1968-04-01,4.176201,4.176201,FRA,CPI,TOT,AGRWTH,Q,France,Inflation (CPI),Total,Annual growth rate (%),Quarterly
quarterly,OECD,DP_LIVE,OECD Data Live dataset,FRA.CPI.TOT.AGRWTH.Q,France – Inflation (CPI) – Total – Annual growth rate (%) – Quarterly,1968-Q3,1968-07-01,4.745667,4.745667,FRA,CPI,TOT,AGRWTH,Q,France,Inflation (CPI),Total,Annual growth rate (%),Quarterly
quarterly,OECD,DP_LIVE,OECD Data Live dataset,FRA.CPI.TOT.AGRWTH.Q,France – Inflation (CPI) – Total – Annual growth rate (%) – Quarterly,1968-Q4,1968-10-01,5.325112,5.325112,FRA,CPI,TOT,AGRWTH,Q,France,Inflation (CPI),Total,Annual growth rate (%),Quarterly
quarterly,OECD,DP_LIVE,OECD Data Live dataset,FRA.CPI.TOT.AGRWTH.Q,France – Inflation (CPI) – Total – Annual growth rate (%) – Quarterly,1969-Q1,1969-01-01,5.693753,5.693753,FRA,CPI,TOT,AGRWTH,Q,France,Inflation (CPI),Total,Annual growth rate (%),Quarterly
quarterly,OECD,DP_LIVE,OECD Data Live dataset,FRA.CPI.TOT.AGRWTH.Q,France – Inflation (CPI) – Total – Annual growth rate (%) – Quarterly,1969-Q2,1969-04-01,6.370126,6.370126,FRA,CPI,TOT,AGRWTH,Q,France,Inflation (CPI),Total,Annual growth rate (%),Quarterly
quarterly,OECD,DP_LIVE,OECD Data Live dataset,FRA.CPI.TOT.AGRWTH.Q,France – Inflation (CPI) – Total – Annual growth rate (%) – Quarterly,1969-Q3,1969-07-01,6.321216,6.321216,FRA,CPI,TOT,AGRWTH,Q,France,Inflation (CPI),Total,Annual growth rate (%),Quarterly
quarterly,OECD,DP_LIVE,OECD Data Live dataset,FRA.CPI.TOT.AGRWTH.Q,France – Inflation (CPI) – Total – Annual growth rate (%) – Quarterly,1969-Q4,1969-10-01,5.800958,5.800958,FRA,CPI,TOT,AGRWTH,Q,France,Inflation (CPI),Total,Annual growth rate (%),Quarterly
quarterly,OECD,DP_LIVE,OECD Data Live dataset,FRA.CPI.TOT.AGRWTH.Q,France – Inflation (CPI) – Total – Annual growth rate (%) – Quarterly,1970-Q1,1970-01-01,5.526357,5.526357,FRA,CPI,TOT,AGRWTH,Q,France,Inflation (CPI),Total,Annual growth rate (%),Quarterly
quarterly,OECD,DP_LIVE,OECD Data Live dataset,FRA.CPI.TOT.AGRWTH.Q,France – Inflation (CPI) – Total – Annual growth rate (%) – Quarterly,1970-Q2,1970-04-01,5.437259,5.437259,FRA,CPI,TOT,AGRWTH,Q,France,Inflation (CPI),Total,Annual growth rate (%),Quarterly
quarterly,OECD,DP_LIVE,OECD Data Live dataset,FRA.CPI.TOT.AGRWTH.Q,France – Inflation (CPI) – Total – Annual growth rate (%) – Quarterly,1970-Q3,1970-07-01,5.275131,5.275131,FRA,CPI,TOT,AGRWTH,Q,France,Inflation (CPI),Total,Annual growth rate (%),Quarterly
quarterly,OECD,DP_LIVE,OECD Data Live dataset,FRA.CPI.TOT.AGRWTH.Q,France – Inflation (CPI) – Total – Annual growth rate (%) – Quarterly,1970-Q4,1970-10-01,4.971684,4.971684,FRA,CPI,TOT,AGRWTH,Q,France,Inflation (CPI),Total,Annual growth rate (%),Quarterly
quarterly,OECD,DP_LIVE,OECD Data Live dataset,FRA.CPI.TOT.AGRWTH.Q,France – Inflation (CPI) – Total – Annual growth rate (%) – Quarterly,1971-Q1,1971-01-01,4.854039,4.854039,FRA,CPI,TOT,AGRWTH,Q,France,Inflation (CPI),Total,Annual growth rate (%),Quarterly
quarterly,OECD,DP_LIVE,OECD Data Live dataset,FRA.CPI.TOT.AGRWTH.Q,France – Inflation (CPI) – Total – Annual growth rate (%) – Quarterly,1971-Q2,1971-04-01,5.231388,5.231388,FRA,CPI,TOT,AGRWTH,Q,France,Inflation (CPI),Total,Annual growth rate (%),Quarterly
quarterly,OECD,DP_LIVE,OECD Data Live dataset,FRA.CPI.TOT.AGRWTH.Q,France – Inflation (CPI) – Total – Annual growth rate (%) – Quarterly,1971-Q3,1971-07-01,5.61089,5.61089,FRA,CPI,TOT,AGRWTH,Q,France,Inflation (CPI),Total,Annual growth rate (%),Quarterly
quarterly,OECD,DP_LIVE,OECD Data Live dataset,FRA.CPI.TOT.AGRWTH.Q,France – Inflation (CPI) – Total – Annual growth rate (%) – Quarterly,1971-Q4,1971-10-01,5.874631,5.874631,FRA,CPI,TOT,AGRWTH,Q,France,Inflation (CPI),Total,Annual growth rate (%),Quarterly
quarterly,OECD,DP_LIVE,OECD Data Live dataset,FRA.CPI.TOT.AGRWTH.Q,France – Inflation (CPI) – Total – Annual growth rate (%) – Quarterly,1972-Q1,1972-01-01,5.73001,5.73001,FRA,CPI,TOT,AGRWTH,Q,France,Inflation (CPI),Total,Annual growth rate (%),Quarterly
quarterly,OECD,DP_LIVE,OECD Data Live dataset,FRA.CPI.TOT.AGRWTH.Q,France – Inflation (CPI) – Total – Annual growth rate (%) – Quarterly,1972-Q2,1972-04-01,5.544933,5.544933,FRA,CPI,TOT,AGRWTH,Q,France,Inflation (CPI),Total,Annual growth rate (%),Quarterly
quarterly,OECD,DP_LIVE,OECD Data Live dataset,FRA.CPI.TOT.AGRWTH.Q,France – Inflation (CPI) – Total – Annual growth rate (%) – Quarterly,1972-Q3,1972-07-01,6.130148,6.130148,FRA,CPI,TOT,AGRWTH,Q,France,Inflation (CPI),Total,Annual growth rate (%),Quarterly
quarterly,OECD,DP_LIVE,OECD Data Live dataset,FRA.CPI.TOT.AGRWTH.Q,France – Inflation (CPI) – Total – Annual growth rate (%) – Quarterly,1972-Q4,1972-10-01,6.819591,6.819591,FRA,CPI,TOT,AGRWTH,Q,France,Inflation (CPI),Total,Annual growth rate (%),Quarterly
quarterly,OECD,DP_LIVE,OECD Data Live dataset,FRA.CPI.TOT.AGRWTH.Q,France – Inflation (CPI) – Total – Annual growth rate (%) – Quarterly,1973-Q1,1973-01-01,6.460502,6.460502,FRA,CPI,TOT,AGRWTH,Q,France,Inflation (CPI),Total,Annual growth rate (%),Quarterly
quarterly,OECD,DP_LIVE,OECD Data Live dataset,FRA.CPI.TOT.AGRWTH.Q,France – Inflation (CPI) – Total – Annual growth rate (%) – Quarterly,1973-Q2,1973-04-01,7.095411,7.095411,FRA,CPI,TOT,AGRWTH,Q,France,Inflation (CPI),Total,Annual growth rate (%),Quarterly
quarterly,OECD,DP_LIVE,OECD Data Live dataset,FRA.CPI.TOT.AGRWTH.Q,France – Inflation (CPI) – Total – Annual growth rate (%) – Quarterly,1973-Q3,1973-07-01,7.612559,7.612559,FRA,CPI,TOT,AGRWTH,Q,France,Inflation (CPI),Total,Annual growth rate (%),Quarterly
quarterly,OECD,DP_LIVE,OECD Data Live dataset,FRA.CPI.TOT.AGRWTH.Q,France – Inflation (CPI) – Total – Annual growth rate (%) – Quarterly,1973-Q4,1973-10-01,8.299478,8.299478,FRA,CPI,TOT,AGRWTH,Q,France,Inflation (CPI),Total,Annual growth rate (%),Quarterly
quarterly,OECD,DP_LIVE,OECD Data Live dataset,FRA.CPI.TOT.AGRWTH.Q,France – Inflation (CPI) – Total – Annual growth rate (%) – Quarterly,1974-Q1,1974-01-01,11.33161,11.33161,FRA,CPI,TOT,AGRWTH,Q,France,Inflation (CPI),Total,Annual growth rate (%),Quarterly
quarterly,OECD,DP_LIVE,OECD Data Live dataset,FRA.CPI.TOT.AGRWTH.Q,France – Inflation (CPI) – Total – Annual growth rate (%) – Quarterly,1974-Q2,1974-04-01,13.56076,13.56076,FRA,CPI,TOT,AGRWTH,Q,France,Inflation (CPI),Total,Annual growth rate (%),Quarterly
quarterly,OECD,DP_LIVE,OECD Data Live dataset,FRA.CPI.TOT.AGRWTH.Q,France – Inflation (CPI) – Total – Annual growth rate (%) – Quarterly,1974-Q3,1974-07-01,14.56097,14.56097,FRA,CPI,TOT,AGRWTH,Q,France,Inflation (CPI),Total,Annual growth rate (%),Quarterly
quarterly,OECD,DP_LIVE,OECD Data Live dataset,FRA.CPI.TOT.AGRWTH.Q,France – Inflation (CPI) – Total – Annual growth rate (%) – Quarterly,1974-Q4,1974-10-01,15.00536,15.00536,FRA,CPI,TOT,AGRWTH,Q,France,Inflation (CPI),Total,Annual growth rate (%),Quarterly
quarterly,OECD,DP_LIVE,OECD Data Live dataset,FRA.CPI.TOT.AGRWTH.Q,France – Inflation (CPI) – Total – Annual growth rate (%) – Quarterly,1975-Q1,1975-01-01,13.94988,13.94988,FRA,CPI,TOT,AGRWTH,Q,France,Inflation (CPI),Total,Annual growth rate (%),Quarterly
quarterly,OECD,DP_LIVE,OECD Data Live dataset,FRA.CPI.TOT.AGRWTH.Q,France – Inflation (CPI) – Total – Annual growth rate (%) – Quarterly,1975-Q2,1975-04-01,12.16485,12.16485,FRA,CPI,TOT,AGRWTH,Q,France,Inflation (CPI),Total,Annual growth rate (%),Quarterly
quarterly,OECD,DP_LIVE,OECD Data Live dataset,FRA.CPI.TOT.AGRWTH.Q,France – Inflation (CPI) – Total – Annual growth rate (%) – Quarterly,1975-Q3,1975-07-01,10.93224,10.93224,FRA,CPI,TOT,AGRWTH,Q,France,Inflation (CPI),Total,Annual growth rate (%),Quarterly
quarterly,OECD,DP_LIVE,OECD Data Live dataset,FRA.CPI.TOT.AGRWTH.Q,France – Inflation (CPI) – Total – Annual growth rate (%) – Quarterly,1975-Q4,1975-10-01,9.925443,9.925443,FRA,CPI,TOT,AGRWTH,Q,France,Inflation (CPI),Total,Annual growth rate (%),Quarterly
quarterly,OECD,DP_LIVE,OECD Data Live dataset,FRA.CPI.TOT.AGRWTH.Q,France – Inflation (CPI) – Total – Annual growth rate (%) – Quarterly,1976-Q1,1976-01-01,9.566992,9.566992,FRA,CPI,TOT,AGRWTH,Q,France,Inflation (CPI),Total,Annual growth rate (%),Quarterly
quarterly,OECD,DP_LIVE,OECD Data Live dataset,FRA.CPI.TOT.AGRWTH.Q,France – Inflation (CPI) – Total – Annual growth rate (%) – Quarterly,1976-Q2,1976-04-01,9.406817,9.406817,FRA,CPI,TOT,AGRWTH,Q,France,Inflation (CPI),Total,Annual growth rate (%),Quarterly
quarterly,OECD,DP_LIVE,OECD Data Live dataset,FRA.CPI.TOT.AGRWTH.Q,France – Inflation (CPI) – Total – Annual growth rate (%) – Quarterly,1976-Q3,1976-07-01,9.551657,9.551657,FRA,CPI,TOT,AGRWTH,Q,France,Inflation (CPI),Total,Annual growth rate (%),Quarterly
quarterly,OECD,DP_LIVE,OECD Data Live dataset,FRA.CPI.TOT.AGRWTH.Q,France – Inflation (CPI) – Total – Annual growth rate (%) – Quarterly,1976-Q4,1976-10-01,9.961848,9.961848,FRA,CPI,TOT,AGRWTH,Q,France,Inflation (CPI),Total,Annual growth rate (%),Quarterly
quarterly,OECD,DP_LIVE,OECD Data Live dataset,FRA.CPI.TOT.AGRWTH.Q,France – Inflation (CPI) – Total – Annual growth rate (%) – Quarterly,1977-Q1,1977-01-01,9.021312,9.021312,FRA,CPI,TOT,AGRWTH,Q,France,Inflation (CPI),Total,Annual growth rate (%),Quarterly
quarterly,OECD,DP_LIVE,OECD Data Live dataset,FRA.CPI.TOT.AGRWTH.Q,France – Inflation (CPI) – Total – Annual growth rate (%) – Quarterly,1977-Q2,1977-04-01,9.852317,9.852317,FRA,CPI,TOT,AGRWTH,Q,France,Inflation (CPI),Total,Annual growth rate (%),Quarterly
quarterly,OECD,DP_LIVE,OECD Data Live dataset,FRA.CPI.TOT.AGRWTH.Q,France – Inflation (CPI) – Total – Annual growth rate (%) – Quarterly,1977-Q3,1977-07-01,9.905101,9.905101,FRA,CPI,TOT,AGRWTH,Q,France,Inflation (CPI),Total,Annual growth rate (%),Quarterly
quarterly,OECD,DP_LIVE,OECD Data Live dataset,FRA.CPI.TOT.AGRWTH.Q,France – Inflation (CPI) – Total – Annual growth rate (%) – Quarterly,1977-Q4,1977-10-01,9.194295,9.194295,FRA,CPI,TOT,AGRWTH,Q,France,Inflation (CPI),Total,Annual growth rate (%),Quarterly
quarterly,OECD,DP_LIVE,OECD Data Live dataset,FRA.CPI.TOT.AGRWTH.Q,France – Inflation (CPI) – Total – Annual growth rate (%) – Quarterly,1978-Q1,1978-01-01,9.204782,9.204782,FRA,CPI,TOT,AGRWTH,Q,France,Inflation (CPI),Total,Annual growth rate (%),Quarterly
quarterly,OECD,DP_LIVE,OECD Data Live dataset,FRA.CPI.TOT.AGRWTH.Q,France – Inflation (CPI) – Total – Annual growth rate (%) – Quarterly,1978-Q2,1978-04-01,8.987108,8.987108,FRA,CPI,TOT,AGRWTH,Q,France,Inflation (CPI),Total,Annual growth rate (%),Quarterly
quarterly,OECD,DP_LIVE,OECD Data Live dataset,FRA.CPI.TOT.AGRWTH.Q,France – Inflation (CPI) – Total – Annual growth rate (%) – Quarterly,1978-Q3,1978-07-01,9.300234,9.300234,FRA,CPI,TOT,AGRWTH,Q,France,Inflation (CPI),Total,Annual growth rate (%),Quarterly
quarterly,OECD,DP_LIVE,OECD Data Live dataset,FRA.CPI.TOT.AGRWTH.Q,France – Inflation (CPI) – Total – Annual growth rate (%) – Quarterly,1978-Q4,1978-10-01,9.496911,9.496911,FRA,CPI,TOT,AGRWTH,Q,France,Inflation (CPI),Total,Annual growth rate (%),Quarterly
quarterly,OECD,DP_LIVE,OECD Data Live dataset,FRA.CPI.TOT.AGRWTH.Q,France – Inflation (CPI) – Total – Annual growth rate (%) – Quarterly,1979-Q1,1979-01-01,10.14946,10.14946,FRA,CPI,TOT,AGRWTH,Q,France,Inflation (CPI),Total,Annual growth rate (%),Quarterly
quarterly,OECD,DP_LIVE,OECD Data Live dataset,FRA.CPI.TOT.AGRWTH.Q,France – Inflation (CPI) – Total – Annual growth rate (%) – Quarterly,1979-Q2,1979-04-01,10.12166,10.12166,FRA,CPI,TOT,AGRWTH,Q,France,Inflation (CPI),Total,Annual growth rate (%),Quarterly
quarterly,OECD,DP_LIVE,OECD Data Live dataset,FRA.CPI.TOT.AGRWTH.Q,France – Inflation (CPI) – Total – Annual growth rate (%) – Quarterly,1979-Q3,1979-07-01,10.73074,10.73074,FRA,CPI,TOT,AGRWTH,Q,France,Inflation (CPI),Total,Annual growth rate (%),Quarterly
quarterly,OECD,DP_LIVE,OECD Data Live dataset,FRA.CPI.TOT.AGRWTH.Q,France – Inflation (CPI) – Total – Annual growth rate (%) – Quarterly,1979-Q4,1979-10-01,11.52668,11.52668,FRA,CPI,TOT,AGRWTH,Q,France,Inflation (CPI),Total,Annual growth rate (%),Quarterly
quarterly,OECD,DP_LIVE,OECD Data Live dataset,FRA.CPI.TOT.AGRWTH.Q,France – Inflation (CPI) – Total – Annual growth rate (%) – Quarterly,1980-Q1,1980-01-01,13.31536,13.31536,FRA,CPI,TOT,AGRWTH,Q,France,Inflation (CPI),Total,Annual growth rate (%),Quarterly
quarterly,OECD,DP_LIVE,OECD Data Live dataset,FRA.CPI.TOT.AGRWTH.Q,France – Inflation (CPI) – Total – Annual growth rate (%) – Quarterly,1980-Q2,1980-04-01,13.71311,13.71311,FRA,CPI,TOT,AGRWTH,Q,France,Inflation (CPI),Total,Annual growth rate (%),Quarterly
quarterly,OECD,DP_LIVE,OECD Data Live dataset,FRA.CPI.TOT.AGRWTH.Q,France – Inflation (CPI) – Total – Annual growth rate (%) – Quarterly,1980-Q3,1980-07-01,13.62169,13.62169,FRA,CPI,TOT,AGRWTH,Q,France,Inflation (CPI),Total,Annual growth rate (%),Quarterly
quarterly,OECD,DP_LIVE,OECD Data Live dataset,FRA.CPI.TOT.AGRWTH.Q,France – Inflation (CPI) – Total – Annual growth rate (%) – Quarterly,1980-Q4,1980-10-01,13.58977,13.58977,FRA,CPI,TOT,AGRWTH,Q,France,Inflation (CPI),Total,Annual growth rate (%),Quarterly
quarterly,OECD,DP_LIVE,OECD Data Live dataset,FRA.CPI.TOT.AGRWTH.Q,France – Inflation (CPI) – Total – Annual growth rate (%) – Quarterly,1981-Q1,1981-01-01,12.67063,12.67063,FRA,CPI,TOT,AGRWTH,Q,France,Inflation (CPI),Total,Annual growth rate (%),Quarterly
quarterly,OECD,DP_LIVE,OECD Data Live dataset,FRA.CPI.TOT.AGRWTH.Q,France – Inflation (CPI) – Total – Annual growth rate (%) – Quarterly,1981-Q2,1981-04-01,12.78833,12.78833,FRA,CPI,TOT,AGRWTH,Q,France,Inflation (CPI),Total,Annual growth rate (%),Quarterly
quarterly,OECD,DP_LIVE,OECD Data Live dataset,FRA.CPI.TOT.AGRWTH.Q,France – Inflation (CPI) – Total – Annual growth rate (%) – Quarterly,1981-Q3,1981-07-01,13.61394,13.61394,FRA,CPI,TOT,AGRWTH,Q,France,Inflation (CPI),Total,Annual growth rate (%),Quarterly
quarterly,OECD,DP_LIVE,OECD Data Live dataset,FRA.CPI.TOT.AGRWTH.Q,France – Inflation (CPI) – Total – Annual growth rate (%) – Quarterly,1981-Q4,1981-10-01,14.10749,14.10749,FRA,CPI,TOT,AGRWTH,Q,France,Inflation (CPI),Total,Annual growth rate (%),Quarterly
quarterly,OECD,DP_LIVE,OECD Data Live dataset,FRA.CPI.TOT.AGRWTH.Q,France – Inflation (CPI) – Total – Annual growth rate (%) – Quarterly,1982-Q1,1982-01-01,13.9795,13.9795,FRA,CPI,TOT,AGRWTH,Q,France,Inflation (CPI),Total,Annual growth rate (%),Quarterly
quarterly,OECD,DP_LIVE,OECD Data Live dataset,FRA.CPI.TOT.AGRWTH.Q,France – Inflation (CPI) – Total – Annual growth rate (%) – Quarterly,1982-Q2,1982-04-01,13.74436,13.74436,FRA,CPI,TOT,AGRWTH,Q,France,Inflation (CPI),Total,Annual growth rate (%),Quarterly
quarterly,OECD,DP_LIVE,OECD Data Live dataset,FRA.CPI.TOT.AGRWTH.Q,France – Inflation (CPI) – Total – Annual growth rate (%) – Quarterly,1982-Q3,1982-07-01,10.99855,10.99855,FRA,CPI,TOT,AGRWTH,Q,France,Inflation (CPI),Total,Annual growth rate (%),Quarterly
quarterly,OECD,DP_LIVE,OECD Data Live dataset,FRA.CPI.TOT.AGRWTH.Q,France – Inflation (CPI) – Total – Annual growth rate (%) – Quarterly,1982-Q4,1982-10-01,9.47575,9.47575,FRA,CPI,TOT,AGRWTH,Q,France,Inflation (CPI),Total,Annual growth rate (%),Quarterly
quarterly,OECD,DP_LIVE,OECD Data Live dataset,FRA.CPI.TOT.AGRWTH.Q,France – Inflation (CPI) – Total – Annual growth rate (%) – Quarterly,1983-Q1,1983-01-01,9.26683,9.26683,FRA,CPI,TOT,AGRWTH,Q,France,Inflation (CPI),Total,Annual growth rate (%),Quarterly
quarterly,OECD,DP_LIVE,OECD Data Live dataset,FRA.CPI.TOT.AGRWTH.Q,France – Inflation (CPI) – Total – Annual growth rate (%) – Quarterly,1983-Q2,1983-04-01,8.963511,8.963511,FRA,CPI,TOT,AGRWTH,Q,France,Inflation (CPI),Total,Annual growth rate (%),Quarterly
quarterly,OECD,DP_LIVE,OECD Data Live dataset,FRA.CPI.TOT.AGRWTH.Q,France – Inflation (CPI) – Total – Annual growth rate (%) – Quarterly,1983-Q3,1983-07-01,9.752281,9.752281,FRA,CPI,TOT,AGRWTH,Q,France,Inflation (CPI),Total,Annual growth rate (%),Quarterly
quarterly,OECD,DP_LIVE,OECD Data Live dataset,FRA.CPI.TOT.AGRWTH.Q,France – Inflation (CPI) – Total – Annual growth rate (%) – Quarterly,1983-Q4,1983-10-01,9.833547,9.833547,FRA,CPI,TOT,AGRWTH,Q,France,Inflation (CPI),Total,Annual growth rate (%),Quarterly
quarterly,OECD,DP_LIVE,OECD Data Live dataset,FRA.CPI.TOT.AGRWTH.Q,France – Inflation (CPI) – Total – Annual growth rate (%) – Quarterly,1984-Q1,1984-01-01,8.830132,8.830132,FRA,CPI,TOT,AGRWTH,Q,France,Inflation (CPI),Total,Annual growth rate (%),Quarterly
quarterly,OECD,DP_LIVE,OECD Data Live dataset,FRA.CPI.TOT.AGRWTH.Q,France – Inflation (CPI) – Total – Annual growth rate (%) – Quarterly,1984-Q2,1984-04-01,7.789371,7.789371,FRA,CPI,TOT,AGRWTH,Q,France,Inflation (CPI),Total,Annual growth rate (%),Quarterly
quarterly,OECD,DP_LIVE,OECD Data Live dataset,FRA.CPI.TOT.AGRWTH.Q,France – Inflation (CPI) – Total – Annual growth rate (%) – Quarterly,1984-Q3,1984-07-01,7.317653,7.317653,FRA,CPI,TOT,AGRWTH,Q,France,Inflation (CPI),Total,Annual growth rate (%),Quarterly
quarterly,OECD,DP_LIVE,OECD Data Live dataset,FRA.CPI.TOT.AGRWTH.Q,France – Inflation (CPI) – Total – Annual growth rate (%) – Quarterly,1984-Q4,1984-10-01,6.831429,6.831429,FRA,CPI,TOT,AGRWTH,Q,France,Inflation (CPI),Total,Annual growth rate (%),Quarterly
quarterly,OECD,DP_LIVE,OECD Data Live dataset,FRA.CPI.TOT.AGRWTH.Q,France – Inflation (CPI) – Total – Annual growth rate (%) – Quarterly,1985-Q1,1985-01-01,6.440523,6.440523,FRA,CPI,TOT,AGRWTH,Q,France,Inflation (CPI),Total,Annual growth rate (%),Quarterly
quarterly,OECD,DP_LIVE,OECD Data Live dataset,FRA.CPI.TOT.AGRWTH.Q,France – Inflation (CPI) – Total – Annual growth rate (%) – Quarterly,1985-Q2,1985-04-01,6.461053,6.461053,FRA,CPI,TOT,AGRWTH,Q,France,Inflation (CPI),Total,Annual growth rate (%),Quarterly
quarterly,OECD,DP_LIVE,OECD Data Live dataset,FRA.CPI.TOT.AGRWTH.Q,France – Inflation (CPI) – Total – Annual growth rate (%) – Quarterly,1985-Q3,1985-07-01,5.667479,5.667479,FRA,CPI,TOT,AGRWTH,Q,France,Inflation (CPI),Total,Annual growth rate (%),Quarterly
quarterly,OECD,DP_LIVE,OECD Data Live dataset,FRA.CPI.TOT.AGRWTH.Q,France – Inflation (CPI) – Total – Annual growth rate (%) – Quarterly,1985-Q4,1985-10-01,4.801397,4.801397,FRA,CPI,TOT,AGRWTH,Q,France,Inflation (CPI),Total,Annual growth rate (%),Quarterly
quarterly,OECD,DP_LIVE,OECD Data Live dataset,FRA.CPI.TOT.AGRWTH.Q,France – Inflation (CPI) – Total – Annual growth rate (%) – Quarterly,1986-Q1,1986-01-01,3.531438,3.531438,FRA,CPI,TOT,AGRWTH,Q,France,Inflation (CPI),Total,Annual growth rate (%),Quarterly
quarterly,OECD,DP_LIVE,OECD Data Live dataset,FRA.CPI.TOT.AGRWTH.Q,France – Inflation (CPI) – Total – Annual growth rate (%) – Quarterly,1986-Q2,1986-04-01,2.410658,2.410658,FRA,CPI,TOT,AGRWTH,Q,France,Inflation (CPI),Total,Annual growth rate (%),Quarterly
quarterly,OECD,DP_LIVE,OECD Data Live dataset,FRA.CPI.TOT.AGRWTH.Q,France – Inflation (CPI) – Total – Annual growth rate (%) – Quarterly,1986-Q3,1986-07-01,2.095118,2.095118,FRA,CPI,TOT,AGRWTH,Q,France,Inflation (CPI),Total,Annual growth rate (%),Quarterly
quarterly,OECD,DP_LIVE,OECD Data Live dataset,FRA.CPI.TOT.AGRWTH.Q,France – Inflation (CPI) – Total – Annual growth rate (%) – Quarterly,1986-Q4,1986-10-01,2.14494,2.14494,FRA,CPI,TOT,AGRWTH,Q,France,Inflation (CPI),Total,Annual growth rate (%),Quarterly
quarterly,OECD,DP_LIVE,OECD Data Live dataset,FRA.CPI.TOT.AGRWTH.Q,France – Inflation (CPI) – Total – Annual growth rate (%) – Quarterly,1987-Q1,1987-01-01,3.244592,3.244592,FRA,CPI,TOT,AGRWTH,Q,France,Inflation (CPI),Total,Annual growth rate (%),Quarterly
quarterly,OECD,DP_LIVE,OECD Data Live dataset,FRA.CPI.TOT.AGRWTH.Q,France – Inflation (CPI) – Total – Annual growth rate (%) – Quarterly,1987-Q2,1987-04-01,3.386331,3.386331,FRA,CPI,TOT,AGRWTH,Q,France,Inflation (CPI),Total,Annual growth rate (%),Quarterly
quarterly,OECD,DP_LIVE,OECD Data Live dataset,FRA.CPI.TOT.AGRWTH.Q,France – Inflation (CPI) – Total – Annual growth rate (%) – Quarterly,1987-Q3,1987-07-01,3.365483,3.365483,FRA,CPI,TOT,AGRWTH,Q,France,Inflation (CPI),Total,Annual growth rate (%),Quarterly
quarterly,OECD,DP_LIVE,OECD Data Live dataset,FRA.CPI.TOT.AGRWTH.Q,France – Inflation (CPI) – Total – Annual growth rate (%) – Quarterly,1987-Q4,1987-10-01,3.160041,3.160041,FRA,CPI,TOT,AGRWTH,Q,France,Inflation (CPI),Total,Annual growth rate (%),Quarterly
quarterly,OECD,DP_LIVE,OECD Data Live dataset,FRA.CPI.TOT.AGRWTH.Q,France – Inflation (CPI) – Total – Annual growth rate (%) – Quarterly,1988-Q1,1988-01-01,2.417405,2.417405,FRA,CPI,TOT,AGRWTH,Q,France,Inflation (CPI),Total,Annual growth rate (%),Quarterly
quarterly,OECD,DP_LIVE,OECD Data Live dataset,FRA.CPI.TOT.AGRWTH.Q,France – Inflation (CPI) – Total – Annual growth rate (%) – Quarterly,1988-Q2,1988-04-01,2.536449,2.536449,FRA,CPI,TOT,AGRWTH,Q,France,Inflation (CPI),Total,Annual growth rate (%),Quarterly
quarterly,OECD,DP_LIVE,OECD Data Live dataset,FRA.CPI.TOT.AGRWTH.Q,France – Inflation (CPI) – Total – Annual growth rate (%) – Quarterly,1988-Q3,1988-07-01,2.838991,2.838991,FRA,CPI,TOT,AGRWTH,Q,France,Inflation (CPI),Total,Annual growth rate (%),Quarterly
quarterly,OECD,DP_LIVE,OECD Data Live dataset,FRA.CPI.TOT.AGRWTH.Q,France – Inflation (CPI) – Total – Annual growth rate (%) – Quarterly,1988-Q4,1988-10-01,3.003953,3.003953,FRA,CPI,TOT,AGRWTH,Q,France,Inflation (CPI),Total,Annual growth rate (%),Quarterly
quarterly,OECD,DP_LIVE,OECD Data Live dataset,FRA.CPI.TOT.AGRWTH.Q,France – Inflation (CPI) – Total – Annual growth rate (%) – Quarterly,1989-Q1,1989-01-01,3.383163,3.383163,FRA,CPI,TOT,AGRWTH,Q,France,Inflation (CPI),Total,Annual growth rate (%),Quarterly
quarterly,OECD,DP_LIVE,OECD Data Live dataset,FRA.CPI.TOT.AGRWTH.Q,France – Inflation (CPI) – Total – Annual growth rate (%) – Quarterly,1989-Q2,1989-04-01,3.622906,3.622906,FRA,CPI,TOT,AGRWTH,Q,France,Inflation (CPI),Total,Annual growth rate (%),Quarterly
quarterly,OECD,DP_LIVE,OECD Data Live dataset,FRA.CPI.TOT.AGRWTH.Q,France – Inflation (CPI) – Total – Annual growth rate (%) – Quarterly,1989-Q3,1989-07-01,3.397683,3.397683,FRA,CPI,TOT,AGRWTH,Q,France,Inflation (CPI),Total,Annual growth rate (%),Quarterly
quarterly,OECD,DP_LIVE,OECD Data Live dataset,FRA.CPI.TOT.AGRWTH.Q,France – Inflation (CPI) – Total – Annual growth rate (%) – Quarterly,1989-Q4,1989-10-01,3.587874,3.587874,FRA,CPI,TOT,AGRWTH,Q,France,Inflation (CPI),Total,Annual growth rate (%),Quarterly
quarterly,OECD,DP_LIVE,OECD Data Live dataset,FRA.CPI.TOT.AGRWTH.Q,France – Inflation (CPI) – Total – Annual growth rate (%) – Quarterly,1990-Q1,1990-01-01,3.367018,3.367018,FRA,CPI,TOT,AGRWTH,Q,France,Inflation (CPI),Total,Annual growth rate (%),Quarterly
quarterly,OECD,DP_LIVE,OECD Data Live dataset,FRA.CPI.TOT.AGRWTH.Q,France – Inflation (CPI) – Total – Annual growth rate (%) – Quarterly,1990-Q2,1990-04-01,3.023542,3.023542,FRA,CPI,TOT,AGRWTH,Q,France,Inflation (CPI),Total,Annual growth rate (%),Quarterly
quarterly,OECD,DP_LIVE,OECD Data Live dataset,FRA.CPI.TOT.AGRWTH.Q,France – Inflation (CPI) – Total – Annual growth rate (%) – Quarterly,1990-Q3,1990-07-01,3.092998,3.092998,FRA,CPI,TOT,AGRWTH,Q,France,Inflation (CPI),Total,Annual growth rate (%),Quarterly
quarterly,OECD,DP_LIVE,OECD Data Live dataset,FRA.CPI.TOT.AGRWTH.Q,France – Inflation (CPI) – Total – Annual growth rate (%) – Quarterly,1990-Q4,1990-10-01,3.294841,3.294841,FRA,CPI,TOT,AGRWTH,Q,France,Inflation (CPI),Total,Annual growth rate (%),Quarterly
quarterly,OECD,DP_LIVE,OECD Data Live dataset,FRA.CPI.TOT.AGRWTH.Q,France – Inflation (CPI) – Total – Annual growth rate (%) – Quarterly,1991-Q1,1991-01-01,3.36004,3.36004,FRA,CPI,TOT,AGRWTH,Q,France,Inflation (CPI),Total,Annual growth rate (%),Quarterly
quarterly,OECD,DP_LIVE,OECD Data Live dataset,FRA.CPI.TOT.AGRWTH.Q,France – Inflation (CPI) – Total – Annual growth rate (%) – Quarterly,1991-Q2,1991-04-01,3.290976,3.290976,FRA,CPI,TOT,AGRWTH,Q,France,Inflation (CPI),Total,Annual growth rate (%),Quarterly
quarterly,OECD,DP_LIVE,OECD Data Live dataset,FRA.CPI.TOT.AGRWTH.Q,France – Inflation (CPI) – Total – Annual growth rate (%) – Quarterly,1991-Q3,1991-07-01,3.202601,3.202601,FRA,CPI,TOT,AGRWTH,Q,France,Inflation (CPI),Total,Annual growth rate (%),Quarterly
quarterly,OECD,DP_LIVE,OECD Data Live dataset,FRA.CPI.TOT.AGRWTH.Q,France – Inflation (CPI) – Total – Annual growth rate (%) – Quarterly,1991-Q4,1991-10-01,3.005025,3.005025,FRA,CPI,TOT,AGRWTH,Q,France,Inflation (CPI),Total,Annual growth rate (%),Quarterly
quarterly,OECD,DP_LIVE,OECD Data Live dataset,FRA.CPI.TOT.AGRWTH.Q,France – Inflation (CPI) – Total – Annual growth rate (%) – Quarterly,1992-Q1,1992-01-01,2.780873,2.780873,FRA,CPI,TOT,AGRWTH,Q,France,Inflation (CPI),Total,Annual growth rate (%),Quarterly
quarterly,OECD,DP_LIVE,OECD Data Live dataset,FRA.CPI.TOT.AGRWTH.Q,France – Inflation (CPI) – Total – Annual growth rate (%) – Quarterly,1992-Q2,1992-04-01,2.734394,2.734394,FRA,CPI,TOT,AGRWTH,Q,France,Inflation (CPI),Total,Annual growth rate (%),Quarterly
quarterly,OECD,DP_LIVE,OECD Data Live dataset,FRA.CPI.TOT.AGRWTH.Q,France – Inflation (CPI) – Total – Annual growth rate (%) – Quarterly,1992-Q3,1992-07-01,2.134059,2.134059,FRA,CPI,TOT,AGRWTH,Q,France,Inflation (CPI),Total,Annual growth rate (%),Quarterly
quarterly,OECD,DP_LIVE,OECD Data Live dataset,FRA.CPI.TOT.AGRWTH.Q,France – Inflation (CPI) – Total – Annual growth rate (%) – Quarterly,1992-Q4,1992-10-01,1.818612,1.818612,FRA,CPI,TOT,AGRWTH,Q,France,Inflation (CPI),Total,Annual growth rate (%),Quarterly
quarterly,OECD,DP_LIVE,OECD Data Live dataset,FRA.CPI.TOT.AGRWTH.Q,France – Inflation (CPI) – Total – Annual growth rate (%) – Quarterly,1993-Q1,1993-01-01,2.139995,2.139995,FRA,CPI,TOT,AGRWTH,Q,France,Inflation (CPI),Total,Annual growth rate (%),Quarterly
quarterly,OECD,DP_LIVE,OECD Data Live dataset,FRA.CPI.TOT.AGRWTH.Q,France – Inflation (CPI) – Total – Annual growth rate (%) – Quarterly,1993-Q2,1993-04-01,2.025447,2.025447,FRA,CPI,TOT,AGRWTH,Q,France,Inflation (CPI),Total,Annual growth rate (%),Quarterly
quarterly,OECD,DP_LIVE,OECD Data Live dataset,FRA.CPI.TOT.AGRWTH.Q,France – Inflation (CPI) – Total – Annual growth rate (%) – Quarterly,1993-Q3,1993-07-01,2.154911,2.154911,FRA,CPI,TOT,AGRWTH,Q,France,Inflation (CPI),Total,Annual growth rate (%),Quarterly
quarterly,OECD,DP_LIVE,OECD Data Live dataset,FRA.CPI.TOT.AGRWTH.Q,France – Inflation (CPI) – Total – Annual growth rate (%) – Quarterly,1993-Q4,1993-10-01,2.097772,2.097772,FRA,CPI,TOT,AGRWTH,Q,France,Inflation (CPI),Total,Annual growth rate (%),Quarterly
quarterly,OECD,DP_LIVE,OECD Data Live dataset,FRA.CPI.TOT.AGRWTH.Q,France – Inflation (CPI) – Total – Annual growth rate (%) – Quarterly,1994-Q1,1994-01-01,1.698279,1.698279,FRA,CPI,TOT,AGRWTH,Q,France,Inflation (CPI),Total,Annual growth rate (%),Quarterly
quarterly,OECD,DP_LIVE,OECD Data Live dataset,FRA.CPI.TOT.AGRWTH.Q,France – Inflation (CPI) – Total – Annual growth rate (%) – Quarterly,1994-Q2,1994-04-01,1.696392,1.696392,FRA,CPI,TOT,AGRWTH,Q,France,Inflation (CPI),Total,Annual growth rate (%),Quarterly
quarterly,OECD,DP_LIVE,OECD Data Live dataset,FRA.CPI.TOT.AGRWTH.Q,France – Inflation (CPI) – Total – Annual growth rate (%) – Quarterly,1994-Q3,1994-07-01,1.624417,1.624417,FRA,CPI,TOT,AGRWTH,Q,France,Inflation (CPI),Total,Annual growth rate (%),Quarterly
quarterly,OECD,DP_LIVE,OECD Data Live dataset,FRA.CPI.TOT.AGRWTH.Q,France – Inflation (CPI) – Total – Annual growth rate (%) – Quarterly,1994-Q4,1994-10-01,1.603645,1.603645,FRA,CPI,TOT,AGRWTH,Q,France,Inflation (CPI),Total,Annual growth rate (%),Quarterly
quarterly,OECD,DP_LIVE,OECD Data Live dataset,FRA.CPI.TOT.AGRWTH.Q,France – Inflation (CPI) – Total – Annual growth rate (%) – Quarterly,1995-Q1,1995-01-01,1.760675,1.760675,FRA,CPI,TOT,AGRWTH,Q,France,Inflation (CPI),Total,Annual growth rate (%),Quarterly
quarterly,OECD,DP_LIVE,OECD Data Live dataset,FRA.CPI.TOT.AGRWTH.Q,France – Inflation (CPI) – Total – Annual growth rate (%) – Quarterly,1995-Q2,1995-04-01,1.632027,1.632027,FRA,CPI,TOT,AGRWTH,Q,France,Inflation (CPI),Total,Annual growth rate (%),Quarterly
quarterly,OECD,DP_LIVE,OECD Data Live dataset,FRA.CPI.TOT.AGRWTH.Q,France – Inflation (CPI) – Total – Annual growth rate (%) – Quarterly,1995-Q3,1995-07-01,1.810077,1.810077,FRA,CPI,TOT,AGRWTH,Q,France,Inflation (CPI),Total,Annual growth rate (%),Quarterly
quarterly,OECD,DP_LIVE,OECD Data Live dataset,FRA.CPI.TOT.AGRWTH.Q,France – Inflation (CPI) – Total – Annual growth rate (%) – Quarterly,1995-Q4,1995-10-01,1.981885,1.981885,FRA,CPI,TOT,AGRWTH,Q,France,Inflation (CPI),Total,Annual growth rate (%),Quarterly
quarterly,OECD,DP_LIVE,OECD Data Live dataset,FRA.CPI.TOT.AGRWTH.Q,France – Inflation (CPI) – Total – Annual growth rate (%) – Quarterly,1996-Q1,1996-01-01,2.109253,2.109253,FRA,CPI,TOT,AGRWTH,Q,France,Inflation (CPI),Total,Annual growth rate (%),Quarterly
quarterly,OECD,DP_LIVE,OECD Data Live dataset,FRA.CPI.TOT.AGRWTH.Q,France – Inflation (CPI) – Total – Annual growth rate (%) – Quarterly,1996-Q2,1996-04-01,2.359934,2.359934,FRA,CPI,TOT,AGRWTH,Q,France,Inflation (CPI),Total,Annual growth rate (%),Quarterly
quarterly,OECD,DP_LIVE,OECD Data Live dataset,FRA.CPI.TOT.AGRWTH.Q,France – Inflation (CPI) – Total – Annual growth rate (%) – Quarterly,1996-Q3,1996-07-01,1.826545,1.826545,FRA,CPI,TOT,AGRWTH,Q,France,Inflation (CPI),Total,Annual growth rate (%),Quarterly
quarterly,OECD,DP_LIVE,OECD Data Live dataset,FRA.CPI.TOT.AGRWTH.Q,France – Inflation (CPI) – Total – Annual growth rate (%) – Quarterly,1996-Q4,1996-10-01,1.639993,1.639993,FRA,CPI,TOT,AGRWTH,Q,France,Inflation (CPI),Total,Annual growth rate (%),Quarterly
quarterly,OECD,DP_LIVE,OECD Data Live dataset,FRA.CPI.TOT.AGRWTH.Q,France – Inflation (CPI) – Total – Annual growth rate (%) – Quarterly,1997-Q1,1997-01-01,1.454275,1.454275,FRA,CPI,TOT,AGRWTH,Q,France,Inflation (CPI),Total,Annual growth rate (%),Quarterly
quarterly,OECD,DP_LIVE,OECD Data Live dataset,FRA.CPI.TOT.AGRWTH.Q,France – Inflation (CPI) – Total – Annual growth rate (%) – Quarterly,1997-Q2,1997-04-01,0.9230769,0.9230769,FRA,CPI,TOT,AGRWTH,Q,France,Inflation (CPI),Total,Annual growth rate (%),Quarterly
quarterly,OECD,DP_LIVE,OECD Data Live dataset,FRA.CPI.TOT.AGRWTH.Q,France – Inflation (CPI) – Total – Annual growth rate (%) – Quarterly,1997-Q3,1997-07-01,1.281272,1.281272,FRA,CPI,TOT,AGRWTH,Q,France,Inflation (CPI),Total,Annual growth rate (%),Quarterly
quarterly,OECD,DP_LIVE,OECD Data Live dataset,FRA.CPI.TOT.AGRWTH.Q,France – Inflation (CPI) – Total – Annual growth rate (%) – Quarterly,1997-Q4,1997-10-01,1.15932,1.15932,FRA,CPI,TOT,AGRWTH,Q,France,Inflation (CPI),Total,Annual growth rate (%),Quarterly
quarterly,OECD,DP_LIVE,OECD Data Live dataset,FRA.CPI.TOT.AGRWTH.Q,France – Inflation (CPI) – Total – Annual growth rate (%) – Quarterly,1998-Q1,1998-01-01,0.7489992,0.7489992,FRA,CPI,TOT,AGRWTH,Q,France,Inflation (CPI),Total,Annual growth rate (%),Quarterly
quarterly,OECD,DP_LIVE,OECD Data Live dataset,FRA.CPI.TOT.AGRWTH.Q,France – Inflation (CPI) – Total – Annual growth rate (%) – Quarterly,1998-Q2,1998-04-01,0.9876331,0.9876331,FRA,CPI,TOT,AGRWTH,Q,France,Inflation (CPI),Total,Annual growth rate (%),Quarterly
quarterly,OECD,DP_LIVE,OECD Data Live dataset,FRA.CPI.TOT.AGRWTH.Q,France – Inflation (CPI) – Total – Annual growth rate (%) – Quarterly,1998-Q3,1998-07-01,0.6089455,0.6089455,FRA,CPI,TOT,AGRWTH,Q,France,Inflation (CPI),Total,Annual growth rate (%),Quarterly
quarterly,OECD,DP_LIVE,OECD Data Live dataset,FRA.CPI.TOT.AGRWTH.Q,France – Inflation (CPI) – Total – Annual growth rate (%) – Quarterly,1998-Q4,1998-10-01,0.260851,0.260851,FRA,CPI,TOT,AGRWTH,Q,France,Inflation (CPI),Total,Annual growth rate (%),Quarterly
quarterly,OECD,DP_LIVE,OECD Data Live dataset,FRA.CPI.TOT.AGRWTH.Q,France – Inflation (CPI) – Total – Annual growth rate (%) – Quarterly,1999-Q1,1999-01-01,0.2563555,0.2563555,FRA,CPI,TOT,AGRWTH,Q,France,Inflation (CPI),Total,Annual growth rate (%),Quarterly
quarterly,OECD,DP_LIVE,OECD Data Live dataset,FRA.CPI.TOT.AGRWTH.Q,France – Inflation (CPI) – Total – Annual growth rate (%) – Quarterly,1999-Q2,1999-04-01,0.3826856,0.3826856,FRA,CPI,TOT,AGRWTH,Q,France,Inflation (CPI),Total,Annual growth rate (%),Quarterly
quarterly,OECD,DP_LIVE,OECD Data Live dataset,FRA.CPI.TOT.AGRWTH.Q,France – Inflation (CPI) – Total – Annual growth rate (%) – Quarterly,1999-Q3,1999-07-01,0.520012,0.520012,FRA,CPI,TOT,AGRWTH,Q,France,Inflation (CPI),Total,Annual growth rate (%),Quarterly
quarterly,OECD,DP_LIVE,OECD Data Live dataset,FRA.CPI.TOT.AGRWTH.Q,France – Inflation (CPI) – Total – Annual growth rate (%) – Quarterly,1999-Q4,1999-10-01,0.9895078,0.9895078,FRA,CPI,TOT,AGRWTH,Q,France,Inflation (CPI),Total,Annual growth rate (%),Quarterly
quarterly,OECD,DP_LIVE,OECD Data Live dataset,FRA.CPI.TOT.AGRWTH.Q,France – Inflation (CPI) – Total – Annual growth rate (%) – Quarterly,2000-Q1,2000-01-01,1.461752,1.461752,FRA,CPI,TOT,AGRWTH,Q,France,Inflation (CPI),Total,Annual growth rate (%),Quarterly
quarterly,OECD,DP_LIVE,OECD Data Live dataset,FRA.CPI.TOT.AGRWTH.Q,France – Inflation (CPI) – Total – Annual growth rate (%) – Quarterly,2000-Q2,2000-04-01,1.423246,1.423246,FRA,CPI,TOT,AGRWTH,Q,France,Inflation (CPI),Total,Annual growth rate (%),Quarterly
quarterly,OECD,DP_LIVE,OECD Data Live dataset,FRA.CPI.TOT.AGRWTH.Q,France – Inflation (CPI) – Total – Annual growth rate (%) – Quarterly,2000-Q3,2000-07-01,1.903914,1.903914,FRA,CPI,TOT,AGRWTH,Q,France,Inflation (CPI),Total,Annual growth rate (%),Quarterly
quarterly,OECD,DP_LIVE,OECD Data Live dataset,FRA.CPI.TOT.AGRWTH.Q,France – Inflation (CPI) – Total – Annual growth rate (%) – Quarterly,2000-Q4,2000-10-01,1.913168,1.913168,FRA,CPI,TOT,AGRWTH,Q,France,Inflation (CPI),Total,Annual growth rate (%),Quarterly
quarterly,OECD,DP_LIVE,OECD Data Live dataset,FRA.CPI.TOT.AGRWTH.Q,France – Inflation (CPI) – Total – Annual growth rate (%) – Quarterly,2001-Q1,2001-01-01,1.306284,1.306284,FRA,CPI,TOT,AGRWTH,Q,France,Inflation (CPI),Total,Annual growth rate (%),Quarterly
quarterly,OECD,DP_LIVE,OECD Data Live dataset,FRA.CPI.TOT.AGRWTH.Q,France – Inflation (CPI) – Total – Annual growth rate (%) – Quarterly,2001-Q2,2001-04-01,2.050618,2.050618,FRA,CPI,TOT,AGRWTH,Q,France,Inflation (CPI),Total,Annual growth rate (%),Quarterly
quarterly,OECD,DP_LIVE,OECD Data Live dataset,FRA.CPI.TOT.AGRWTH.Q,France – Inflation (CPI) – Total – Annual growth rate (%) – Quarterly,2001-Q3,2001-07-01,1.776798,1.776798,FRA,CPI,TOT,AGRWTH,Q,France,Inflation (CPI),Total,Annual growth rate (%),Quarterly
quarterly,OECD,DP_LIVE,OECD Data Live dataset,FRA.CPI.TOT.AGRWTH.Q,France – Inflation (CPI) – Total – Annual growth rate (%) – Quarterly,2001-Q4,2001-10-01,1.404832,1.404832,FRA,CPI,TOT,AGRWTH,Q,France,Inflation (CPI),Total,Annual growth rate (%),Quarterly
quarterly,OECD,DP_LIVE,OECD Data Live dataset,FRA.CPI.TOT.AGRWTH.Q,France – Inflation (CPI) – Total – Annual growth rate (%) – Quarterly,2002-Q1,2002-01-01,2.15183,2.15183,FRA,CPI,TOT,AGRWTH,Q,France,Inflation (CPI),Total,Annual growth rate (%),Quarterly
quarterly,OECD,DP_LIVE,OECD Data Live dataset,FRA.CPI.TOT.AGRWTH.Q,France – Inflation (CPI) – Total – Annual growth rate (%) – Quarterly,2002-Q2,2002-04-01,1.624719,1.624719,FRA,CPI,TOT,AGRWTH,Q,France,Inflation (CPI),Total,Annual growth rate (%),Quarterly
quarterly,OECD,DP_LIVE,OECD Data Live dataset,FRA.CPI.TOT.AGRWTH.Q,France – Inflation (CPI) – Total – Annual growth rate (%) – Quarterly,2002-Q3,2002-07-01,1.774398,1.774398,FRA,CPI,TOT,AGRWTH,Q,France,Inflation (CPI),Total,Annual growth rate (%),Quarterly
quarterly,OECD,DP_LIVE,OECD Data Live dataset,FRA.CPI.TOT.AGRWTH.Q,France – Inflation (CPI) – Total – Annual growth rate (%) – Quarterly,2002-Q4,2002-10-01,2.145484,2.145484,FRA,CPI,TOT,AGRWTH,Q,France,Inflation (CPI),Total,Annual growth rate (%),Quarterly
quarterly,OECD,DP_LIVE,OECD Data Live dataset,FRA.CPI.TOT.AGRWTH.Q,France – Inflation (CPI) – Total – Annual growth rate (%) – Quarterly,2003-Q1,2003-01-01,2.366263,2.366263,FRA,CPI,TOT,AGRWTH,Q,France,Inflation (CPI),Total,Annual growth rate (%),Quarterly
quarterly,OECD,DP_LIVE,OECD Data Live dataset,FRA.CPI.TOT.AGRWTH.Q,France – Inflation (CPI) – Total – Annual growth rate (%) – Quarterly,2003-Q2,2003-04-01,1.912854,1.912854,FRA,CPI,TOT,AGRWTH,Q,France,Inflation (CPI),Total,Annual growth rate (%),Quarterly
quarterly,OECD,DP_LIVE,OECD Data Live dataset,FRA.CPI.TOT.AGRWTH.Q,France – Inflation (CPI) – Total – Annual growth rate (%) – Quarterly,2003-Q3,2003-07-01,1.93227,1.93227,FRA,CPI,TOT,AGRWTH,Q,France,Inflation (CPI),Total,Annual growth rate (%),Quarterly
quarterly,OECD,DP_LIVE,OECD Data Live dataset,FRA.CPI.TOT.AGRWTH.Q,France – Inflation (CPI) – Total – Annual growth rate (%) – Quarterly,2003-Q4,2003-10-01,2.184437,2.184437,FRA,CPI,TOT,AGRWTH,Q,France,Inflation (CPI),Total,Annual growth rate (%),Quarterly
quarterly,OECD,DP_LIVE,OECD Data Live dataset,FRA.CPI.TOT.AGRWTH.Q,France – Inflation (CPI) – Total – Annual growth rate (%) – Quarterly,2004-Q1,2004-01-01,1.800087,1.800087,FRA,CPI,TOT,AGRWTH,Q,France,Inflation (CPI),Total,Annual growth rate (%),Quarterly
quarterly,OECD,DP_LIVE,OECD Data Live dataset,FRA.CPI.TOT.AGRWTH.Q,France – Inflation (CPI) – Total – Annual growth rate (%) – Quarterly,2004-Q2,2004-04-01,2.390643,2.390643,FRA,CPI,TOT,AGRWTH,Q,France,Inflation (CPI),Total,Annual growth rate (%),Quarterly
quarterly,OECD,DP_LIVE,OECD Data Live dataset,FRA.CPI.TOT.AGRWTH.Q,France – Inflation (CPI) – Total – Annual growth rate (%) – Quarterly,2004-Q3,2004-07-01,2.285804,2.285804,FRA,CPI,TOT,AGRWTH,Q,France,Inflation (CPI),Total,Annual growth rate (%),Quarterly
quarterly,OECD,DP_LIVE,OECD Data Live dataset,FRA.CPI.TOT.AGRWTH.Q,France – Inflation (CPI) – Total – Annual growth rate (%) – Quarterly,2004-Q4,2004-10-01,2.090756,2.090756,FRA,CPI,TOT,AGRWTH,Q,France,Inflation (CPI),Total,Annual growth rate (%),Quarterly
quarterly,OECD,DP_LIVE,OECD Data Live dataset,FRA.CPI.TOT.AGRWTH.Q,France – Inflation (CPI) – Total – Annual growth rate (%) – Quarterly,2005-Q1,2005-01-01,1.721519,1.721519,FRA,CPI,TOT,AGRWTH,Q,France,Inflation (CPI),Total,Annual growth rate (%),Quarterly
quarterly,OECD,DP_LIVE,OECD Data Live dataset,FRA.CPI.TOT.AGRWTH.Q,France – Inflation (CPI) – Total – Annual growth rate (%) – Quarterly,2005-Q2,2005-04-01,1.701914,1.701914,FRA,CPI,TOT,AGRWTH,Q,France,Inflation (CPI),Total,Annual growth rate (%),Quarterly
quarterly,OECD,DP_LIVE,OECD Data Live dataset,FRA.CPI.TOT.AGRWTH.Q,France – Inflation (CPI) – Total – Annual growth rate (%) – Quarterly,2005-Q3,2005-07-01,1.88025,1.88025,FRA,CPI,TOT,AGRWTH,Q,France,Inflation (CPI),Total,Annual growth rate (%),Quarterly
quarterly,OECD,DP_LIVE,OECD Data Live dataset,FRA.CPI.TOT.AGRWTH.Q,France – Inflation (CPI) – Total – Annual growth rate (%) – Quarterly,2005-Q4,2005-10-01,1.67977,1.67977,FRA,CPI,TOT,AGRWTH,Q,France,Inflation (CPI),Total,Annual growth rate (%),Quarterly
quarterly,OECD,DP_LIVE,OECD Data Live dataset,FRA.CPI.TOT.AGRWTH.Q,France – Inflation (CPI) – Total – Annual growth rate (%) – Quarterly,2006-Q1,2006-01-01,1.784278,1.784278,FRA,CPI,TOT,AGRWTH,Q,France,Inflation (CPI),Total,Annual growth rate (%),Quarterly
quarterly,OECD,DP_LIVE,OECD Data Live dataset,FRA.CPI.TOT.AGRWTH.Q,France – Inflation (CPI) – Total – Annual growth rate (%) – Quarterly,2006-Q2,2006-04-01,1.912496,1.912496,FRA,CPI,TOT,AGRWTH,Q,France,Inflation (CPI),Total,Annual growth rate (%),Quarterly
quarterly,OECD,DP_LIVE,OECD Data Live dataset,FRA.CPI.TOT.AGRWTH.Q,France – Inflation (CPI) – Total – Annual growth rate (%) – Quarterly,2006-Q3,2006-07-01,1.694274,1.694274,FRA,CPI,TOT,AGRWTH,Q,France,Inflation (CPI),Total,Annual growth rate (%),Quarterly
quarterly,OECD,DP_LIVE,OECD Data Live dataset,FRA.CPI.TOT.AGRWTH.Q,France – Inflation (CPI) – Total – Annual growth rate (%) – Quarterly,2006-Q4,2006-10-01,1.312564,1.312564,FRA,CPI,TOT,AGRWTH,Q,France,Inflation (CPI),Total,Annual growth rate (%),Quarterly
quarterly,OECD,DP_LIVE,OECD Data Live dataset,FRA.CPI.TOT.AGRWTH.Q,France – Inflation (CPI) – Total – Annual growth rate (%) – Quarterly,2007-Q1,2007-01-01,1.162397,1.162397,FRA,CPI,TOT,AGRWTH,Q,France,Inflation (CPI),Total,Annual growth rate (%),Quarterly
quarterly,OECD,DP_LIVE,OECD Data Live dataset,FRA.CPI.TOT.AGRWTH.Q,France – Inflation (CPI) – Total – Annual growth rate (%) – Quarterly,2007-Q2,2007-04-01,1.172879,1.172879,FRA,CPI,TOT,AGRWTH,Q,France,Inflation (CPI),Total,Annual growth rate (%),Quarterly
quarterly,OECD,DP_LIVE,OECD Data Live dataset,FRA.CPI.TOT.AGRWTH.Q,France – Inflation (CPI) – Total – Annual growth rate (%) – Quarterly,2007-Q3,2007-07-01,1.268129,1.268129,FRA,CPI,TOT,AGRWTH,Q,France,Inflation (CPI),Total,Annual growth rate (%),Quarterly
quarterly,OECD,DP_LIVE,OECD Data Live dataset,FRA.CPI.TOT.AGRWTH.Q,France – Inflation (CPI) – Total – Annual growth rate (%) – Quarterly,2007-Q4,2007-10-01,2.345408,2.345408,FRA,CPI,TOT,AGRWTH,Q,France,Inflation (CPI),Total,Annual growth rate (%),Quarterly
quarterly,OECD,DP_LIVE,OECD Data Live dataset,FRA.CPI.TOT.AGRWTH.Q,France – Inflation (CPI) – Total – Annual growth rate (%) – Quarterly,2008-Q1,2008-01-01,2.948832,2.948832,FRA,CPI,TOT,AGRWTH,Q,France,Inflation (CPI),Total,Annual growth rate (%),Quarterly
quarterly,OECD,DP_LIVE,OECD Data Live dataset,FRA.CPI.TOT.AGRWTH.Q,France – Inflation (CPI) – Total – Annual growth rate (%) – Quarterly,2008-Q2,2008-04-01,3.304873,3.304873,FRA,CPI,TOT,AGRWTH,Q,France,Inflation (CPI),Total,Annual growth rate (%),Quarterly
quarterly,OECD,DP_LIVE,OECD Data Live dataset,FRA.CPI.TOT.AGRWTH.Q,France – Inflation (CPI) – Total – Annual growth rate (%) – Quarterly,2008-Q3,2008-07-01,3.249972,3.249972,FRA,CPI,TOT,AGRWTH,Q,France,Inflation (CPI),Total,Annual growth rate (%),Quarterly
quarterly,OECD,DP_LIVE,OECD Data Live dataset,FRA.CPI.TOT.AGRWTH.Q,France – Inflation (CPI) – Total – Annual growth rate (%) – Quarterly,2008-Q4,2008-10-01,1.760576,1.760576,FRA,CPI,TOT,AGRWTH,Q,France,Inflation (CPI),Total,Annual growth rate (%),Quarterly
quarterly,OECD,DP_LIVE,OECD Data Live dataset,FRA.CPI.TOT.AGRWTH.Q,France – Inflation (CPI) – Total – Annual growth rate (%) – Quarterly,2009-Q1,2009-01-01,0.6248871,0.6248871,FRA,CPI,TOT,AGRWTH,Q,France,Inflation (CPI),Total,Annual growth rate (%),Quarterly
quarterly,OECD,DP_LIVE,OECD Data Live dataset,FRA.CPI.TOT.AGRWTH.Q,France – Inflation (CPI) – Total – Annual growth rate (%) – Quarterly,2009-Q2,2009-04-01,-0.2066263,-0.2066263,FRA,CPI,TOT,AGRWTH,Q,France,Inflation (CPI),Total,Annual growth rate (%),Quarterly
quarterly,OECD,DP_LIVE,OECD Data Live dataset,FRA.CPI.TOT.AGRWTH.Q,France – Inflation (CPI) – Total – Annual growth rate (%) – Quarterly,2009-Q3,2009-07-01,-0.4232466,-0.4232466,FRA,CPI,TOT,AGRWTH,Q,France,Inflation (CPI),Total,Annual growth rate (%),Quarterly
quarterly,OECD,DP_LIVE,OECD Data Live dataset,FRA.CPI.TOT.AGRWTH.Q,France – Inflation (CPI) – Total – Annual growth rate (%) – Quarterly,2009-Q4,2009-10-01,0.3646113,0.3646113,FRA,CPI,TOT,AGRWTH,Q,France,Inflation (CPI),Total,Annual growth rate (%),Quarterly
quarterly,OECD,DP_LIVE,OECD Data Live dataset,FRA.CPI.TOT.AGRWTH.Q,France – Inflation (CPI) – Total – Annual growth rate (%) – Quarterly,2010-Q1,2010-01-01,1.324575,1.324575,FRA,CPI,TOT,AGRWTH,Q,France,Inflation (CPI),Total,Annual growth rate (%),Quarterly
quarterly,OECD,DP_LIVE,OECD Data Live dataset,FRA.CPI.TOT.AGRWTH.Q,France – Inflation (CPI) – Total – Annual growth rate (%) – Quarterly,2010-Q2,2010-04-01,1.613594,1.613594,FRA,CPI,TOT,AGRWTH,Q,France,Inflation (CPI),Total,Annual growth rate (%),Quarterly
quarterly,OECD,DP_LIVE,OECD Data Live dataset,FRA.CPI.TOT.AGRWTH.Q,France – Inflation (CPI) – Total – Annual growth rate (%) – Quarterly,2010-Q3,2010-07-01,1.543023,1.543023,FRA,CPI,TOT,AGRWTH,Q,France,Inflation (CPI),Total,Annual growth rate (%),Quarterly
quarterly,OECD,DP_LIVE,OECD Data Live dataset,FRA.CPI.TOT.AGRWTH.Q,France – Inflation (CPI) – Total – Annual growth rate (%) – Quarterly,2010-Q4,2010-10-01,1.641913,1.641913,FRA,CPI,TOT,AGRWTH,Q,France,Inflation (CPI),Total,Annual growth rate (%),Quarterly
quarterly,OECD,DP_LIVE,OECD Data Live dataset,FRA.CPI.TOT.AGRWTH.Q,France – Inflation (CPI) – Total – Annual growth rate (%) – Quarterly,2011-Q1,2011-01-01,1.796153,1.796153,FRA,CPI,TOT,AGRWTH,Q,France,Inflation (CPI),Total,Annual growth rate (%),Quarterly
quarterly,OECD,DP_LIVE,OECD Data Live dataset,FRA.CPI.TOT.AGRWTH.Q,France – Inflation (CPI) – Total – Annual growth rate (%) – Quarterly,2011-Q2,2011-04-01,2.065767,2.065767,FRA,CPI,TOT,AGRWTH,Q,France,Inflation (CPI),Total,Annual growth rate (%),Quarterly
quarterly,OECD,DP_LIVE,OECD Data Live dataset,FRA.CPI.TOT.AGRWTH.Q,France – Inflation (CPI) – Total – Annual growth rate (%) – Quarterly,2011-Q3,2011-07-01,2.138661,2.138661,FRA,CPI,TOT,AGRWTH,Q,France,Inflation (CPI),Total,Annual growth rate (%),Quarterly
quarterly,OECD,DP_LIVE,OECD Data Live dataset,FRA.CPI.TOT.AGRWTH.Q,France – Inflation (CPI) – Total – Annual growth rate (%) – Quarterly,2011-Q4,2011-10-01,2.442358,2.442358,FRA,CPI,TOT,AGRWTH,Q,France,Inflation (CPI),Total,Annual growth rate (%),Quarterly
quarterly,OECD,DP_LIVE,OECD Data Live dataset,FRA.CPI.TOT.AGRWTH.Q,France – Inflation (CPI) – Total – Annual growth rate (%) – Quarterly,2012-Q1,2012-01-01,2.314332,2.314332,FRA,CPI,TOT,AGRWTH,Q,France,Inflation (CPI),Total,Annual growth rate (%),Quarterly
quarterly,OECD,DP_LIVE,OECD Data Live dataset,FRA.CPI.TOT.AGRWTH.Q,France – Inflation (CPI) – Total – Annual growth rate (%) – Quarterly,2012-Q2,2012-04-01,1.999862,1.999862,FRA,CPI,TOT,AGRWTH,Q,France,Inflation (CPI),Total,Annual growth rate (%),Quarterly
quarterly,OECD,DP_LIVE,OECD Data Live dataset,FRA.CPI.TOT.AGRWTH.Q,France – Inflation (CPI) – Total – Annual growth rate (%) – Quarterly,2012-Q3,2012-07-01,1.976788,1.976788,FRA,CPI,TOT,AGRWTH,Q,France,Inflation (CPI),Total,Annual growth rate (%),Quarterly
quarterly,OECD,DP_LIVE,OECD Data Live dataset,FRA.CPI.TOT.AGRWTH.Q,France – Inflation (CPI) – Total – Annual growth rate (%) – Quarterly,2012-Q4,2012-10-01,1.53241,1.53241,FRA,CPI,TOT,AGRWTH,Q,France,Inflation (CPI),Total,Annual growth rate (%),Quarterly
quarterly,OECD,DP_LIVE,OECD Data Live dataset,FRA.CPI.TOT.AGRWTH.Q,France – Inflation (CPI) – Total – Annual growth rate (%) – Quarterly,2013-Q1,2013-01-01,1.061261,1.061261,FRA,CPI,TOT,AGRWTH,Q,France,Inflation (CPI),Total,Annual growth rate (%),Quarterly
quarterly,OECD,DP_LIVE,OECD Data Live dataset,FRA.CPI.TOT.AGRWTH.Q,France – Inflation (CPI) – Total – Annual growth rate (%) – Quarterly,2013-Q2,2013-04-01,0.8065333,0.8065333,FRA,CPI,TOT,AGRWTH,Q,France,Inflation (CPI),Total,Annual growth rate (%),Quarterly
quarterly,OECD,DP_LIVE,OECD Data Live dataset,FRA.CPI.TOT.AGRWTH.Q,France – Inflation (CPI) – Total – Annual growth rate (%) – Quarterly,2013-Q3,2013-07-01,0.9388403,0.9388403,FRA,CPI,TOT,AGRWTH,Q,France,Inflation (CPI),Total,Annual growth rate (%),Quarterly
quarterly,OECD,DP_LIVE,OECD Data Live dataset,FRA.CPI.TOT.AGRWTH.Q,France – Inflation (CPI) – Total – Annual growth rate (%) – Quarterly,2013-Q4,2013-10-01,0.6502038,0.6502038,FRA,CPI,TOT,AGRWTH,Q,France,Inflation (CPI),Total,Annual growth rate (%),Quarterly
quarterly,OECD,DP_LIVE,OECD Data Live dataset,FRA.CPI.TOT.AGRWTH.Q,France – Inflation (CPI) – Total – Annual growth rate (%) – Quarterly,2014-Q1,2014-01-01,0.7270035,0.7270035,FRA,CPI,TOT,AGRWTH,Q,France,Inflation (CPI),Total,Annual growth rate (%),Quarterly
quarterly,OECD,DP_LIVE,OECD Data Live dataset,FRA.CPI.TOT.AGRWTH.Q,France – Inflation (CPI) – Total – Annual growth rate (%) – Quarterly,2014-Q2,2014-04-01,0.6293519,0.6293519,FRA,CPI,TOT,AGRWTH,Q,France,Inflation (CPI),Total,Annual growth rate (%),Quarterly
quarterly,OECD,DP_LIVE,OECD Data Live dataset,FRA.CPI.TOT.AGRWTH.Q,France – Inflation (CPI) – Total – Annual growth rate (%) – Quarterly,2014-Q3,2014-07-01,0.3981398,0.3981398,FRA,CPI,TOT,AGRWTH,Q,France,Inflation (CPI),Total,Annual growth rate (%),Quarterly
quarterly,OECD,DP_LIVE,OECD Data Live dataset,FRA.CPI.TOT.AGRWTH.Q,France – Inflation (CPI) – Total – Annual growth rate (%) – Quarterly,2014-Q4,2014-10-01,0.277815,0.277815,FRA,CPI,TOT,AGRWTH,Q,France,Inflation (CPI),Total,Annual growth rate (%),Quarterly
quarterly,OECD,DP_LIVE,OECD Data Live dataset,FRA.CPI.TOT.AGRWTH.Q,France – Inflation (CPI) – Total – Annual growth rate (%) – Quarterly,2015-Q1,2015-01-01,-0.2405854,-0.2405854,FRA,CPI,TOT,AGRWTH,Q,France,Inflation (CPI),Total,Annual growth rate (%),Quarterly
quarterly,OECD,DP_LIVE,OECD Data Live dataset,FRA.CPI.TOT.AGRWTH.Q,France – Inflation (CPI) – Total – Annual growth rate (%) – Quarterly,2015-Q2,2015-04-01,0.2129075,0.2129075,FRA,CPI,TOT,AGRWTH,Q,France,Inflation (CPI),Total,Annual growth rate (%),Quarterly
quarterly,OECD,DP_LIVE,OECD Data Live dataset,FRA.CPI.TOT.AGRWTH.Q,France – Inflation (CPI) – Total – Annual growth rate (%) – Quarterly,2015-Q3,2015-07-01,0.08331112,0.08331112,FRA,CPI,TOT,AGRWTH,Q,France,Inflation (CPI),Total,Annual growth rate (%),Quarterly
quarterly,OECD,DP_LIVE,OECD Data Live dataset,FRA.CPI.TOT.AGRWTH.Q,France – Inflation (CPI) – Total – Annual growth rate (%) – Quarterly,2015-Q4,2015-10-01,0.09346107,0.09346107,FRA,CPI,TOT,AGRWTH,Q,France,Inflation (CPI),Total,Annual growth rate (%),Quarterly
quarterly,OECD,DP_LIVE,OECD Data Live dataset,FRA.CPI.TOT.AGRWTH.Q,France – Inflation (CPI) – Total – Annual growth rate (%) – Quarterly,2016-Q1,2016-01-01,-0.04019427,-0.04019427,FRA,CPI,TOT,AGRWTH,Q,France,Inflation (CPI),Total,Annual growth rate (%),Quarterly
quarterly,OECD,DP_LIVE,OECD Data Live dataset,FRA.CPI.TOT.AGRWTH.Q,France – Inflation (CPI) – Total – Annual growth rate (%) – Quarterly,2016-Q2,2016-04-01,-0.006639224,-0.006639224,FRA,CPI,TOT,AGRWTH,Q,France,Inflation (CPI),Total,Annual growth rate (%),Quarterly
quarterly,OECD,DP_LIVE,OECD Data Live dataset,FRA.CPI.TOT.AGRWTH.Q,France – Inflation (CPI) – Total – Annual growth rate (%) – Quarterly,2016-Q3,2016-07-01,0.2796924,0.2796924,FRA,CPI,TOT,AGRWTH,Q,France,Inflation (CPI),Total,Annual growth rate (%),Quarterly
quarterly,OECD,DP_LIVE,OECD Data Live dataset,FRA.CPI.TOT.AGRWTH.Q,France – Inflation (CPI) – Total – Annual growth rate (%) – Quarterly,2016-Q4,2016-10-01,0.5002168,0.5002168,FRA,CPI,TOT,AGRWTH,Q,France,Inflation (CPI),Total,Annual growth rate (%),Quarterly
quarterly,OECD,DP_LIVE,OECD Data Live dataset,FRA.CPI.TOT.AGRWTH.Q,France – Inflation (CPI) – Total – Annual growth rate (%) – Quarterly,2017-Q1,2017-01-01,1.23312,1.23312,FRA,CPI,TOT,AGRWTH,Q,France,Inflation (CPI),Total,Annual growth rate (%),Quarterly
quarterly,OECD,DP_LIVE,OECD Data Live dataset,FRA.CPI.TOT.AGRWTH.Q,France – Inflation (CPI) – Total – Annual growth rate (%) – Quarterly,2017-Q2,2017-04-01,0.8863953,0.8863953,FRA,CPI,TOT,AGRWTH,Q,France,Inflation (CPI),Total,Annual growth rate (%),Quarterly
quarterly,OECD,DP_LIVE,OECD Data Live dataset,FRA.CPI.TOT.AGRWTH.Q,France – Inflation (CPI) – Total – Annual growth rate (%) – Quarterly,2017-Q3,2017-07-01,0.8699406,0.8699406,FRA,CPI,TOT,AGRWTH,Q,France,Inflation (CPI),Total,Annual growth rate (%),Quarterly
quarterly,OECD,DP_LIVE,OECD Data Live dataset,FRA.CPI.TOT.AGRWTH.Q,France – Inflation (CPI) – Total – Annual growth rate (%) – Quarterly,2017-Q4,2017-10-01,1.141454,1.141454,FRA,CPI,TOT,AGRWTH,Q,France,Inflation (CPI),Total,Annual growth rate (%),Quarterly
quarterly,OECD,DP_LIVE,OECD Data Live dataset,FRA.CPI.TOT.AGRWTH.Q,France – Inflation (CPI) – Total – Annual growth rate (%) – Quarterly,2018-Q1,2018-01-01,1.360432,1.360432,FRA,CPI,TOT,AGRWTH,Q,France,Inflation (CPI),Total,Annual growth rate (%),Quarterly
quarterly,OECD,DP_LIVE,OECD Data Live dataset,FRA.CPI.TOT.AGRWTH.Q,France – Inflation (CPI) – Total – Annual growth rate (%) – Quarterly,2018-Q2,2018-04-01,1.895423,1.895423,FRA,CPI,TOT,AGRWTH,Q,France,Inflation (CPI),Total,Annual growth rate (%),Quarterly
quarterly,OECD,DP_LIVE,OECD Data Live dataset,FRA.CPI.TOT.AGRWTH.Q,France – Inflation (CPI) – Total – Annual growth rate (%) – Quarterly,2018-Q3,2018-07-01,2.248264,2.248264,FRA,CPI,TOT,AGRWTH,Q,France,Inflation (CPI),Total,Annual growth rate (%),Quarterly
quarterly,OECD,DP_LIVE,OECD Data Live dataset,FRA.CPI.TOT.AGRWTH.Q,France – Inflation (CPI) – Total – Annual growth rate (%) – Quarterly,2018-Q4,2018-10-01,1.896263,1.896263,FRA,CPI,TOT,AGRWTH,Q,France,Inflation (CPI),Total,Annual growth rate (%),Quarterly
quarterly,OECD,DP_LIVE,OECD Data Live dataset,FRA.CPI.TOT.AGRWTH.Q,France – Inflation (CPI) – Total – Annual growth rate (%) – Quarterly,2019-Q1,2019-01-01,1.221344,1.221344,FRA,CPI,TOT,AGRWTH,Q,France,Inflation (CPI),Total,Annual growth rate (%),Quarterly
quarterly,OECD,DP_LIVE,OECD Data Live dataset,FRA.CPI.TOT.AGRWTH.Q,France – Inflation (CPI) – Total – Annual growth rate (%) – Quarterly,2019-Q2,2019-04-01,1.12385,1.12385,FRA,CPI,TOT,AGRWTH,Q,France,Inflation (CPI),Total,Annual growth rate (%),Quarterly
quarterly,OECD,DP_LIVE,OECD Data Live dataset,FRA.CPI.TOT.AGRWTH.Q,France – Inflation (CPI) – Total – Annual growth rate (%) – Quarterly,2019-Q3,2019-07-01,1.004443,1.004443,FRA,CPI,TOT,AGRWTH,Q,France,Inflation (CPI),Total,Annual growth rate (%),Quarterly
quarterly,OECD,DP_LIVE,OECD Data Live dataset,FRA.CPI.TOT.AGRWTH.Q,France – Inflation (CPI) – Total – Annual growth rate (%) – Quarterly,2019-Q4,2019-10-01,1.085032,1.085032,FRA,CPI,TOT,AGRWTH,Q,France,Inflation (CPI),Total,Annual growth rate (%),Quarterly
quarterly,OECD,DP_LIVE,OECD Data Live dataset,FRA.CPI.TOT.AGRWTH.Q,France – Inflation (CPI) – Total – Annual growth rate (%) – Quarterly,2020-Q1,2020-01-01,1.193702,1.193702,FRA,CPI,TOT,AGRWTH,Q,France,Inflation (CPI),Total,Annual growth rate (%),Quarterly
quarterly,OECD,DP_LIVE,OECD Data Live dataset,FRA.CPI.TOT.AGRWTH.Q,France – Inflation (CPI) – Total – Annual growth rate (%) – Quarterly,2020-Q2,2020-04-01,0.2970012,0.2970012,FRA,CPI,TOT,AGRWTH,Q,France,Inflation (CPI),Total,Annual growth rate (%),Quarterly
quarterly,OECD,DP_LIVE,OECD Data Live dataset,FRA.CPI.TOT.AGRWTH.Q,France – Inflation (CPI) – Total – Annual growth rate (%) – Quarterly,2020-Q3,2020-07-01,0.3474214,0.3474214,FRA,CPI,TOT,AGRWTH,Q,France,Inflation (CPI),Total,Annual growth rate (%),Quarterly
quarterly,OECD,DP_LIVE,OECD Data Live dataset,FRA.CPI.TOT.AGRWTH.Q,France – Inflation (CPI) – Total – Annual growth rate (%) – Quarterly,2020-Q4,2020-10-01,0.07644286,0.07644286,FRA,CPI,TOT,AGRWTH,Q,France,Inflation (CPI),Total,Annual growth rate (%),Quarterly
quarterly,OECD,DP_LIVE,OECD Data Live dataset,FRA.CPI.TOT.AGRWTH.Q,France – Inflation (CPI) – Total – Annual growth rate (%) – Quarterly,2021-Q1,2021-01-01,0.7428426,0.7428426,FRA,CPI,TOT,AGRWTH,Q,France,Inflation (CPI),Total,Annual growth rate (%),Quarterly
quarterly,OECD,DP_LIVE,OECD Data Live dataset,FRA.CPI.TOT.AGRWTH.Q,France – Inflation (CPI) – Total – Annual growth rate (%) – Quarterly,2021-Q2,2021-04-01,1.381902,1.381902,FRA,CPI,TOT,AGRWTH,Q,France,Inflation (CPI),Total,Annual growth rate (%),Quarterly
quarterly,OECD,DP_LIVE,OECD Data Live dataset,FRA.CPI.TOT.AGRWTH.Q,France – Inflation (CPI) – Total – Annual growth rate (%) – Quarterly,2021-Q3,2021-07-01,1.72474,1.72474,FRA,CPI,TOT,AGRWTH,Q,France,Inflation (CPI),Total,Annual growth rate (%),Quarterly
quarterly,OECD,DP_LIVE,OECD Data Live dataset,FRA.CPI.TOT.AGRWTH.Q,France – Inflation (CPI) – Total – Annual growth rate (%) – Quarterly,2021-Q4,2021-10-01,2.718014,2.718014,FRA,CPI,TOT,AGRWTH,Q,France,Inflation (CPI),Total,Annual growth rate (%),Quarterly
quarterly,OECD,DP_LIVE,OECD Data Live dataset,FRA.CPI.TOT.AGRWTH.Q,France – Inflation (CPI) – Total – Annual growth rate (%) – Quarterly,2022-Q1,2022-01-01,3.658344,3.658344,FRA,CPI,TOT,AGRWTH,Q,France,Inflation (CPI),Total,Annual growth rate (%),Quarterly
quarterly,OECD,DP_LIVE,OECD Data Live dataset,FRA.CPI.TOT.AGRWTH.Q,France – Inflation (CPI) – Total – Annual growth rate (%) – Quarterly,2022-Q2,2022-04-01,5.288945,5.288945,FRA,CPI,TOT,AGRWTH,Q,France,Inflation (CPI),Total,Annual growth rate (%),Quarterly
quarterly,OECD,DP_LIVE,OECD Data Live dataset,FRA.CPI.TOT.AGRWTH.Q,France – Inflation (CPI) – Total – Annual growth rate (%) – Quarterly,2022-Q3,2022-07-01,5.848373,5.848373,FRA,CPI,TOT,AGRWTH,Q,France,Inflation (CPI),Total,Annual growth rate (%),Quarterly
quarterly,OECD,DP_LIVE,OECD Data Live dataset,FRA.CPI.TOT.AGRWTH.Q,France – Inflation (CPI) – Total – Annual growth rate (%) – Quarterly,2022-Q4,2022-10-01,6.066803,6.066803,FRA,CPI,TOT,AGRWTH,Q,France,Inflation (CPI),Total,Annual growth rate (%),Quarterly
quarterly,OECD,DP_LIVE,OECD Data Live dataset,FRA.CPI.TOT.AGRWTH.Q,France – Inflation (CPI) – Total – Annual growth rate (%) – Quarterly,2023-Q1,2023-01-01,5.989925,5.989925,FRA,CPI,TOT,AGRWTH,Q,France,Inflation (CPI),Total,Annual growth rate (%),Quarterly
quarterly,OECD,DP_LIVE,OECD Data Live dataset,FRA.CPI.TOT.AGRWTH.Q,France – Inflation (CPI) – Total – Annual growth rate (%) – Quarterly,2023-Q2,2023-04-01,5.175397,5.175397,FRA,CPI,TOT,AGRWTH,Q,France,Inflation (CPI),Total,Annual growth rate (%),Quarterly
quarterly,OECD,DP_LIVE,OECD Data Live dataset,FRA.CPI.TOT.AGRWTH.Q,France – Inflation (CPI) – Total – Annual growth rate (%) – Quarterly,2023-Q3,2023-07-01,4.681554,4.681554,FRA,CPI,TOT,AGRWTH,Q,France,Inflation (CPI),Total,Annual growth rate (%),Quarterly
quarterly,OECD,DP_LIVE,OECD Data Live dataset,GBR.CPI.TOT.AGRWTH.Q,United Kingdom – Inflation (CPI) – Total – Annual growth rate (%) – Quarterly,1956-Q1,1956-01-01,5.537024,5.537024,GBR,CPI,TOT,AGRWTH,Q,United Kingdom,Inflation (CPI),Total,Annual growth rate (%),Quarterly
quarterly,OECD,DP_LIVE,OECD Data Live dataset,GBR.CPI.TOT.AGRWTH.Q,United Kingdom – Inflation (CPI) – Total – Annual growth rate (%) – Quarterly,1956-Q2,1956-04-01,6.551241,6.551241,GBR,CPI,TOT,AGRWTH,Q,United Kingdom,Inflation (CPI),Total,Annual growth rate (%),Quarterly
quarterly,OECD,DP_LIVE,OECD Data Live dataset,GBR.CPI.TOT.AGRWTH.Q,United Kingdom – Inflation (CPI) – Total – Annual growth rate (%) – Quarterly,1956-Q3,1956-07-01,4.664071,4.664071,GBR,CPI,TOT,AGRWTH,Q,United Kingdom,Inflation (CPI),Total,Annual growth rate (%),Quarterly
quarterly,OECD,DP_LIVE,OECD Data Live dataset,GBR.CPI.TOT.AGRWTH.Q,United Kingdom – Inflation (CPI) – Total – Annual growth rate (%) – Quarterly,1956-Q4,1956-10-01,3.244983,3.244983,GBR,CPI,TOT,AGRWTH,Q,United Kingdom,Inflation (CPI),Total,Annual growth rate (%),Quarterly
quarterly,OECD,DP_LIVE,OECD Data Live dataset,GBR.CPI.TOT.AGRWTH.Q,United Kingdom – Inflation (CPI) – Total – Annual growth rate (%) – Quarterly,1957-Q1,1957-01-01,3.816794,3.816794,GBR,CPI,TOT,AGRWTH,Q,United Kingdom,Inflation (CPI),Total,Annual growth rate (%),Quarterly
quarterly,OECD,DP_LIVE,OECD Data Live dataset,GBR.CPI.TOT.AGRWTH.Q,United Kingdom – Inflation (CPI) – Total – Annual growth rate (%) – Quarterly,1957-Q2,1957-04-01,2.340702,2.340702,GBR,CPI,TOT,AGRWTH,Q,United Kingdom,Inflation (CPI),Total,Annual growth rate (%),Quarterly
quarterly,OECD,DP_LIVE,OECD Data Live dataset,GBR.CPI.TOT.AGRWTH.Q,United Kingdom – Inflation (CPI) – Total – Annual growth rate (%) – Quarterly,1957-Q3,1957-07-01,4.144908,4.144908,GBR,CPI,TOT,AGRWTH,Q,United Kingdom,Inflation (CPI),Total,Annual growth rate (%),Quarterly
quarterly,OECD,DP_LIVE,OECD Data Live dataset,GBR.CPI.TOT.AGRWTH.Q,United Kingdom – Inflation (CPI) – Total – Annual growth rate (%) – Quarterly,1957-Q4,1957-10-01,4.46313,4.46313,GBR,CPI,TOT,AGRWTH,Q,United Kingdom,Inflation (CPI),Total,Annual growth rate (%),Quarterly
quarterly,OECD,DP_LIVE,OECD Data Live dataset,GBR.CPI.TOT.AGRWTH.Q,United Kingdom – Inflation (CPI) – Total – Annual growth rate (%) – Quarterly,1958-Q1,1958-01-01,3.612532,3.612532,GBR,CPI,TOT,AGRWTH,Q,United Kingdom,Inflation (CPI),Total,Annual growth rate (%),Quarterly
quarterly,OECD,DP_LIVE,OECD Data Live dataset,GBR.CPI.TOT.AGRWTH.Q,United Kingdom – Inflation (CPI) – Total – Annual growth rate (%) – Quarterly,1958-Q2,1958-04-01,4.5108,4.5108,GBR,CPI,TOT,AGRWTH,Q,United Kingdom,Inflation (CPI),Total,Annual growth rate (%),Quarterly
quarterly,OECD,DP_LIVE,OECD Data Live dataset,GBR.CPI.TOT.AGRWTH.Q,United Kingdom – Inflation (CPI) – Total – Annual growth rate (%) – Quarterly,1958-Q3,1958-07-01,1.911626,1.911626,GBR,CPI,TOT,AGRWTH,Q,United Kingdom,Inflation (CPI),Total,Annual growth rate (%),Quarterly
quarterly,OECD,DP_LIVE,OECD Data Live dataset,GBR.CPI.TOT.AGRWTH.Q,United Kingdom – Inflation (CPI) – Total – Annual growth rate (%) – Quarterly,1958-Q4,1958-10-01,1.981424,1.981424,GBR,CPI,TOT,AGRWTH,Q,United Kingdom,Inflation (CPI),Total,Annual growth rate (%),Quarterly
quarterly,OECD,DP_LIVE,OECD Data Live dataset,GBR.CPI.TOT.AGRWTH.Q,United Kingdom – Inflation (CPI) – Total – Annual growth rate (%) – Quarterly,1959-Q1,1959-01-01,2.128973,2.128973,GBR,CPI,TOT,AGRWTH,Q,United Kingdom,Inflation (CPI),Total,Annual growth rate (%),Quarterly
quarterly,OECD,DP_LIVE,OECD Data Live dataset,GBR.CPI.TOT.AGRWTH.Q,United Kingdom – Inflation (CPI) – Total – Annual growth rate (%) – Quarterly,1959-Q2,1959-04-01,-0.3343465,-0.3343465,GBR,CPI,TOT,AGRWTH,Q,United Kingdom,Inflation (CPI),Total,Annual growth rate (%),Quarterly
quarterly,OECD,DP_LIVE,OECD Data Live dataset,GBR.CPI.TOT.AGRWTH.Q,United Kingdom – Inflation (CPI) – Total – Annual growth rate (%) – Quarterly,1959-Q3,1959-07-01,0.5535055,0.5535055,GBR,CPI,TOT,AGRWTH,Q,United Kingdom,Inflation (CPI),Total,Annual growth rate (%),Quarterly
quarterly,OECD,DP_LIVE,OECD Data Live dataset,GBR.CPI.TOT.AGRWTH.Q,United Kingdom – Inflation (CPI) – Total – Annual growth rate (%) – Quarterly,1959-Q4,1959-10-01,1.237565e-14,1.237565e-14,GBR,CPI,TOT,AGRWTH,Q,United Kingdom,Inflation (CPI),Total,Annual growth rate (%),Quarterly
quarterly,OECD,DP_LIVE,OECD Data Live dataset,GBR.CPI.TOT.AGRWTH.Q,United Kingdom – Inflation (CPI) – Total – Annual growth rate (%) – Quarterly,1960-Q1,1960-01-01,-0.4531722,-0.4531722,GBR,CPI,TOT,AGRWTH,Q,United Kingdom,Inflation (CPI),Total,Annual growth rate (%),Quarterly
quarterly,OECD,DP_LIVE,OECD Data Live dataset,GBR.CPI.TOT.AGRWTH.Q,United Kingdom – Inflation (CPI) – Total – Annual growth rate (%) – Quarterly,1960-Q2,1960-04-01,1.097896,1.097896,GBR,CPI,TOT,AGRWTH,Q,United Kingdom,Inflation (CPI),Total,Annual growth rate (%),Quarterly
quarterly,OECD,DP_LIVE,OECD Data Live dataset,GBR.CPI.TOT.AGRWTH.Q,United Kingdom – Inflation (CPI) – Total – Annual growth rate (%) – Quarterly,1960-Q3,1960-07-01,1.529052,1.529052,GBR,CPI,TOT,AGRWTH,Q,United Kingdom,Inflation (CPI),Total,Annual growth rate (%),Quarterly
quarterly,OECD,DP_LIVE,OECD Data Live dataset,GBR.CPI.TOT.AGRWTH.Q,United Kingdom – Inflation (CPI) – Total – Annual growth rate (%) – Quarterly,1960-Q4,1960-10-01,1.851852,1.851852,GBR,CPI,TOT,AGRWTH,Q,United Kingdom,Inflation (CPI),Total,Annual growth rate (%),Quarterly
quarterly,OECD,DP_LIVE,OECD Data Live dataset,GBR.CPI.TOT.AGRWTH.Q,United Kingdom – Inflation (CPI) – Total – Annual growth rate (%) – Quarterly,1961-Q1,1961-01-01,2.367223,2.367223,GBR,CPI,TOT,AGRWTH,Q,United Kingdom,Inflation (CPI),Total,Annual growth rate (%),Quarterly
quarterly,OECD,DP_LIVE,OECD Data Live dataset,GBR.CPI.TOT.AGRWTH.Q,United Kingdom – Inflation (CPI) – Total – Annual growth rate (%) – Quarterly,1961-Q2,1961-04-01,3.016591,3.016591,GBR,CPI,TOT,AGRWTH,Q,United Kingdom,Inflation (CPI),Total,Annual growth rate (%),Quarterly
quarterly,OECD,DP_LIVE,OECD Data Live dataset,GBR.CPI.TOT.AGRWTH.Q,United Kingdom – Inflation (CPI) – Total – Annual growth rate (%) – Quarterly,1961-Q3,1961-07-01,4.156627,4.156627,GBR,CPI,TOT,AGRWTH,Q,United Kingdom,Inflation (CPI),Total,Annual growth rate (%),Quarterly
quarterly,OECD,DP_LIVE,OECD Data Live dataset,GBR.CPI.TOT.AGRWTH.Q,United Kingdom – Inflation (CPI) – Total – Annual growth rate (%) – Quarterly,1961-Q4,1961-10-01,4.232489,4.232489,GBR,CPI,TOT,AGRWTH,Q,United Kingdom,Inflation (CPI),Total,Annual growth rate (%),Quarterly
quarterly,OECD,DP_LIVE,OECD Data Live dataset,GBR.CPI.TOT.AGRWTH.Q,United Kingdom – Inflation (CPI) – Total – Annual growth rate (%) – Quarterly,1962-Q1,1962-01-01,4.715387,4.715387,GBR,CPI,TOT,AGRWTH,Q,United Kingdom,Inflation (CPI),Total,Annual growth rate (%),Quarterly
quarterly,OECD,DP_LIVE,OECD Data Live dataset,GBR.CPI.TOT.AGRWTH.Q,United Kingdom – Inflation (CPI) – Total – Annual growth rate (%) – Quarterly,1962-Q2,1962-04-01,5.629575,5.629575,GBR,CPI,TOT,AGRWTH,Q,United Kingdom,Inflation (CPI),Total,Annual growth rate (%),Quarterly
quarterly,OECD,DP_LIVE,OECD Data Live dataset,GBR.CPI.TOT.AGRWTH.Q,United Kingdom – Inflation (CPI) – Total – Annual growth rate (%) – Quarterly,1962-Q3,1962-07-01,3.84037,3.84037,GBR,CPI,TOT,AGRWTH,Q,United Kingdom,Inflation (CPI),Total,Annual growth rate (%),Quarterly
quarterly,OECD,DP_LIVE,OECD Data Live dataset,GBR.CPI.TOT.AGRWTH.Q,United Kingdom – Inflation (CPI) – Total – Annual growth rate (%) – Quarterly,1962-Q4,1962-10-01,2.648699,2.648699,GBR,CPI,TOT,AGRWTH,Q,United Kingdom,Inflation (CPI),Total,Annual growth rate (%),Quarterly
quarterly,OECD,DP_LIVE,OECD Data Live dataset,GBR.CPI.TOT.AGRWTH.Q,United Kingdom – Inflation (CPI) – Total – Annual growth rate (%) – Quarterly,1963-Q1,1963-01-01,3.127079,3.127079,GBR,CPI,TOT,AGRWTH,Q,United Kingdom,Inflation (CPI),Total,Annual growth rate (%),Quarterly
quarterly,OECD,DP_LIVE,OECD Data Live dataset,GBR.CPI.TOT.AGRWTH.Q,United Kingdom – Inflation (CPI) – Total – Annual growth rate (%) – Quarterly,1963-Q2,1963-04-01,1.563518,1.563518,GBR,CPI,TOT,AGRWTH,Q,United Kingdom,Inflation (CPI),Total,Annual growth rate (%),Quarterly
quarterly,OECD,DP_LIVE,OECD Data Live dataset,GBR.CPI.TOT.AGRWTH.Q,United Kingdom – Inflation (CPI) – Total – Annual growth rate (%) – Quarterly,1963-Q3,1963-07-01,1.3089,1.3089,GBR,CPI,TOT,AGRWTH,Q,United Kingdom,Inflation (CPI),Total,Annual growth rate (%),Quarterly
quarterly,OECD,DP_LIVE,OECD Data Live dataset,GBR.CPI.TOT.AGRWTH.Q,United Kingdom – Inflation (CPI) – Total – Annual growth rate (%) – Quarterly,1963-Q4,1963-10-01,2.094926,2.094926,GBR,CPI,TOT,AGRWTH,Q,United Kingdom,Inflation (CPI),Total,Annual growth rate (%),Quarterly
quarterly,OECD,DP_LIVE,OECD Data Live dataset,GBR.CPI.TOT.AGRWTH.Q,United Kingdom – Inflation (CPI) – Total – Annual growth rate (%) – Quarterly,1964-Q1,1964-01-01,1.516129,1.516129,GBR,CPI,TOT,AGRWTH,Q,United Kingdom,Inflation (CPI),Total,Annual growth rate (%),Quarterly
quarterly,OECD,DP_LIVE,OECD Data Live dataset,GBR.CPI.TOT.AGRWTH.Q,United Kingdom – Inflation (CPI) – Total – Annual growth rate (%) – Quarterly,1964-Q2,1964-04-01,2.79025,2.79025,GBR,CPI,TOT,AGRWTH,Q,United Kingdom,Inflation (CPI),Total,Annual growth rate (%),Quarterly
quarterly,OECD,DP_LIVE,OECD Data Live dataset,GBR.CPI.TOT.AGRWTH.Q,United Kingdom – Inflation (CPI) – Total – Annual growth rate (%) – Quarterly,1964-Q3,1964-07-01,4.328166,4.328166,GBR,CPI,TOT,AGRWTH,Q,United Kingdom,Inflation (CPI),Total,Annual growth rate (%),Quarterly
quarterly,OECD,DP_LIVE,OECD Data Live dataset,GBR.CPI.TOT.AGRWTH.Q,United Kingdom – Inflation (CPI) – Total – Annual growth rate (%) – Quarterly,1964-Q4,1964-10-01,4.488618,4.488618,GBR,CPI,TOT,AGRWTH,Q,United Kingdom,Inflation (CPI),Total,Annual growth rate (%),Quarterly
quarterly,OECD,DP_LIVE,OECD Data Live dataset,GBR.CPI.TOT.AGRWTH.Q,United Kingdom – Inflation (CPI) – Total – Annual growth rate (%) – Quarterly,1965-Q1,1965-01-01,4.512234,4.512234,GBR,CPI,TOT,AGRWTH,Q,United Kingdom,Inflation (CPI),Total,Annual growth rate (%),Quarterly
quarterly,OECD,DP_LIVE,OECD Data Live dataset,GBR.CPI.TOT.AGRWTH.Q,United Kingdom – Inflation (CPI) – Total – Annual growth rate (%) – Quarterly,1965-Q2,1965-04-01,5.179407,5.179407,GBR,CPI,TOT,AGRWTH,Q,United Kingdom,Inflation (CPI),Total,Annual growth rate (%),Quarterly
quarterly,OECD,DP_LIVE,OECD Data Live dataset,GBR.CPI.TOT.AGRWTH.Q,United Kingdom – Inflation (CPI) – Total – Annual growth rate (%) – Quarterly,1965-Q3,1965-07-01,4.829721,4.829721,GBR,CPI,TOT,AGRWTH,Q,United Kingdom,Inflation (CPI),Total,Annual growth rate (%),Quarterly
quarterly,OECD,DP_LIVE,OECD Data Live dataset,GBR.CPI.TOT.AGRWTH.Q,United Kingdom – Inflation (CPI) – Total – Annual growth rate (%) – Quarterly,1965-Q4,1965-10-01,4.571955,4.571955,GBR,CPI,TOT,AGRWTH,Q,United Kingdom,Inflation (CPI),Total,Annual growth rate (%),Quarterly
quarterly,OECD,DP_LIVE,OECD Data Live dataset,GBR.CPI.TOT.AGRWTH.Q,United Kingdom – Inflation (CPI) – Total – Annual growth rate (%) – Quarterly,1966-Q1,1966-01-01,4.378231,4.378231,GBR,CPI,TOT,AGRWTH,Q,United Kingdom,Inflation (CPI),Total,Annual growth rate (%),Quarterly
quarterly,OECD,DP_LIVE,OECD Data Live dataset,GBR.CPI.TOT.AGRWTH.Q,United Kingdom – Inflation (CPI) – Total – Annual growth rate (%) – Quarterly,1966-Q2,1966-04-01,3.797093,3.797093,GBR,CPI,TOT,AGRWTH,Q,United Kingdom,Inflation (CPI),Total,Annual growth rate (%),Quarterly
quarterly,OECD,DP_LIVE,OECD Data Live dataset,GBR.CPI.TOT.AGRWTH.Q,United Kingdom – Inflation (CPI) – Total – Annual growth rate (%) – Quarterly,1966-Q3,1966-07-01,3.662138,3.662138,GBR,CPI,TOT,AGRWTH,Q,United Kingdom,Inflation (CPI),Total,Annual growth rate (%),Quarterly
quarterly,OECD,DP_LIVE,OECD Data Live dataset,GBR.CPI.TOT.AGRWTH.Q,United Kingdom – Inflation (CPI) – Total – Annual growth rate (%) – Quarterly,1966-Q4,1966-10-01,3.814554,3.814554,GBR,CPI,TOT,AGRWTH,Q,United Kingdom,Inflation (CPI),Total,Annual growth rate (%),Quarterly
quarterly,OECD,DP_LIVE,OECD Data Live dataset,GBR.CPI.TOT.AGRWTH.Q,United Kingdom – Inflation (CPI) – Total – Annual growth rate (%) – Quarterly,1967-Q1,1967-01-01,3.612001,3.612001,GBR,CPI,TOT,AGRWTH,Q,United Kingdom,Inflation (CPI),Total,Annual growth rate (%),Quarterly
quarterly,OECD,DP_LIVE,OECD Data Live dataset,GBR.CPI.TOT.AGRWTH.Q,United Kingdom – Inflation (CPI) – Total – Annual growth rate (%) – Quarterly,1967-Q2,1967-04-01,2.543584,2.543584,GBR,CPI,TOT,AGRWTH,Q,United Kingdom,Inflation (CPI),Total,Annual growth rate (%),Quarterly
quarterly,OECD,DP_LIVE,OECD Data Live dataset,GBR.CPI.TOT.AGRWTH.Q,United Kingdom – Inflation (CPI) – Total – Annual growth rate (%) – Quarterly,1967-Q3,1967-07-01,1.680912,1.680912,GBR,CPI,TOT,AGRWTH,Q,United Kingdom,Inflation (CPI),Total,Annual growth rate (%),Quarterly
quarterly,OECD,DP_LIVE,OECD Data Live dataset,GBR.CPI.TOT.AGRWTH.Q,United Kingdom – Inflation (CPI) – Total – Annual growth rate (%) – Quarterly,1967-Q4,1967-10-01,2.119842,2.119842,GBR,CPI,TOT,AGRWTH,Q,United Kingdom,Inflation (CPI),Total,Annual growth rate (%),Quarterly
quarterly,OECD,DP_LIVE,OECD Data Live dataset,GBR.CPI.TOT.AGRWTH.Q,United Kingdom – Inflation (CPI) – Total – Annual growth rate (%) – Quarterly,1968-Q1,1968-01-01,3.008153,3.008153,GBR,CPI,TOT,AGRWTH,Q,United Kingdom,Inflation (CPI),Total,Annual growth rate (%),Quarterly
quarterly,OECD,DP_LIVE,OECD Data Live dataset,GBR.CPI.TOT.AGRWTH.Q,United Kingdom – Inflation (CPI) – Total – Annual growth rate (%) – Quarterly,1968-Q2,1968-04-01,4.542921,4.542921,GBR,CPI,TOT,AGRWTH,Q,United Kingdom,Inflation (CPI),Total,Annual growth rate (%),Quarterly
quarterly,OECD,DP_LIVE,OECD Data Live dataset,GBR.CPI.TOT.AGRWTH.Q,United Kingdom – Inflation (CPI) – Total – Annual growth rate (%) – Quarterly,1968-Q3,1968-07-01,5.63183,5.63183,GBR,CPI,TOT,AGRWTH,Q,United Kingdom,Inflation (CPI),Total,Annual growth rate (%),Quarterly
quarterly,OECD,DP_LIVE,OECD Data Live dataset,GBR.CPI.TOT.AGRWTH.Q,United Kingdom – Inflation (CPI) – Total – Annual growth rate (%) – Quarterly,1968-Q4,1968-10-01,5.590922,5.590922,GBR,CPI,TOT,AGRWTH,Q,United Kingdom,Inflation (CPI),Total,Annual growth rate (%),Quarterly
quarterly,OECD,DP_LIVE,OECD Data Live dataset,GBR.CPI.TOT.AGRWTH.Q,United Kingdom – Inflation (CPI) – Total – Annual growth rate (%) – Quarterly,1969-Q1,1969-01-01,6.222707,6.222707,GBR,CPI,TOT,AGRWTH,Q,United Kingdom,Inflation (CPI),Total,Annual growth rate (%),Quarterly
quarterly,OECD,DP_LIVE,OECD Data Live dataset,GBR.CPI.TOT.AGRWTH.Q,United Kingdom – Inflation (CPI) – Total – Annual growth rate (%) – Quarterly,1969-Q2,1969-04-01,5.385231,5.385231,GBR,CPI,TOT,AGRWTH,Q,United Kingdom,Inflation (CPI),Total,Annual growth rate (%),Quarterly
quarterly,OECD,DP_LIVE,OECD Data Live dataset,GBR.CPI.TOT.AGRWTH.Q,United Kingdom – Inflation (CPI) – Total – Annual growth rate (%) – Quarterly,1969-Q3,1969-07-01,5.066313,5.066313,GBR,CPI,TOT,AGRWTH,Q,United Kingdom,Inflation (CPI),Total,Annual growth rate (%),Quarterly
quarterly,OECD,DP_LIVE,OECD Data Live dataset,GBR.CPI.TOT.AGRWTH.Q,United Kingdom – Inflation (CPI) – Total – Annual growth rate (%) – Quarterly,1969-Q4,1969-10-01,5.137615,5.137615,GBR,CPI,TOT,AGRWTH,Q,United Kingdom,Inflation (CPI),Total,Annual growth rate (%),Quarterly
quarterly,OECD,DP_LIVE,OECD Data Live dataset,GBR.CPI.TOT.AGRWTH.Q,United Kingdom – Inflation (CPI) – Total – Annual growth rate (%) – Quarterly,1970-Q1,1970-01-01,5.010277,5.010277,GBR,CPI,TOT,AGRWTH,Q,United Kingdom,Inflation (CPI),Total,Annual growth rate (%),Quarterly
quarterly,OECD,DP_LIVE,OECD Data Live dataset,GBR.CPI.TOT.AGRWTH.Q,United Kingdom – Inflation (CPI) – Total – Annual growth rate (%) – Quarterly,1970-Q2,1970-04-01,5.86896,5.86896,GBR,CPI,TOT,AGRWTH,Q,United Kingdom,Inflation (CPI),Total,Annual growth rate (%),Quarterly
quarterly,OECD,DP_LIVE,OECD Data Live dataset,GBR.CPI.TOT.AGRWTH.Q,United Kingdom – Inflation (CPI) – Total – Annual growth rate (%) – Quarterly,1970-Q3,1970-07-01,6.841707,6.841707,GBR,CPI,TOT,AGRWTH,Q,United Kingdom,Inflation (CPI),Total,Annual growth rate (%),Quarterly
quarterly,OECD,DP_LIVE,OECD Data Live dataset,GBR.CPI.TOT.AGRWTH.Q,United Kingdom – Inflation (CPI) – Total – Annual growth rate (%) – Quarterly,1970-Q4,1970-10-01,7.703815,7.703815,GBR,CPI,TOT,AGRWTH,Q,United Kingdom,Inflation (CPI),Total,Annual growth rate (%),Quarterly
quarterly,OECD,DP_LIVE,OECD Data Live dataset,GBR.CPI.TOT.AGRWTH.Q,United Kingdom – Inflation (CPI) – Total – Annual growth rate (%) – Quarterly,1971-Q1,1971-01-01,8.588206,8.588206,GBR,CPI,TOT,AGRWTH,Q,United Kingdom,Inflation (CPI),Total,Annual growth rate (%),Quarterly
quarterly,OECD,DP_LIVE,OECD Data Live dataset,GBR.CPI.TOT.AGRWTH.Q,United Kingdom – Inflation (CPI) – Total – Annual growth rate (%) – Quarterly,1971-Q2,1971-04-01,9.844684,9.844684,GBR,CPI,TOT,AGRWTH,Q,United Kingdom,Inflation (CPI),Total,Annual growth rate (%),Quarterly
quarterly,OECD,DP_LIVE,OECD Data Live dataset,GBR.CPI.TOT.AGRWTH.Q,United Kingdom – Inflation (CPI) – Total – Annual growth rate (%) – Quarterly,1971-Q3,1971-07-01,10.11342,10.11342,GBR,CPI,TOT,AGRWTH,Q,United Kingdom,Inflation (CPI),Total,Annual growth rate (%),Quarterly
quarterly,OECD,DP_LIVE,OECD Data Live dataset,GBR.CPI.TOT.AGRWTH.Q,United Kingdom – Inflation (CPI) – Total – Annual growth rate (%) – Quarterly,1971-Q4,1971-10-01,9.212963,9.212963,GBR,CPI,TOT,AGRWTH,Q,United Kingdom,Inflation (CPI),Total,Annual growth rate (%),Quarterly
quarterly,OECD,DP_LIVE,OECD Data Live dataset,GBR.CPI.TOT.AGRWTH.Q,United Kingdom – Inflation (CPI) – Total – Annual growth rate (%) – Quarterly,1972-Q1,1972-01-01,7.954033,7.954033,GBR,CPI,TOT,AGRWTH,Q,United Kingdom,Inflation (CPI),Total,Annual growth rate (%),Quarterly
quarterly,OECD,DP_LIVE,OECD Data Live dataset,GBR.CPI.TOT.AGRWTH.Q,United Kingdom – Inflation (CPI) – Total – Annual growth rate (%) – Quarterly,1972-Q2,1972-04-01,6.177942,6.177942,GBR,CPI,TOT,AGRWTH,Q,United Kingdom,Inflation (CPI),Total,Annual growth rate (%),Quarterly
quarterly,OECD,DP_LIVE,OECD Data Live dataset,GBR.CPI.TOT.AGRWTH.Q,United Kingdom – Inflation (CPI) – Total – Annual growth rate (%) – Quarterly,1972-Q3,1972-07-01,6.459228,6.459228,GBR,CPI,TOT,AGRWTH,Q,United Kingdom,Inflation (CPI),Total,Annual growth rate (%),Quarterly
quarterly,OECD,DP_LIVE,OECD Data Live dataset,GBR.CPI.TOT.AGRWTH.Q,United Kingdom – Inflation (CPI) – Total – Annual growth rate (%) – Quarterly,1972-Q4,1972-10-01,7.715134,7.715134,GBR,CPI,TOT,AGRWTH,Q,United Kingdom,Inflation (CPI),Total,Annual growth rate (%),Quarterly
quarterly,OECD,DP_LIVE,OECD Data Live dataset,GBR.CPI.TOT.AGRWTH.Q,United Kingdom – Inflation (CPI) – Total – Annual growth rate (%) – Quarterly,1973-Q1,1973-01-01,7.931538,7.931538,GBR,CPI,TOT,AGRWTH,Q,United Kingdom,Inflation (CPI),Total,Annual growth rate (%),Quarterly
quarterly,OECD,DP_LIVE,OECD Data Live dataset,GBR.CPI.TOT.AGRWTH.Q,United Kingdom – Inflation (CPI) – Total – Annual growth rate (%) – Quarterly,1973-Q2,1973-04-01,9.32186,9.32186,GBR,CPI,TOT,AGRWTH,Q,United Kingdom,Inflation (CPI),Total,Annual growth rate (%),Quarterly
quarterly,OECD,DP_LIVE,OECD Data Live dataset,GBR.CPI.TOT.AGRWTH.Q,United Kingdom – Inflation (CPI) – Total – Annual growth rate (%) – Quarterly,1973-Q3,1973-07-01,9.191695,9.191695,GBR,CPI,TOT,AGRWTH,Q,United Kingdom,Inflation (CPI),Total,Annual growth rate (%),Quarterly
quarterly,OECD,DP_LIVE,OECD Data Live dataset,GBR.CPI.TOT.AGRWTH.Q,United Kingdom – Inflation (CPI) – Total – Annual growth rate (%) – Quarterly,1973-Q4,1973-10-01,10.27155,10.27155,GBR,CPI,TOT,AGRWTH,Q,United Kingdom,Inflation (CPI),Total,Annual growth rate (%),Quarterly
quarterly,OECD,DP_LIVE,OECD Data Live dataset,GBR.CPI.TOT.AGRWTH.Q,United Kingdom – Inflation (CPI) – Total – Annual growth rate (%) – Quarterly,1974-Q1,1974-01-01,12.86935,12.86935,GBR,CPI,TOT,AGRWTH,Q,United Kingdom,Inflation (CPI),Total,Annual growth rate (%),Quarterly
quarterly,OECD,DP_LIVE,OECD Data Live dataset,GBR.CPI.TOT.AGRWTH.Q,United Kingdom – Inflation (CPI) – Total – Annual growth rate (%) – Quarterly,1974-Q2,1974-04-01,15.88516,15.88516,GBR,CPI,TOT,AGRWTH,Q,United Kingdom,Inflation (CPI),Total,Annual growth rate (%),Quarterly
quarterly,OECD,DP_LIVE,OECD Data Live dataset,GBR.CPI.TOT.AGRWTH.Q,United Kingdom – Inflation (CPI) – Total – Annual growth rate (%) – Quarterly,1974-Q3,1974-07-01,17.02031,17.02031,GBR,CPI,TOT,AGRWTH,Q,United Kingdom,Inflation (CPI),Total,Annual growth rate (%),Quarterly
quarterly,OECD,DP_LIVE,OECD Data Live dataset,GBR.CPI.TOT.AGRWTH.Q,United Kingdom – Inflation (CPI) – Total – Annual growth rate (%) – Quarterly,1974-Q4,1974-10-01,18.18084,18.18084,GBR,CPI,TOT,AGRWTH,Q,United Kingdom,Inflation (CPI),Total,Annual growth rate (%),Quarterly
quarterly,OECD,DP_LIVE,OECD Data Live dataset,GBR.CPI.TOT.AGRWTH.Q,United Kingdom – Inflation (CPI) – Total – Annual growth rate (%) – Quarterly,1975-Q1,1975-01-01,20.30891,20.30891,GBR,CPI,TOT,AGRWTH,Q,United Kingdom,Inflation (CPI),Total,Annual growth rate (%),Quarterly
quarterly,OECD,DP_LIVE,OECD Data Live dataset,GBR.CPI.TOT.AGRWTH.Q,United Kingdom – Inflation (CPI) – Total – Annual growth rate (%) – Quarterly,1975-Q2,1975-04-01,24.2866,24.2866,GBR,CPI,TOT,AGRWTH,Q,United Kingdom,Inflation (CPI),Total,Annual growth rate (%),Quarterly
quarterly,OECD,DP_LIVE,OECD Data Live dataset,GBR.CPI.TOT.AGRWTH.Q,United Kingdom – Inflation (CPI) – Total – Annual growth rate (%) – Quarterly,1975-Q3,1975-07-01,26.56581,26.56581,GBR,CPI,TOT,AGRWTH,Q,United Kingdom,Inflation (CPI),Total,Annual growth rate (%),Quarterly
quarterly,OECD,DP_LIVE,OECD Data Live dataset,GBR.CPI.TOT.AGRWTH.Q,United Kingdom – Inflation (CPI) – Total – Annual growth rate (%) – Quarterly,1975-Q4,1975-10-01,25.31132,25.31132,GBR,CPI,TOT,AGRWTH,Q,United Kingdom,Inflation (CPI),Total,Annual growth rate (%),Quarterly
quarterly,OECD,DP_LIVE,OECD Data Live dataset,GBR.CPI.TOT.AGRWTH.Q,United Kingdom – Inflation (CPI) – Total – Annual growth rate (%) – Quarterly,1976-Q1,1976-01-01,22.45288,22.45288,GBR,CPI,TOT,AGRWTH,Q,United Kingdom,Inflation (CPI),Total,Annual growth rate (%),Quarterly
quarterly,OECD,DP_LIVE,OECD Data Live dataset,GBR.CPI.TOT.AGRWTH.Q,United Kingdom – Inflation (CPI) – Total – Annual growth rate (%) – Quarterly,1976-Q2,1976-04-01,15.97205,15.97205,GBR,CPI,TOT,AGRWTH,Q,United Kingdom,Inflation (CPI),Total,Annual growth rate (%),Quarterly
quarterly,OECD,DP_LIVE,OECD Data Live dataset,GBR.CPI.TOT.AGRWTH.Q,United Kingdom – Inflation (CPI) – Total – Annual growth rate (%) – Quarterly,1976-Q3,1976-07-01,13.65049,13.65049,GBR,CPI,TOT,AGRWTH,Q,United Kingdom,Inflation (CPI),Total,Annual growth rate (%),Quarterly
quarterly,OECD,DP_LIVE,OECD Data Live dataset,GBR.CPI.TOT.AGRWTH.Q,United Kingdom – Inflation (CPI) – Total – Annual growth rate (%) – Quarterly,1976-Q4,1976-10-01,14.92951,14.92951,GBR,CPI,TOT,AGRWTH,Q,United Kingdom,Inflation (CPI),Total,Annual growth rate (%),Quarterly
quarterly,OECD,DP_LIVE,OECD Data Live dataset,GBR.CPI.TOT.AGRWTH.Q,United Kingdom – Inflation (CPI) – Total – Annual growth rate (%) – Quarterly,1977-Q1,1977-01-01,16.5068,16.5068,GBR,CPI,TOT,AGRWTH,Q,United Kingdom,Inflation (CPI),Total,Annual growth rate (%),Quarterly
quarterly,OECD,DP_LIVE,OECD Data Live dataset,GBR.CPI.TOT.AGRWTH.Q,United Kingdom – Inflation (CPI) – Total – Annual growth rate (%) – Quarterly,1977-Q2,1977-04-01,17.40908,17.40908,GBR,CPI,TOT,AGRWTH,Q,United Kingdom,Inflation (CPI),Total,Annual growth rate (%),Quarterly
quarterly,OECD,DP_LIVE,OECD Data Live dataset,GBR.CPI.TOT.AGRWTH.Q,United Kingdom – Inflation (CPI) – Total – Annual growth rate (%) – Quarterly,1977-Q3,1977-07-01,16.57552,16.57552,GBR,CPI,TOT,AGRWTH,Q,United Kingdom,Inflation (CPI),Total,Annual growth rate (%),Quarterly
quarterly,OECD,DP_LIVE,OECD Data Live dataset,GBR.CPI.TOT.AGRWTH.Q,United Kingdom – Inflation (CPI) – Total – Annual growth rate (%) – Quarterly,1977-Q4,1977-10-01,13.07058,13.07058,GBR,CPI,TOT,AGRWTH,Q,United Kingdom,Inflation (CPI),Total,Annual growth rate (%),Quarterly
quarterly,OECD,DP_LIVE,OECD Data Live dataset,GBR.CPI.TOT.AGRWTH.Q,United Kingdom – Inflation (CPI) – Total – Annual growth rate (%) – Quarterly,1978-Q1,1978-01-01,9.496458,9.496458,GBR,CPI,TOT,AGRWTH,Q,United Kingdom,Inflation (CPI),Total,Annual growth rate (%),Quarterly
quarterly,OECD,DP_LIVE,OECD Data Live dataset,GBR.CPI.TOT.AGRWTH.Q,United Kingdom – Inflation (CPI) – Total – Annual growth rate (%) – Quarterly,1978-Q2,1978-04-01,7.679619,7.679619,GBR,CPI,TOT,AGRWTH,Q,United Kingdom,Inflation (CPI),Total,Annual growth rate (%),Quarterly
quarterly,OECD,DP_LIVE,OECD Data Live dataset,GBR.CPI.TOT.AGRWTH.Q,United Kingdom – Inflation (CPI) – Total – Annual growth rate (%) – Quarterly,1978-Q3,1978-07-01,7.849152,7.849152,GBR,CPI,TOT,AGRWTH,Q,United Kingdom,Inflation (CPI),Total,Annual growth rate (%),Quarterly
quarterly,OECD,DP_LIVE,OECD Data Live dataset,GBR.CPI.TOT.AGRWTH.Q,United Kingdom – Inflation (CPI) – Total – Annual growth rate (%) – Quarterly,1978-Q4,1978-10-01,8.091766,8.091766,GBR,CPI,TOT,AGRWTH,Q,United Kingdom,Inflation (CPI),Total,Annual growth rate (%),Quarterly
quarterly,OECD,DP_LIVE,OECD Data Live dataset,GBR.CPI.TOT.AGRWTH.Q,United Kingdom – Inflation (CPI) – Total – Annual growth rate (%) – Quarterly,1979-Q1,1979-01-01,9.582095,9.582095,GBR,CPI,TOT,AGRWTH,Q,United Kingdom,Inflation (CPI),Total,Annual growth rate (%),Quarterly
quarterly,OECD,DP_LIVE,OECD Data Live dataset,GBR.CPI.TOT.AGRWTH.Q,United Kingdom – Inflation (CPI) – Total – Annual growth rate (%) – Quarterly,1979-Q2,1979-04-01,10.58723,10.58723,GBR,CPI,TOT,AGRWTH,Q,United Kingdom,Inflation (CPI),Total,Annual growth rate (%),Quarterly
quarterly,OECD,DP_LIVE,OECD Data Live dataset,GBR.CPI.TOT.AGRWTH.Q,United Kingdom – Inflation (CPI) – Total – Annual growth rate (%) – Quarterly,1979-Q3,1979-07-01,15.97792,15.97792,GBR,CPI,TOT,AGRWTH,Q,United Kingdom,Inflation (CPI),Total,Annual growth rate (%),Quarterly
quarterly,OECD,DP_LIVE,OECD Data Live dataset,GBR.CPI.TOT.AGRWTH.Q,United Kingdom – Inflation (CPI) – Total – Annual growth rate (%) – Quarterly,1979-Q4,1979-10-01,17.25897,17.25897,GBR,CPI,TOT,AGRWTH,Q,United Kingdom,Inflation (CPI),Total,Annual growth rate (%),Quarterly
quarterly,OECD,DP_LIVE,OECD Data Live dataset,GBR.CPI.TOT.AGRWTH.Q,United Kingdom – Inflation (CPI) – Total – Annual growth rate (%) – Quarterly,1980-Q1,1980-01-01,19.08409,19.08409,GBR,CPI,TOT,AGRWTH,Q,United Kingdom,Inflation (CPI),Total,Annual growth rate (%),Quarterly
quarterly,OECD,DP_LIVE,OECD Data Live dataset,GBR.CPI.TOT.AGRWTH.Q,United Kingdom – Inflation (CPI) – Total – Annual growth rate (%) – Quarterly,1980-Q2,1980-04-01,21.54841,21.54841,GBR,CPI,TOT,AGRWTH,Q,United Kingdom,Inflation (CPI),Total,Annual growth rate (%),Quarterly
quarterly,OECD,DP_LIVE,OECD Data Live dataset,GBR.CPI.TOT.AGRWTH.Q,United Kingdom – Inflation (CPI) – Total – Annual growth rate (%) – Quarterly,1980-Q3,1980-07-01,16.35892,16.35892,GBR,CPI,TOT,AGRWTH,Q,United Kingdom,Inflation (CPI),Total,Annual growth rate (%),Quarterly
quarterly,OECD,DP_LIVE,OECD Data Live dataset,GBR.CPI.TOT.AGRWTH.Q,United Kingdom – Inflation (CPI) – Total – Annual growth rate (%) – Quarterly,1980-Q4,1980-10-01,15.27992,15.27992,GBR,CPI,TOT,AGRWTH,Q,United Kingdom,Inflation (CPI),Total,Annual growth rate (%),Quarterly
quarterly,OECD,DP_LIVE,OECD Data Live dataset,GBR.CPI.TOT.AGRWTH.Q,United Kingdom – Inflation (CPI) – Total – Annual growth rate (%) – Quarterly,1981-Q1,1981-01-01,12.70267,12.70267,GBR,CPI,TOT,AGRWTH,Q,United Kingdom,Inflation (CPI),Total,Annual growth rate (%),Quarterly
quarterly,OECD,DP_LIVE,OECD Data Live dataset,GBR.CPI.TOT.AGRWTH.Q,United Kingdom – Inflation (CPI) – Total – Annual growth rate (%) – Quarterly,1981-Q2,1981-04-01,11.70065,11.70065,GBR,CPI,TOT,AGRWTH,Q,United Kingdom,Inflation (CPI),Total,Annual growth rate (%),Quarterly
quarterly,OECD,DP_LIVE,OECD Data Live dataset,GBR.CPI.TOT.AGRWTH.Q,United Kingdom – Inflation (CPI) – Total – Annual growth rate (%) – Quarterly,1981-Q3,1981-07-01,11.25713,11.25713,GBR,CPI,TOT,AGRWTH,Q,United Kingdom,Inflation (CPI),Total,Annual growth rate (%),Quarterly
quarterly,OECD,DP_LIVE,OECD Data Live dataset,GBR.CPI.TOT.AGRWTH.Q,United Kingdom – Inflation (CPI) – Total – Annual growth rate (%) – Quarterly,1981-Q4,1981-10-01,11.9036,11.9036,GBR,CPI,TOT,AGRWTH,Q,United Kingdom,Inflation (CPI),Total,Annual growth rate (%),Quarterly
quarterly,OECD,DP_LIVE,OECD Data Live dataset,GBR.CPI.TOT.AGRWTH.Q,United Kingdom – Inflation (CPI) – Total – Annual growth rate (%) – Quarterly,1982-Q1,1982-01-01,11.12828,11.12828,GBR,CPI,TOT,AGRWTH,Q,United Kingdom,Inflation (CPI),Total,Annual growth rate (%),Quarterly
quarterly,OECD,DP_LIVE,OECD Data Live dataset,GBR.CPI.TOT.AGRWTH.Q,United Kingdom – Inflation (CPI) – Total – Annual growth rate (%) – Quarterly,1982-Q2,1982-04-01,9.352681,9.352681,GBR,CPI,TOT,AGRWTH,Q,United Kingdom,Inflation (CPI),Total,Annual growth rate (%),Quarterly
quarterly,OECD,DP_LIVE,OECD Data Live dataset,GBR.CPI.TOT.AGRWTH.Q,United Kingdom – Inflation (CPI) – Total – Annual growth rate (%) – Quarterly,1982-Q3,1982-07-01,7.978605,7.978605,GBR,CPI,TOT,AGRWTH,Q,United Kingdom,Inflation (CPI),Total,Annual growth rate (%),Quarterly
quarterly,OECD,DP_LIVE,OECD Data Live dataset,GBR.CPI.TOT.AGRWTH.Q,United Kingdom – Inflation (CPI) – Total – Annual growth rate (%) – Quarterly,1982-Q4,1982-10-01,6.167066,6.167066,GBR,CPI,TOT,AGRWTH,Q,United Kingdom,Inflation (CPI),Total,Annual growth rate (%),Quarterly
quarterly,OECD,DP_LIVE,OECD Data Live dataset,GBR.CPI.TOT.AGRWTH.Q,United Kingdom – Inflation (CPI) – Total – Annual growth rate (%) – Quarterly,1983-Q1,1983-01-01,4.964159,4.964159,GBR,CPI,TOT,AGRWTH,Q,United Kingdom,Inflation (CPI),Total,Annual growth rate (%),Quarterly
quarterly,OECD,DP_LIVE,OECD Data Live dataset,GBR.CPI.TOT.AGRWTH.Q,United Kingdom – Inflation (CPI) – Total – Annual growth rate (%) – Quarterly,1983-Q2,1983-04-01,3.783952,3.783952,GBR,CPI,TOT,AGRWTH,Q,United Kingdom,Inflation (CPI),Total,Annual growth rate (%),Quarterly
quarterly,OECD,DP_LIVE,OECD Data Live dataset,GBR.CPI.TOT.AGRWTH.Q,United Kingdom – Inflation (CPI) – Total – Annual growth rate (%) – Quarterly,1983-Q3,1983-07-01,4.643963,4.643963,GBR,CPI,TOT,AGRWTH,Q,United Kingdom,Inflation (CPI),Total,Annual growth rate (%),Quarterly
quarterly,OECD,DP_LIVE,OECD Data Live dataset,GBR.CPI.TOT.AGRWTH.Q,United Kingdom – Inflation (CPI) – Total – Annual growth rate (%) – Quarterly,1983-Q4,1983-10-01,5.050712,5.050712,GBR,CPI,TOT,AGRWTH,Q,United Kingdom,Inflation (CPI),Total,Annual growth rate (%),Quarterly
quarterly,OECD,DP_LIVE,OECD Data Live dataset,GBR.CPI.TOT.AGRWTH.Q,United Kingdom – Inflation (CPI) – Total – Annual growth rate (%) – Quarterly,1984-Q1,1984-01-01,5.157476,5.157476,GBR,CPI,TOT,AGRWTH,Q,United Kingdom,Inflation (CPI),Total,Annual growth rate (%),Quarterly
quarterly,OECD,DP_LIVE,OECD Data Live dataset,GBR.CPI.TOT.AGRWTH.Q,United Kingdom – Inflation (CPI) – Total – Annual growth rate (%) – Quarterly,1984-Q2,1984-04-01,5.144341,5.144341,GBR,CPI,TOT,AGRWTH,Q,United Kingdom,Inflation (CPI),Total,Annual growth rate (%),Quarterly
quarterly,OECD,DP_LIVE,OECD Data Live dataset,GBR.CPI.TOT.AGRWTH.Q,United Kingdom – Inflation (CPI) – Total – Annual growth rate (%) – Quarterly,1984-Q3,1984-07-01,4.714004,4.714004,GBR,CPI,TOT,AGRWTH,Q,United Kingdom,Inflation (CPI),Total,Annual growth rate (%),Quarterly
quarterly,OECD,DP_LIVE,OECD Data Live dataset,GBR.CPI.TOT.AGRWTH.Q,United Kingdom – Inflation (CPI) – Total – Annual growth rate (%) – Quarterly,1984-Q4,1984-10-01,4.837137,4.837137,GBR,CPI,TOT,AGRWTH,Q,United Kingdom,Inflation (CPI),Total,Annual growth rate (%),Quarterly
quarterly,OECD,DP_LIVE,OECD Data Live dataset,GBR.CPI.TOT.AGRWTH.Q,United Kingdom – Inflation (CPI) – Total – Annual growth rate (%) – Quarterly,1985-Q1,1985-01-01,5.502947,5.502947,GBR,CPI,TOT,AGRWTH,Q,United Kingdom,Inflation (CPI),Total,Annual growth rate (%),Quarterly
quarterly,OECD,DP_LIVE,OECD Data Live dataset,GBR.CPI.TOT.AGRWTH.Q,United Kingdom – Inflation (CPI) – Total – Annual growth rate (%) – Quarterly,1985-Q2,1985-04-01,6.968751,6.968751,GBR,CPI,TOT,AGRWTH,Q,United Kingdom,Inflation (CPI),Total,Annual growth rate (%),Quarterly
quarterly,OECD,DP_LIVE,OECD Data Live dataset,GBR.CPI.TOT.AGRWTH.Q,United Kingdom – Inflation (CPI) – Total – Annual growth rate (%) – Quarterly,1985-Q3,1985-07-01,6.302005,6.302005,GBR,CPI,TOT,AGRWTH,Q,United Kingdom,Inflation (CPI),Total,Annual growth rate (%),Quarterly
quarterly,OECD,DP_LIVE,OECD Data Live dataset,GBR.CPI.TOT.AGRWTH.Q,United Kingdom – Inflation (CPI) – Total – Annual growth rate (%) – Quarterly,1985-Q4,1985-10-01,5.510506,5.510506,GBR,CPI,TOT,AGRWTH,Q,United Kingdom,Inflation (CPI),Total,Annual growth rate (%),Quarterly
quarterly,OECD,DP_LIVE,OECD Data Live dataset,GBR.CPI.TOT.AGRWTH.Q,United Kingdom – Inflation (CPI) – Total – Annual growth rate (%) – Quarterly,1986-Q1,1986-01-01,4.929322,4.929322,GBR,CPI,TOT,AGRWTH,Q,United Kingdom,Inflation (CPI),Total,Annual growth rate (%),Quarterly
quarterly,OECD,DP_LIVE,OECD Data Live dataset,GBR.CPI.TOT.AGRWTH.Q,United Kingdom – Inflation (CPI) – Total – Annual growth rate (%) – Quarterly,1986-Q2,1986-04-01,2.768045,2.768045,GBR,CPI,TOT,AGRWTH,Q,United Kingdom,Inflation (CPI),Total,Annual growth rate (%),Quarterly
quarterly,OECD,DP_LIVE,OECD Data Live dataset,GBR.CPI.TOT.AGRWTH.Q,United Kingdom – Inflation (CPI) – Total – Annual growth rate (%) – Quarterly,1986-Q3,1986-07-01,2.621461,2.621461,GBR,CPI,TOT,AGRWTH,Q,United Kingdom,Inflation (CPI),Total,Annual growth rate (%),Quarterly
quarterly,OECD,DP_LIVE,OECD Data Live dataset,GBR.CPI.TOT.AGRWTH.Q,United Kingdom – Inflation (CPI) – Total – Annual growth rate (%) – Quarterly,1986-Q4,1986-10-01,3.443478,3.443478,GBR,CPI,TOT,AGRWTH,Q,United Kingdom,Inflation (CPI),Total,Annual growth rate (%),Quarterly
quarterly,OECD,DP_LIVE,OECD Data Live dataset,GBR.CPI.TOT.AGRWTH.Q,United Kingdom – Inflation (CPI) – Total – Annual growth rate (%) – Quarterly,1987-Q1,1987-01-01,3.972366,3.972366,GBR,CPI,TOT,AGRWTH,Q,United Kingdom,Inflation (CPI),Total,Annual growth rate (%),Quarterly
quarterly,OECD,DP_LIVE,OECD Data Live dataset,GBR.CPI.TOT.AGRWTH.Q,United Kingdom – Inflation (CPI) – Total – Annual growth rate (%) – Quarterly,1987-Q2,1987-04-01,4.193658,4.193658,GBR,CPI,TOT,AGRWTH,Q,United Kingdom,Inflation (CPI),Total,Annual growth rate (%),Quarterly
quarterly,OECD,DP_LIVE,OECD Data Live dataset,GBR.CPI.TOT.AGRWTH.Q,United Kingdom – Inflation (CPI) – Total – Annual growth rate (%) – Quarterly,1987-Q3,1987-07-01,4.325613,4.325613,GBR,CPI,TOT,AGRWTH,Q,United Kingdom,Inflation (CPI),Total,Annual growth rate (%),Quarterly
quarterly,OECD,DP_LIVE,OECD Data Live dataset,GBR.CPI.TOT.AGRWTH.Q,United Kingdom – Inflation (CPI) – Total – Annual growth rate (%) – Quarterly,1987-Q4,1987-10-01,4.102219,4.102219,GBR,CPI,TOT,AGRWTH,Q,United Kingdom,Inflation (CPI),Total,Annual growth rate (%),Quarterly
quarterly,OECD,DP_LIVE,OECD Data Live dataset,GBR.CPI.TOT.AGRWTH.Q,United Kingdom – Inflation (CPI) – Total – Annual growth rate (%) – Quarterly,1988-Q1,1988-01-01,3.176335,3.176335,GBR,CPI,TOT,AGRWTH,Q,United Kingdom,Inflation (CPI),Total,Annual growth rate (%),Quarterly
quarterly,OECD,DP_LIVE,OECD Data Live dataset,GBR.CPI.TOT.AGRWTH.Q,United Kingdom – Inflation (CPI) – Total – Annual growth rate (%) – Quarterly,1988-Q2,1988-04-01,3.785486,3.785486,GBR,CPI,TOT,AGRWTH,Q,United Kingdom,Inflation (CPI),Total,Annual growth rate (%),Quarterly
quarterly,OECD,DP_LIVE,OECD Data Live dataset,GBR.CPI.TOT.AGRWTH.Q,United Kingdom – Inflation (CPI) – Total – Annual growth rate (%) – Quarterly,1988-Q3,1988-07-01,4.626928,4.626928,GBR,CPI,TOT,AGRWTH,Q,United Kingdom,Inflation (CPI),Total,Annual growth rate (%),Quarterly
quarterly,OECD,DP_LIVE,OECD Data Live dataset,GBR.CPI.TOT.AGRWTH.Q,United Kingdom – Inflation (CPI) – Total – Annual growth rate (%) – Quarterly,1988-Q4,1988-10-01,5.005702,5.005702,GBR,CPI,TOT,AGRWTH,Q,United Kingdom,Inflation (CPI),Total,Annual growth rate (%),Quarterly
quarterly,OECD,DP_LIVE,OECD Data Live dataset,GBR.CPI.TOT.AGRWTH.Q,United Kingdom – Inflation (CPI) – Total – Annual growth rate (%) – Quarterly,1989-Q1,1989-01-01,5.8,5.8,GBR,CPI,TOT,AGRWTH,Q,United Kingdom,Inflation (CPI),Total,Annual growth rate (%),Quarterly
quarterly,OECD,DP_LIVE,OECD Data Live dataset,GBR.CPI.TOT.AGRWTH.Q,United Kingdom – Inflation (CPI) – Total – Annual growth rate (%) – Quarterly,1989-Q2,1989-04-01,5.8,5.8,GBR,CPI,TOT,AGRWTH,Q,United Kingdom,Inflation (CPI),Total,Annual growth rate (%),Quarterly
quarterly,OECD,DP_LIVE,OECD Data Live dataset,GBR.CPI.TOT.AGRWTH.Q,United Kingdom – Inflation (CPI) – Total – Annual growth rate (%) – Quarterly,1989-Q3,1989-07-01,5.6,5.6,GBR,CPI,TOT,AGRWTH,Q,United Kingdom,Inflation (CPI),Total,Annual growth rate (%),Quarterly
quarterly,OECD,DP_LIVE,OECD Data Live dataset,GBR.CPI.TOT.AGRWTH.Q,United Kingdom – Inflation (CPI) – Total – Annual growth rate (%) – Quarterly,1989-Q4,1989-10-01,5.7,5.7,GBR,CPI,TOT,AGRWTH,Q,United Kingdom,Inflation (CPI),Total,Annual growth rate (%),Quarterly
quarterly,OECD,DP_LIVE,OECD Data Live dataset,GBR.CPI.TOT.AGRWTH.Q,United Kingdom – Inflation (CPI) – Total – Annual growth rate (%) – Quarterly,1990-Q1,1990-01-01,6.1,6.1,GBR,CPI,TOT,AGRWTH,Q,United Kingdom,Inflation (CPI),Total,Annual growth rate (%),Quarterly
quarterly,OECD,DP_LIVE,OECD Data Live dataset,GBR.CPI.TOT.AGRWTH.Q,United Kingdom – Inflation (CPI) – Total – Annual growth rate (%) – Quarterly,1990-Q2,1990-04-01,8.0,8.0,GBR,CPI,TOT,AGRWTH,Q,United Kingdom,Inflation (CPI),Total,Annual growth rate (%),Quarterly
quarterly,OECD,DP_LIVE,OECD Data Live dataset,GBR.CPI.TOT.AGRWTH.Q,United Kingdom – Inflation (CPI) – Total – Annual growth rate (%) – Quarterly,1990-Q3,1990-07-01,8.8,8.8,GBR,CPI,TOT,AGRWTH,Q,United Kingdom,Inflation (CPI),Total,Annual growth rate (%),Quarterly
quarterly,OECD,DP_LIVE,OECD Data Live dataset,GBR.CPI.TOT.AGRWTH.Q,United Kingdom – Inflation (CPI) – Total – Annual growth rate (%) – Quarterly,1990-Q4,1990-10-01,9.2,9.2,GBR,CPI,TOT,AGRWTH,Q,United Kingdom,Inflation (CPI),Total,Annual growth rate (%),Quarterly
quarterly,OECD,DP_LIVE,OECD Data Live dataset,GBR.CPI.TOT.AGRWTH.Q,United Kingdom – Inflation (CPI) – Total – Annual growth rate (%) – Quarterly,1991-Q1,1991-01-01,8.4,8.4,GBR,CPI,TOT,AGRWTH,Q,United Kingdom,Inflation (CPI),Total,Annual growth rate (%),Quarterly
quarterly,OECD,DP_LIVE,OECD Data Live dataset,GBR.CPI.TOT.AGRWTH.Q,United Kingdom – Inflation (CPI) – Total – Annual growth rate (%) – Quarterly,1991-Q2,1991-04-01,7.7,7.7,GBR,CPI,TOT,AGRWTH,Q,United Kingdom,Inflation (CPI),Total,Annual growth rate (%),Quarterly
quarterly,OECD,DP_LIVE,OECD Data Live dataset,GBR.CPI.TOT.AGRWTH.Q,United Kingdom – Inflation (CPI) – Total – Annual growth rate (%) – Quarterly,1991-Q3,1991-07-01,7.3,7.3,GBR,CPI,TOT,AGRWTH,Q,United Kingdom,Inflation (CPI),Total,Annual growth rate (%),Quarterly
quarterly,OECD,DP_LIVE,OECD Data Live dataset,GBR.CPI.TOT.AGRWTH.Q,United Kingdom – Inflation (CPI) – Total – Annual growth rate (%) – Quarterly,1991-Q4,1991-10-01,6.5,6.5,GBR,CPI,TOT,AGRWTH,Q,United Kingdom,Inflation (CPI),Total,Annual growth rate (%),Quarterly
quarterly,OECD,DP_LIVE,OECD Data Live dataset,GBR.CPI.TOT.AGRWTH.Q,United Kingdom – Inflation (CPI) – Total – Annual growth rate (%) – Quarterly,1992-Q1,1992-01-01,6.3,6.3,GBR,CPI,TOT,AGRWTH,Q,United Kingdom,Inflation (CPI),Total,Annual growth rate (%),Quarterly
quarterly,OECD,DP_LIVE,OECD Data Live dataset,GBR.CPI.TOT.AGRWTH.Q,United Kingdom – Inflation (CPI) – Total – Annual growth rate (%) – Quarterly,1992-Q2,1992-04-01,5.0,5.0,GBR,CPI,TOT,AGRWTH,Q,United Kingdom,Inflation (CPI),Total,Annual growth rate (%),Quarterly
quarterly,OECD,DP_LIVE,OECD Data Live dataset,GBR.CPI.TOT.AGRWTH.Q,United Kingdom – Inflation (CPI) – Total – Annual growth rate (%) – Quarterly,1992-Q3,1992-07-01,4.0,4.0,GBR,CPI,TOT,AGRWTH,Q,United Kingdom,Inflation (CPI),Total,Annual growth rate (%),Quarterly
quarterly,OECD,DP_LIVE,OECD Data Live dataset,GBR.CPI.TOT.AGRWTH.Q,United Kingdom – Inflation (CPI) – Total – Annual growth rate (%) – Quarterly,1992-Q4,1992-10-01,3.3,3.3,GBR,CPI,TOT,AGRWTH,Q,United Kingdom,Inflation (CPI),Total,Annual growth rate (%),Quarterly
quarterly,OECD,DP_LIVE,OECD Data Live dataset,GBR.CPI.TOT.AGRWTH.Q,United Kingdom – Inflation (CPI) – Total – Annual growth rate (%) – Quarterly,1993-Q1,1993-01-01,3.1,3.1,GBR,CPI,TOT,AGRWTH,Q,United Kingdom,Inflation (CPI),Total,Annual growth rate (%),Quarterly
quarterly,OECD,DP_LIVE,OECD Data Live dataset,GBR.CPI.TOT.AGRWTH.Q,United Kingdom – Inflation (CPI) – Total – Annual growth rate (%) – Quarterly,1993-Q2,1993-04-01,2.3,2.3,GBR,CPI,TOT,AGRWTH,Q,United Kingdom,Inflation (CPI),Total,Annual growth rate (%),Quarterly
quarterly,OECD,DP_LIVE,OECD Data Live dataset,GBR.CPI.TOT.AGRWTH.Q,United Kingdom – Inflation (CPI) – Total – Annual growth rate (%) – Quarterly,1993-Q3,1993-07-01,2.5,2.5,GBR,CPI,TOT,AGRWTH,Q,United Kingdom,Inflation (CPI),Total,Annual growth rate (%),Quarterly
quarterly,OECD,DP_LIVE,OECD Data Live dataset,GBR.CPI.TOT.AGRWTH.Q,United Kingdom – Inflation (CPI) – Total – Annual growth rate (%) – Quarterly,1993-Q4,1993-10-01,2.2,2.2,GBR,CPI,TOT,AGRWTH,Q,United Kingdom,Inflation (CPI),Total,Annual growth rate (%),Quarterly
quarterly,OECD,DP_LIVE,OECD Data Live dataset,GBR.CPI.TOT.AGRWTH.Q,United Kingdom – Inflation (CPI) – Total – Annual growth rate (%) – Quarterly,1994-Q1,1994-01-01,2.4,2.4,GBR,CPI,TOT,AGRWTH,Q,United Kingdom,Inflation (CPI),Total,Annual growth rate (%),Quarterly
quarterly,OECD,DP_LIVE,OECD Data Live dataset,GBR.CPI.TOT.AGRWTH.Q,United Kingdom – Inflation (CPI) – Total – Annual growth rate (%) – Quarterly,1994-Q2,1994-04-01,2.4,2.4,GBR,CPI,TOT,AGRWTH,Q,United Kingdom,Inflation (CPI),Total,Annual growth rate (%),Quarterly
quarterly,OECD,DP_LIVE,OECD Data Live dataset,GBR.CPI.TOT.AGRWTH.Q,United Kingdom – Inflation (CPI) – Total – Annual growth rate (%) – Quarterly,1994-Q3,1994-07-01,2.1,2.1,GBR,CPI,TOT,AGRWTH,Q,United Kingdom,Inflation (CPI),Total,Annual growth rate (%),Quarterly
quarterly,OECD,DP_LIVE,OECD Data Live dataset,GBR.CPI.TOT.AGRWTH.Q,United Kingdom – Inflation (CPI) – Total – Annual growth rate (%) – Quarterly,1994-Q4,1994-10-01,2.1,2.1,GBR,CPI,TOT,AGRWTH,Q,United Kingdom,Inflation (CPI),Total,Annual growth rate (%),Quarterly
quarterly,OECD,DP_LIVE,OECD Data Live dataset,GBR.CPI.TOT.AGRWTH.Q,United Kingdom – Inflation (CPI) – Total – Annual growth rate (%) – Quarterly,1995-Q1,1995-01-01,2.4,2.4,GBR,CPI,TOT,AGRWTH,Q,United Kingdom,Inflation (CPI),Total,Annual growth rate (%),Quarterly
quarterly,OECD,DP_LIVE,OECD Data Live dataset,GBR.CPI.TOT.AGRWTH.Q,United Kingdom – Inflation (CPI) – Total – Annual growth rate (%) – Quarterly,1995-Q2,1995-04-01,2.5,2.5,GBR,CPI,TOT,AGRWTH,Q,United Kingdom,Inflation (CPI),Total,Annual growth rate (%),Quarterly
quarterly,OECD,DP_LIVE,OECD Data Live dataset,GBR.CPI.TOT.AGRWTH.Q,United Kingdom – Inflation (CPI) – Total – Annual growth rate (%) – Quarterly,1995-Q3,1995-07-01,2.9,2.9,GBR,CPI,TOT,AGRWTH,Q,United Kingdom,Inflation (CPI),Total,Annual growth rate (%),Quarterly
quarterly,OECD,DP_LIVE,OECD Data Live dataset,GBR.CPI.TOT.AGRWTH.Q,United Kingdom – Inflation (CPI) – Total – Annual growth rate (%) – Quarterly,1995-Q4,1995-10-01,3.0,3.0,GBR,CPI,TOT,AGRWTH,Q,United Kingdom,Inflation (CPI),Total,Annual growth rate (%),Quarterly
quarterly,OECD,DP_LIVE,OECD Data Live dataset,GBR.CPI.TOT.AGRWTH.Q,United Kingdom – Inflation (CPI) – Total – Annual growth rate (%) – Quarterly,1996-Q1,1996-01-01,3.0,3.0,GBR,CPI,TOT,AGRWTH,Q,United Kingdom,Inflation (CPI),Total,Annual growth rate (%),Quarterly
quarterly,OECD,DP_LIVE,OECD Data Live dataset,GBR.CPI.TOT.AGRWTH.Q,United Kingdom – Inflation (CPI) – Total – Annual growth rate (%) – Quarterly,1996-Q2,1996-04-01,2.8,2.8,GBR,CPI,TOT,AGRWTH,Q,United Kingdom,Inflation (CPI),Total,Annual growth rate (%),Quarterly
quarterly,OECD,DP_LIVE,OECD Data Live dataset,GBR.CPI.TOT.AGRWTH.Q,United Kingdom – Inflation (CPI) – Total – Annual growth rate (%) – Quarterly,1996-Q3,1996-07-01,2.7,2.7,GBR,CPI,TOT,AGRWTH,Q,United Kingdom,Inflation (CPI),Total,Annual growth rate (%),Quarterly
quarterly,OECD,DP_LIVE,OECD Data Live dataset,GBR.CPI.TOT.AGRWTH.Q,United Kingdom – Inflation (CPI) – Total – Annual growth rate (%) – Quarterly,1996-Q4,1996-10-01,2.9,2.9,GBR,CPI,TOT,AGRWTH,Q,United Kingdom,Inflation (CPI),Total,Annual growth rate (%),Quarterly
quarterly,OECD,DP_LIVE,OECD Data Live dataset,GBR.CPI.TOT.AGRWTH.Q,United Kingdom – Inflation (CPI) – Total – Annual growth rate (%) – Quarterly,1997-Q1,1997-01-01,2.4,2.4,GBR,CPI,TOT,AGRWTH,Q,United Kingdom,Inflation (CPI),Total,Annual growth rate (%),Quarterly
quarterly,OECD,DP_LIVE,OECD Data Live dataset,GBR.CPI.TOT.AGRWTH.Q,United Kingdom – Inflation (CPI) – Total – Annual growth rate (%) – Quarterly,1997-Q2,1997-04-01,2.1,2.1,GBR,CPI,TOT,AGRWTH,Q,United Kingdom,Inflation (CPI),Total,Annual growth rate (%),Quarterly
quarterly,OECD,DP_LIVE,OECD Data Live dataset,GBR.CPI.TOT.AGRWTH.Q,United Kingdom – Inflation (CPI) – Total – Annual growth rate (%) – Quarterly,1997-Q3,1997-07-01,2.3,2.3,GBR,CPI,TOT,AGRWTH,Q,United Kingdom,Inflation (CPI),Total,Annual growth rate (%),Quarterly
quarterly,OECD,DP_LIVE,OECD Data Live dataset,GBR.CPI.TOT.AGRWTH.Q,United Kingdom – Inflation (CPI) – Total – Annual growth rate (%) – Quarterly,1997-Q4,1997-10-01,2.1,2.1,GBR,CPI,TOT,AGRWTH,Q,United Kingdom,Inflation (CPI),Total,Annual growth rate (%),Quarterly
quarterly,OECD,DP_LIVE,OECD Data Live dataset,GBR.CPI.TOT.AGRWTH.Q,United Kingdom – Inflation (CPI) – Total – Annual growth rate (%) – Quarterly,1998-Q1,1998-01-01,1.8,1.8,GBR,CPI,TOT,AGRWTH,Q,United Kingdom,Inflation (CPI),Total,Annual growth rate (%),Quarterly
quarterly,OECD,DP_LIVE,OECD Data Live dataset,GBR.CPI.TOT.AGRWTH.Q,United Kingdom – Inflation (CPI) – Total – Annual growth rate (%) – Quarterly,1998-Q2,1998-04-01,2.0,2.0,GBR,CPI,TOT,AGRWTH,Q,United Kingdom,Inflation (CPI),Total,Annual growth rate (%),Quarterly
quarterly,OECD,DP_LIVE,OECD Data Live dataset,GBR.CPI.TOT.AGRWTH.Q,United Kingdom – Inflation (CPI) – Total – Annual growth rate (%) – Quarterly,1998-Q3,1998-07-01,1.7,1.7,GBR,CPI,TOT,AGRWTH,Q,United Kingdom,Inflation (CPI),Total,Annual growth rate (%),Quarterly
quarterly,OECD,DP_LIVE,OECD Data Live dataset,GBR.CPI.TOT.AGRWTH.Q,United Kingdom – Inflation (CPI) – Total – Annual growth rate (%) – Quarterly,1998-Q4,1998-10-01,1.7,1.7,GBR,CPI,TOT,AGRWTH,Q,United Kingdom,Inflation (CPI),Total,Annual growth rate (%),Quarterly
quarterly,OECD,DP_LIVE,OECD Data Live dataset,GBR.CPI.TOT.AGRWTH.Q,United Kingdom – Inflation (CPI) – Total – Annual growth rate (%) – Quarterly,1999-Q1,1999-01-01,2.0,2.0,GBR,CPI,TOT,AGRWTH,Q,United Kingdom,Inflation (CPI),Total,Annual growth rate (%),Quarterly
quarterly,OECD,DP_LIVE,OECD Data Live dataset,GBR.CPI.TOT.AGRWTH.Q,United Kingdom – Inflation (CPI) – Total – Annual growth rate (%) – Quarterly,1999-Q2,1999-04-01,1.8,1.8,GBR,CPI,TOT,AGRWTH,Q,United Kingdom,Inflation (CPI),Total,Annual growth rate (%),Quarterly
quarterly,OECD,DP_LIVE,OECD Data Live dataset,GBR.CPI.TOT.AGRWTH.Q,United Kingdom – Inflation (CPI) – Total – Annual growth rate (%) – Quarterly,1999-Q3,1999-07-01,1.6,1.6,GBR,CPI,TOT,AGRWTH,Q,United Kingdom,Inflation (CPI),Total,Annual growth rate (%),Quarterly
quarterly,OECD,DP_LIVE,OECD Data Live dataset,GBR.CPI.TOT.AGRWTH.Q,United Kingdom – Inflation (CPI) – Total – Annual growth rate (%) – Quarterly,1999-Q4,1999-10-01,1.5,1.5,GBR,CPI,TOT,AGRWTH,Q,United Kingdom,Inflation (CPI),Total,Annual growth rate (%),Quarterly
quarterly,OECD,DP_LIVE,OECD Data Live dataset,GBR.CPI.TOT.AGRWTH.Q,United Kingdom – Inflation (CPI) – Total – Annual growth rate (%) – Quarterly,2000-Q1,2000-01-01,1.1,1.1,GBR,CPI,TOT,AGRWTH,Q,United Kingdom,Inflation (CPI),Total,Annual growth rate (%),Quarterly
quarterly,OECD,DP_LIVE,OECD Data Live dataset,GBR.CPI.TOT.AGRWTH.Q,United Kingdom – Inflation (CPI) – Total – Annual growth rate (%) – Quarterly,2000-Q2,2000-04-01,1.0,1.0,GBR,CPI,TOT,AGRWTH,Q,United Kingdom,Inflation (CPI),Total,Annual growth rate (%),Quarterly
quarterly,OECD,DP_LIVE,OECD Data Live dataset,GBR.CPI.TOT.AGRWTH.Q,United Kingdom – Inflation (CPI) – Total – Annual growth rate (%) – Quarterly,2000-Q3,2000-07-01,1.2,1.2,GBR,CPI,TOT,AGRWTH,Q,United Kingdom,Inflation (CPI),Total,Annual growth rate (%),Quarterly
quarterly,OECD,DP_LIVE,OECD Data Live dataset,GBR.CPI.TOT.AGRWTH.Q,United Kingdom – Inflation (CPI) – Total – Annual growth rate (%) – Quarterly,2000-Q4,2000-10-01,1.4,1.4,GBR,CPI,TOT,AGRWTH,Q,United Kingdom,Inflation (CPI),Total,Annual growth rate (%),Quarterly
quarterly,OECD,DP_LIVE,OECD Data Live dataset,GBR.CPI.TOT.AGRWTH.Q,United Kingdom – Inflation (CPI) – Total – Annual growth rate (%) – Quarterly,2001-Q1,2001-01-01,1.3,1.3,GBR,CPI,TOT,AGRWTH,Q,United Kingdom,Inflation (CPI),Total,Annual growth rate (%),Quarterly
quarterly,OECD,DP_LIVE,OECD Data Live dataset,GBR.CPI.TOT.AGRWTH.Q,United Kingdom – Inflation (CPI) – Total – Annual growth rate (%) – Quarterly,2001-Q2,2001-04-01,1.8,1.8,GBR,CPI,TOT,AGRWTH,Q,United Kingdom,Inflation (CPI),Total,Annual growth rate (%),Quarterly
quarterly,OECD,DP_LIVE,OECD Data Live dataset,GBR.CPI.TOT.AGRWTH.Q,United Kingdom – Inflation (CPI) – Total – Annual growth rate (%) – Quarterly,2001-Q3,2001-07-01,1.8,1.8,GBR,CPI,TOT,AGRWTH,Q,United Kingdom,Inflation (CPI),Total,Annual growth rate (%),Quarterly
quarterly,OECD,DP_LIVE,OECD Data Live dataset,GBR.CPI.TOT.AGRWTH.Q,United Kingdom – Inflation (CPI) – Total – Annual growth rate (%) – Quarterly,2001-Q4,2001-10-01,1.4,1.4,GBR,CPI,TOT,AGRWTH,Q,United Kingdom,Inflation (CPI),Total,Annual growth rate (%),Quarterly
quarterly,OECD,DP_LIVE,OECD Data Live dataset,GBR.CPI.TOT.AGRWTH.Q,United Kingdom – Inflation (CPI) – Total – Annual growth rate (%) – Quarterly,2002-Q1,2002-01-01,1.7,1.7,GBR,CPI,TOT,AGRWTH,Q,United Kingdom,Inflation (CPI),Total,Annual growth rate (%),Quarterly
quarterly,OECD,DP_LIVE,OECD Data Live dataset,GBR.CPI.TOT.AGRWTH.Q,United Kingdom – Inflation (CPI) – Total – Annual growth rate (%) – Quarterly,2002-Q2,2002-04-01,1.3,1.3,GBR,CPI,TOT,AGRWTH,Q,United Kingdom,Inflation (CPI),Total,Annual growth rate (%),Quarterly
quarterly,OECD,DP_LIVE,OECD Data Live dataset,GBR.CPI.TOT.AGRWTH.Q,United Kingdom – Inflation (CPI) – Total – Annual growth rate (%) – Quarterly,2002-Q3,2002-07-01,1.3,1.3,GBR,CPI,TOT,AGRWTH,Q,United Kingdom,Inflation (CPI),Total,Annual growth rate (%),Quarterly
quarterly,OECD,DP_LIVE,OECD Data Live dataset,GBR.CPI.TOT.AGRWTH.Q,United Kingdom – Inflation (CPI) – Total – Annual growth rate (%) – Quarterly,2002-Q4,2002-10-01,1.6,1.6,GBR,CPI,TOT,AGRWTH,Q,United Kingdom,Inflation (CPI),Total,Annual growth rate (%),Quarterly
quarterly,OECD,DP_LIVE,OECD Data Live dataset,GBR.CPI.TOT.AGRWTH.Q,United Kingdom – Inflation (CPI) – Total – Annual growth rate (%) – Quarterly,2003-Q1,2003-01-01,1.5,1.5,GBR,CPI,TOT,AGRWTH,Q,United Kingdom,Inflation (CPI),Total,Annual growth rate (%),Quarterly
quarterly,OECD,DP_LIVE,OECD Data Live dataset,GBR.CPI.TOT.AGRWTH.Q,United Kingdom – Inflation (CPI) – Total – Annual growth rate (%) – Quarterly,2003-Q2,2003-04-01,1.3,1.3,GBR,CPI,TOT,AGRWTH,Q,United Kingdom,Inflation (CPI),Total,Annual growth rate (%),Quarterly
quarterly,OECD,DP_LIVE,OECD Data Live dataset,GBR.CPI.TOT.AGRWTH.Q,United Kingdom – Inflation (CPI) – Total – Annual growth rate (%) – Quarterly,2003-Q3,2003-07-01,1.4,1.4,GBR,CPI,TOT,AGRWTH,Q,United Kingdom,Inflation (CPI),Total,Annual growth rate (%),Quarterly
quarterly,OECD,DP_LIVE,OECD Data Live dataset,GBR.CPI.TOT.AGRWTH.Q,United Kingdom – Inflation (CPI) – Total – Annual growth rate (%) – Quarterly,2003-Q4,2003-10-01,1.3,1.3,GBR,CPI,TOT,AGRWTH,Q,United Kingdom,Inflation (CPI),Total,Annual growth rate (%),Quarterly
quarterly,OECD,DP_LIVE,OECD Data Live dataset,GBR.CPI.TOT.AGRWTH.Q,United Kingdom – Inflation (CPI) – Total – Annual growth rate (%) – Quarterly,2004-Q1,2004-01-01,1.3,1.3,GBR,CPI,TOT,AGRWTH,Q,United Kingdom,Inflation (CPI),Total,Annual growth rate (%),Quarterly
quarterly,OECD,DP_LIVE,OECD Data Live dataset,GBR.CPI.TOT.AGRWTH.Q,United Kingdom – Inflation (CPI) – Total – Annual growth rate (%) – Quarterly,2004-Q2,2004-04-01,1.3,1.3,GBR,CPI,TOT,AGRWTH,Q,United Kingdom,Inflation (CPI),Total,Annual growth rate (%),Quarterly
quarterly,OECD,DP_LIVE,OECD Data Live dataset,GBR.CPI.TOT.AGRWTH.Q,United Kingdom – Inflation (CPI) – Total – Annual growth rate (%) – Quarterly,2004-Q3,2004-07-01,1.3,1.3,GBR,CPI,TOT,AGRWTH,Q,United Kingdom,Inflation (CPI),Total,Annual growth rate (%),Quarterly
quarterly,OECD,DP_LIVE,OECD Data Live dataset,GBR.CPI.TOT.AGRWTH.Q,United Kingdom – Inflation (CPI) – Total – Annual growth rate (%) – Quarterly,2004-Q4,2004-10-01,1.5,1.5,GBR,CPI,TOT,AGRWTH,Q,United Kingdom,Inflation (CPI),Total,Annual growth rate (%),Quarterly
quarterly,OECD,DP_LIVE,OECD Data Live dataset,GBR.CPI.TOT.AGRWTH.Q,United Kingdom – Inflation (CPI) – Total – Annual growth rate (%) – Quarterly,2005-Q1,2005-01-01,1.8,1.8,GBR,CPI,TOT,AGRWTH,Q,United Kingdom,Inflation (CPI),Total,Annual growth rate (%),Quarterly
quarterly,OECD,DP_LIVE,OECD Data Live dataset,GBR.CPI.TOT.AGRWTH.Q,United Kingdom – Inflation (CPI) – Total – Annual growth rate (%) – Quarterly,2005-Q2,2005-04-01,1.9,1.9,GBR,CPI,TOT,AGRWTH,Q,United Kingdom,Inflation (CPI),Total,Annual growth rate (%),Quarterly
quarterly,OECD,DP_LIVE,OECD Data Live dataset,GBR.CPI.TOT.AGRWTH.Q,United Kingdom – Inflation (CPI) – Total – Annual growth rate (%) – Quarterly,2005-Q3,2005-07-01,2.4,2.4,GBR,CPI,TOT,AGRWTH,Q,United Kingdom,Inflation (CPI),Total,Annual growth rate (%),Quarterly
quarterly,OECD,DP_LIVE,OECD Data Live dataset,GBR.CPI.TOT.AGRWTH.Q,United Kingdom – Inflation (CPI) – Total – Annual growth rate (%) – Quarterly,2005-Q4,2005-10-01,2.2,2.2,GBR,CPI,TOT,AGRWTH,Q,United Kingdom,Inflation (CPI),Total,Annual growth rate (%),Quarterly
quarterly,OECD,DP_LIVE,OECD Data Live dataset,GBR.CPI.TOT.AGRWTH.Q,United Kingdom – Inflation (CPI) – Total – Annual growth rate (%) – Quarterly,2006-Q1,2006-01-01,2.1,2.1,GBR,CPI,TOT,AGRWTH,Q,United Kingdom,Inflation (CPI),Total,Annual growth rate (%),Quarterly
quarterly,OECD,DP_LIVE,OECD Data Live dataset,GBR.CPI.TOT.AGRWTH.Q,United Kingdom – Inflation (CPI) – Total – Annual growth rate (%) – Quarterly,2006-Q2,2006-04-01,2.4,2.4,GBR,CPI,TOT,AGRWTH,Q,United Kingdom,Inflation (CPI),Total,Annual growth rate (%),Quarterly
quarterly,OECD,DP_LIVE,OECD Data Live dataset,GBR.CPI.TOT.AGRWTH.Q,United Kingdom – Inflation (CPI) – Total – Annual growth rate (%) – Quarterly,2006-Q3,2006-07-01,2.5,2.5,GBR,CPI,TOT,AGRWTH,Q,United Kingdom,Inflation (CPI),Total,Annual growth rate (%),Quarterly
quarterly,OECD,DP_LIVE,OECD Data Live dataset,GBR.CPI.TOT.AGRWTH.Q,United Kingdom – Inflation (CPI) – Total – Annual growth rate (%) – Quarterly,2006-Q4,2006-10-01,2.7,2.7,GBR,CPI,TOT,AGRWTH,Q,United Kingdom,Inflation (CPI),Total,Annual growth rate (%),Quarterly
quarterly,OECD,DP_LIVE,OECD Data Live dataset,GBR.CPI.TOT.AGRWTH.Q,United Kingdom – Inflation (CPI) – Total – Annual growth rate (%) – Quarterly,2007-Q1,2007-01-01,2.8,2.8,GBR,CPI,TOT,AGRWTH,Q,United Kingdom,Inflation (CPI),Total,Annual growth rate (%),Quarterly
quarterly,OECD,DP_LIVE,OECD Data Live dataset,GBR.CPI.TOT.AGRWTH.Q,United Kingdom – Inflation (CPI) – Total – Annual growth rate (%) – Quarterly,2007-Q2,2007-04-01,2.6,2.6,GBR,CPI,TOT,AGRWTH,Q,United Kingdom,Inflation (CPI),Total,Annual growth rate (%),Quarterly
quarterly,OECD,DP_LIVE,OECD Data Live dataset,GBR.CPI.TOT.AGRWTH.Q,United Kingdom – Inflation (CPI) – Total – Annual growth rate (%) – Quarterly,2007-Q3,2007-07-01,2.0,2.0,GBR,CPI,TOT,AGRWTH,Q,United Kingdom,Inflation (CPI),Total,Annual growth rate (%),Quarterly
quarterly,OECD,DP_LIVE,OECD Data Live dataset,GBR.CPI.TOT.AGRWTH.Q,United Kingdom – Inflation (CPI) – Total – Annual growth rate (%) – Quarterly,2007-Q4,2007-10-01,2.3,2.3,GBR,CPI,TOT,AGRWTH,Q,United Kingdom,Inflation (CPI),Total,Annual growth rate (%),Quarterly
quarterly,OECD,DP_LIVE,OECD Data Live dataset,GBR.CPI.TOT.AGRWTH.Q,United Kingdom – Inflation (CPI) – Total – Annual growth rate (%) – Quarterly,2008-Q1,2008-01-01,2.5,2.5,GBR,CPI,TOT,AGRWTH,Q,United Kingdom,Inflation (CPI),Total,Annual growth rate (%),Quarterly
quarterly,OECD,DP_LIVE,OECD Data Live dataset,GBR.CPI.TOT.AGRWTH.Q,United Kingdom – Inflation (CPI) – Total – Annual growth rate (%) – Quarterly,2008-Q2,2008-04-01,3.3,3.3,GBR,CPI,TOT,AGRWTH,Q,United Kingdom,Inflation (CPI),Total,Annual growth rate (%),Quarterly
quarterly,OECD,DP_LIVE,OECD Data Live dataset,GBR.CPI.TOT.AGRWTH.Q,United Kingdom – Inflation (CPI) – Total – Annual growth rate (%) – Quarterly,2008-Q3,2008-07-01,4.5,4.5,GBR,CPI,TOT,AGRWTH,Q,United Kingdom,Inflation (CPI),Total,Annual growth rate (%),Quarterly
quarterly,OECD,DP_LIVE,OECD Data Live dataset,GBR.CPI.TOT.AGRWTH.Q,United Kingdom – Inflation (CPI) – Total – Annual growth rate (%) – Quarterly,2008-Q4,2008-10-01,3.7,3.7,GBR,CPI,TOT,AGRWTH,Q,United Kingdom,Inflation (CPI),Total,Annual growth rate (%),Quarterly
quarterly,OECD,DP_LIVE,OECD Data Live dataset,GBR.CPI.TOT.AGRWTH.Q,United Kingdom – Inflation (CPI) – Total – Annual growth rate (%) – Quarterly,2009-Q1,2009-01-01,2.9,2.9,GBR,CPI,TOT,AGRWTH,Q,United Kingdom,Inflation (CPI),Total,Annual growth rate (%),Quarterly
quarterly,OECD,DP_LIVE,OECD Data Live dataset,GBR.CPI.TOT.AGRWTH.Q,United Kingdom – Inflation (CPI) – Total – Annual growth rate (%) – Quarterly,2009-Q2,2009-04-01,2.0,2.0,GBR,CPI,TOT,AGRWTH,Q,United Kingdom,Inflation (CPI),Total,Annual growth rate (%),Quarterly
quarterly,OECD,DP_LIVE,OECD Data Live dataset,GBR.CPI.TOT.AGRWTH.Q,United Kingdom – Inflation (CPI) – Total – Annual growth rate (%) – Quarterly,2009-Q3,2009-07-01,1.4,1.4,GBR,CPI,TOT,AGRWTH,Q,United Kingdom,Inflation (CPI),Total,Annual growth rate (%),Quarterly
quarterly,OECD,DP_LIVE,OECD Data Live dataset,GBR.CPI.TOT.AGRWTH.Q,United Kingdom – Inflation (CPI) – Total – Annual growth rate (%) – Quarterly,2009-Q4,2009-10-01,1.6,1.6,GBR,CPI,TOT,AGRWTH,Q,United Kingdom,Inflation (CPI),Total,Annual growth rate (%),Quarterly
quarterly,OECD,DP_LIVE,OECD Data Live dataset,GBR.CPI.TOT.AGRWTH.Q,United Kingdom – Inflation (CPI) – Total – Annual growth rate (%) – Quarterly,2010-Q1,2010-01-01,2.4,2.4,GBR,CPI,TOT,AGRWTH,Q,United Kingdom,Inflation (CPI),Total,Annual growth rate (%),Quarterly
quarterly,OECD,DP_LIVE,OECD Data Live dataset,GBR.CPI.TOT.AGRWTH.Q,United Kingdom – Inflation (CPI) – Total – Annual growth rate (%) – Quarterly,2010-Q2,2010-04-01,2.5,2.5,GBR,CPI,TOT,AGRWTH,Q,United Kingdom,Inflation (CPI),Total,Annual growth rate (%),Quarterly
quarterly,OECD,DP_LIVE,OECD Data Live dataset,GBR.CPI.TOT.AGRWTH.Q,United Kingdom – Inflation (CPI) – Total – Annual growth rate (%) – Quarterly,2010-Q3,2010-07-01,2.3,2.3,GBR,CPI,TOT,AGRWTH,Q,United Kingdom,Inflation (CPI),Total,Annual growth rate (%),Quarterly
quarterly,OECD,DP_LIVE,OECD Data Live dataset,GBR.CPI.TOT.AGRWTH.Q,United Kingdom – Inflation (CPI) – Total – Annual growth rate (%) – Quarterly,2010-Q4,2010-10-01,2.7,2.7,GBR,CPI,TOT,AGRWTH,Q,United Kingdom,Inflation (CPI),Total,Annual growth rate (%),Quarterly
quarterly,OECD,DP_LIVE,OECD Data Live dataset,GBR.CPI.TOT.AGRWTH.Q,United Kingdom – Inflation (CPI) – Total – Annual growth rate (%) – Quarterly,2011-Q1,2011-01-01,3.5,3.5,GBR,CPI,TOT,AGRWTH,Q,United Kingdom,Inflation (CPI),Total,Annual growth rate (%),Quarterly
quarterly,OECD,DP_LIVE,OECD Data Live dataset,GBR.CPI.TOT.AGRWTH.Q,United Kingdom – Inflation (CPI) – Total – Annual growth rate (%) – Quarterly,2011-Q2,2011-04-01,3.8,3.8,GBR,CPI,TOT,AGRWTH,Q,United Kingdom,Inflation (CPI),Total,Annual growth rate (%),Quarterly
quarterly,OECD,DP_LIVE,OECD Data Live dataset,GBR.CPI.TOT.AGRWTH.Q,United Kingdom – Inflation (CPI) – Total – Annual growth rate (%) – Quarterly,2011-Q3,2011-07-01,4.0,4.0,GBR,CPI,TOT,AGRWTH,Q,United Kingdom,Inflation (CPI),Total,Annual growth rate (%),Quarterly
quarterly,OECD,DP_LIVE,OECD Data Live dataset,GBR.CPI.TOT.AGRWTH.Q,United Kingdom – Inflation (CPI) – Total – Annual growth rate (%) – Quarterly,2011-Q4,2011-10-01,4.0,4.0,GBR,CPI,TOT,AGRWTH,Q,United Kingdom,Inflation (CPI),Total,Annual growth rate (%),Quarterly
quarterly,OECD,DP_LIVE,OECD Data Live dataset,GBR.CPI.TOT.AGRWTH.Q,United Kingdom – Inflation (CPI) – Total – Annual growth rate (%) – Quarterly,2012-Q1,2012-01-01,3.1,3.1,GBR,CPI,TOT,AGRWTH,Q,United Kingdom,Inflation (CPI),Total,Annual growth rate (%),Quarterly
quarterly,OECD,DP_LIVE,OECD Data Live dataset,GBR.CPI.TOT.AGRWTH.Q,United Kingdom – Inflation (CPI) – Total – Annual growth rate (%) – Quarterly,2012-Q2,2012-04-01,2.5,2.5,GBR,CPI,TOT,AGRWTH,Q,United Kingdom,Inflation (CPI),Total,Annual growth rate (%),Quarterly
quarterly,OECD,DP_LIVE,OECD Data Live dataset,GBR.CPI.TOT.AGRWTH.Q,United Kingdom – Inflation (CPI) – Total – Annual growth rate (%) – Quarterly,2012-Q3,2012-07-01,2.2,2.2,GBR,CPI,TOT,AGRWTH,Q,United Kingdom,Inflation (CPI),Total,Annual growth rate (%),Quarterly
quarterly,OECD,DP_LIVE,OECD Data Live dataset,GBR.CPI.TOT.AGRWTH.Q,United Kingdom – Inflation (CPI) – Total – Annual growth rate (%) – Quarterly,2012-Q4,2012-10-01,2.4,2.4,GBR,CPI,TOT,AGRWTH,Q,United Kingdom,Inflation (CPI),Total,Annual growth rate (%),Quarterly
quarterly,OECD,DP_LIVE,OECD Data Live dataset,GBR.CPI.TOT.AGRWTH.Q,United Kingdom – Inflation (CPI) – Total – Annual growth rate (%) – Quarterly,2013-Q1,2013-01-01,2.5,2.5,GBR,CPI,TOT,AGRWTH,Q,United Kingdom,Inflation (CPI),Total,Annual growth rate (%),Quarterly
quarterly,OECD,DP_LIVE,OECD Data Live dataset,GBR.CPI.TOT.AGRWTH.Q,United Kingdom – Inflation (CPI) – Total – Annual growth rate (%) – Quarterly,2013-Q2,2013-04-01,2.4,2.4,GBR,CPI,TOT,AGRWTH,Q,United Kingdom,Inflation (CPI),Total,Annual growth rate (%),Quarterly
quarterly,OECD,DP_LIVE,OECD Data Live dataset,GBR.CPI.TOT.AGRWTH.Q,United Kingdom – Inflation (CPI) – Total – Annual growth rate (%) – Quarterly,2013-Q3,2013-07-01,2.4,2.4,GBR,CPI,TOT,AGRWTH,Q,United Kingdom,Inflation (CPI),Total,Annual growth rate (%),Quarterly
quarterly,OECD,DP_LIVE,OECD Data Live dataset,GBR.CPI.TOT.AGRWTH.Q,United Kingdom – Inflation (CPI) – Total – Annual growth rate (%) – Quarterly,2013-Q4,2013-10-01,1.9,1.9,GBR,CPI,TOT,AGRWTH,Q,United Kingdom,Inflation (CPI),Total,Annual growth rate (%),Quarterly
quarterly,OECD,DP_LIVE,OECD Data Live dataset,GBR.CPI.TOT.AGRWTH.Q,United Kingdom – Inflation (CPI) – Total – Annual growth rate (%) – Quarterly,2014-Q1,2014-01-01,1.6,1.6,GBR,CPI,TOT,AGRWTH,Q,United Kingdom,Inflation (CPI),Total,Annual growth rate (%),Quarterly
quarterly,OECD,DP_LIVE,OECD Data Live dataset,GBR.CPI.TOT.AGRWTH.Q,United Kingdom – Inflation (CPI) – Total – Annual growth rate (%) – Quarterly,2014-Q2,2014-04-01,1.6,1.6,GBR,CPI,TOT,AGRWTH,Q,United Kingdom,Inflation (CPI),Total,Annual growth rate (%),Quarterly
quarterly,OECD,DP_LIVE,OECD Data Live dataset,GBR.CPI.TOT.AGRWTH.Q,United Kingdom – Inflation (CPI) – Total – Annual growth rate (%) – Quarterly,2014-Q3,2014-07-01,1.5,1.5,GBR,CPI,TOT,AGRWTH,Q,United Kingdom,Inflation (CPI),Total,Annual growth rate (%),Quarterly
quarterly,OECD,DP_LIVE,OECD Data Live dataset,GBR.CPI.TOT.AGRWTH.Q,United Kingdom – Inflation (CPI) – Total – Annual growth rate (%) – Quarterly,2014-Q4,2014-10-01,1.1,1.1,GBR,CPI,TOT,AGRWTH,Q,United Kingdom,Inflation (CPI),Total,Annual growth rate (%),Quarterly
quarterly,OECD,DP_LIVE,OECD Data Live dataset,GBR.CPI.TOT.AGRWTH.Q,United Kingdom – Inflation (CPI) – Total – Annual growth rate (%) – Quarterly,2015-Q1,2015-01-01,0.4,0.4,GBR,CPI,TOT,AGRWTH,Q,United Kingdom,Inflation (CPI),Total,Annual growth rate (%),Quarterly
quarterly,OECD,DP_LIVE,OECD Data Live dataset,GBR.CPI.TOT.AGRWTH.Q,United Kingdom – Inflation (CPI) – Total – Annual growth rate (%) – Quarterly,2015-Q2,2015-04-01,0.3,0.3,GBR,CPI,TOT,AGRWTH,Q,United Kingdom,Inflation (CPI),Total,Annual growth rate (%),Quarterly
quarterly,OECD,DP_LIVE,OECD Data Live dataset,GBR.CPI.TOT.AGRWTH.Q,United Kingdom – Inflation (CPI) – Total – Annual growth rate (%) – Quarterly,2015-Q3,2015-07-01,0.4,0.4,GBR,CPI,TOT,AGRWTH,Q,United Kingdom,Inflation (CPI),Total,Annual growth rate (%),Quarterly
quarterly,OECD,DP_LIVE,OECD Data Live dataset,GBR.CPI.TOT.AGRWTH.Q,United Kingdom – Inflation (CPI) – Total – Annual growth rate (%) – Quarterly,2015-Q4,2015-10-01,0.4,0.4,GBR,CPI,TOT,AGRWTH,Q,United Kingdom,Inflation (CPI),Total,Annual growth rate (%),Quarterly
quarterly,OECD,DP_LIVE,OECD Data Live dataset,GBR.CPI.TOT.AGRWTH.Q,United Kingdom – Inflation (CPI) – Total – Annual growth rate (%) – Quarterly,2016-Q1,2016-01-01,0.7,0.7,GBR,CPI,TOT,AGRWTH,Q,United Kingdom,Inflation (CPI),Total,Annual growth rate (%),Quarterly
quarterly,OECD,DP_LIVE,OECD Data Live dataset,GBR.CPI.TOT.AGRWTH.Q,United Kingdom – Inflation (CPI) – Total – Annual growth rate (%) – Quarterly,2016-Q2,2016-04-01,0.7,0.7,GBR,CPI,TOT,AGRWTH,Q,United Kingdom,Inflation (CPI),Total,Annual growth rate (%),Quarterly
quarterly,OECD,DP_LIVE,OECD Data Live dataset,GBR.CPI.TOT.AGRWTH.Q,United Kingdom – Inflation (CPI) – Total – Annual growth rate (%) – Quarterly,2016-Q3,2016-07-01,1.0,1.0,GBR,CPI,TOT,AGRWTH,Q,United Kingdom,Inflation (CPI),Total,Annual growth rate (%),Quarterly
quarterly,OECD,DP_LIVE,OECD Data Live dataset,GBR.CPI.TOT.AGRWTH.Q,United Kingdom – Inflation (CPI) – Total – Annual growth rate (%) – Quarterly,2016-Q4,2016-10-01,1.5,1.5,GBR,CPI,TOT,AGRWTH,Q,United Kingdom,Inflation (CPI),Total,Annual growth rate (%),Quarterly
quarterly,OECD,DP_LIVE,OECD Data Live dataset,GBR.CPI.TOT.AGRWTH.Q,United Kingdom – Inflation (CPI) – Total – Annual growth rate (%) – Quarterly,2017-Q1,2017-01-01,2.2,2.2,GBR,CPI,TOT,AGRWTH,Q,United Kingdom,Inflation (CPI),Total,Annual growth rate (%),Quarterly
quarterly,OECD,DP_LIVE,OECD Data Live dataset,GBR.CPI.TOT.AGRWTH.Q,United Kingdom – Inflation (CPI) – Total – Annual growth rate (%) – Quarterly,2017-Q2,2017-04-01,2.6,2.6,GBR,CPI,TOT,AGRWTH,Q,United Kingdom,Inflation (CPI),Total,Annual growth rate (%),Quarterly
quarterly,OECD,DP_LIVE,OECD Data Live dataset,GBR.CPI.TOT.AGRWTH.Q,United Kingdom – Inflation (CPI) – Total – Annual growth rate (%) – Quarterly,2017-Q3,2017-07-01,2.7,2.7,GBR,CPI,TOT,AGRWTH,Q,United Kingdom,Inflation (CPI),Total,Annual growth rate (%),Quarterly
quarterly,OECD,DP_LIVE,OECD Data Live dataset,GBR.CPI.TOT.AGRWTH.Q,United Kingdom – Inflation (CPI) – Total – Annual growth rate (%) – Quarterly,2017-Q4,2017-10-01,2.8,2.8,GBR,CPI,TOT,AGRWTH,Q,United Kingdom,Inflation (CPI),Total,Annual growth rate (%),Quarterly
quarterly,OECD,DP_LIVE,OECD Data Live dataset,GBR.CPI.TOT.AGRWTH.Q,United Kingdom – Inflation (CPI) – Total – Annual growth rate (%) – Quarterly,2018-Q1,2018-01-01,2.5,2.5,GBR,CPI,TOT,AGRWTH,Q,United Kingdom,Inflation (CPI),Total,Annual growth rate (%),Quarterly
quarterly,OECD,DP_LIVE,OECD Data Live dataset,GBR.CPI.TOT.AGRWTH.Q,United Kingdom – Inflation (CPI) – Total – Annual growth rate (%) – Quarterly,2018-Q2,2018-04-01,2.2,2.2,GBR,CPI,TOT,AGRWTH,Q,United Kingdom,Inflation (CPI),Total,Annual growth rate (%),Quarterly
quarterly,OECD,DP_LIVE,OECD Data Live dataset,GBR.CPI.TOT.AGRWTH.Q,United Kingdom – Inflation (CPI) – Total – Annual growth rate (%) – Quarterly,2018-Q3,2018-07-01,2.3,2.3,GBR,CPI,TOT,AGRWTH,Q,United Kingdom,Inflation (CPI),Total,Annual growth rate (%),Quarterly
quarterly,OECD,DP_LIVE,OECD Data Live dataset,GBR.CPI.TOT.AGRWTH.Q,United Kingdom – Inflation (CPI) – Total – Annual growth rate (%) – Quarterly,2018-Q4,2018-10-01,2.1,2.1,GBR,CPI,TOT,AGRWTH,Q,United Kingdom,Inflation (CPI),Total,Annual growth rate (%),Quarterly
quarterly,OECD,DP_LIVE,OECD Data Live dataset,GBR.CPI.TOT.AGRWTH.Q,United Kingdom – Inflation (CPI) – Total – Annual growth rate (%) – Quarterly,2019-Q1,2019-01-01,1.8,1.8,GBR,CPI,TOT,AGRWTH,Q,United Kingdom,Inflation (CPI),Total,Annual growth rate (%),Quarterly
quarterly,OECD,DP_LIVE,OECD Data Live dataset,GBR.CPI.TOT.AGRWTH.Q,United Kingdom – Inflation (CPI) – Total – Annual growth rate (%) – Quarterly,2019-Q2,2019-04-01,2.0,2.0,GBR,CPI,TOT,AGRWTH,Q,United Kingdom,Inflation (CPI),Total,Annual growth rate (%),Quarterly
quarterly,OECD,DP_LIVE,OECD Data Live dataset,GBR.CPI.TOT.AGRWTH.Q,United Kingdom – Inflation (CPI) – Total – Annual growth rate (%) – Quarterly,2019-Q3,2019-07-01,1.8,1.8,GBR,CPI,TOT,AGRWTH,Q,United Kingdom,Inflation (CPI),Total,Annual growth rate (%),Quarterly
quarterly,OECD,DP_LIVE,OECD Data Live dataset,GBR.CPI.TOT.AGRWTH.Q,United Kingdom – Inflation (CPI) – Total – Annual growth rate (%) – Quarterly,2019-Q4,2019-10-01,1.4,1.4,GBR,CPI,TOT,AGRWTH,Q,United Kingdom,Inflation (CPI),Total,Annual growth rate (%),Quarterly
quarterly,OECD,DP_LIVE,OECD Data Live dataset,GBR.CPI.TOT.AGRWTH.Q,United Kingdom – Inflation (CPI) – Total – Annual growth rate (%) – Quarterly,2020-Q1,2020-01-01,1.7,1.7,GBR,CPI,TOT,AGRWTH,Q,United Kingdom,Inflation (CPI),Total,Annual growth rate (%),Quarterly
quarterly,OECD,DP_LIVE,OECD Data Live dataset,GBR.CPI.TOT.AGRWTH.Q,United Kingdom – Inflation (CPI) – Total – Annual growth rate (%) – Quarterly,2020-Q2,2020-04-01,0.8,0.8,GBR,CPI,TOT,AGRWTH,Q,United Kingdom,Inflation (CPI),Total,Annual growth rate (%),Quarterly
quarterly,OECD,DP_LIVE,OECD Data Live dataset,GBR.CPI.TOT.AGRWTH.Q,United Kingdom – Inflation (CPI) – Total – Annual growth rate (%) – Quarterly,2020-Q3,2020-07-01,0.8,0.8,GBR,CPI,TOT,AGRWTH,Q,United Kingdom,Inflation (CPI),Total,Annual growth rate (%),Quarterly
quarterly,OECD,DP_LIVE,OECD Data Live dataset,GBR.CPI.TOT.AGRWTH.Q,United Kingdom – Inflation (CPI) – Total – Annual growth rate (%) – Quarterly,2020-Q4,2020-10-01,0.8,0.8,GBR,CPI,TOT,AGRWTH,Q,United Kingdom,Inflation (CPI),Total,Annual growth rate (%),Quarterly
quarterly,OECD,DP_LIVE,OECD Data Live dataset,GBR.CPI.TOT.AGRWTH.Q,United Kingdom – Inflation (CPI) – Total – Annual growth rate (%) – Quarterly,2021-Q1,2021-01-01,0.9,0.9,GBR,CPI,TOT,AGRWTH,Q,United Kingdom,Inflation (CPI),Total,Annual growth rate (%),Quarterly
quarterly,OECD,DP_LIVE,OECD Data Live dataset,GBR.CPI.TOT.AGRWTH.Q,United Kingdom – Inflation (CPI) – Total – Annual growth rate (%) – Quarterly,2021-Q2,2021-04-01,2.1,2.1,GBR,CPI,TOT,AGRWTH,Q,United Kingdom,Inflation (CPI),Total,Annual growth rate (%),Quarterly
quarterly,OECD,DP_LIVE,OECD Data Live dataset,GBR.CPI.TOT.AGRWTH.Q,United Kingdom – Inflation (CPI) – Total – Annual growth rate (%) – Quarterly,2021-Q3,2021-07-01,2.7,2.7,GBR,CPI,TOT,AGRWTH,Q,United Kingdom,Inflation (CPI),Total,Annual growth rate (%),Quarterly
quarterly,OECD,DP_LIVE,OECD Data Live dataset,GBR.CPI.TOT.AGRWTH.Q,United Kingdom – Inflation (CPI) – Total – Annual growth rate (%) – Quarterly,2021-Q4,2021-10-01,4.4,4.4,GBR,CPI,TOT,AGRWTH,Q,United Kingdom,Inflation (CPI),Total,Annual growth rate (%),Quarterly
quarterly,OECD,DP_LIVE,OECD Data Live dataset,GBR.CPI.TOT.AGRWTH.Q,United Kingdom – Inflation (CPI) – Total – Annual growth rate (%) – Quarterly,2022-Q1,2022-01-01,5.5,5.5,GBR,CPI,TOT,AGRWTH,Q,United Kingdom,Inflation (CPI),Total,Annual growth rate (%),Quarterly
quarterly,OECD,DP_LIVE,OECD Data Live dataset,GBR.CPI.TOT.AGRWTH.Q,United Kingdom – Inflation (CPI) – Total – Annual growth rate (%) – Quarterly,2022-Q2,2022-04-01,7.9,7.9,GBR,CPI,TOT,AGRWTH,Q,United Kingdom,Inflation (CPI),Total,Annual growth rate (%),Quarterly
quarterly,OECD,DP_LIVE,OECD Data Live dataset,GBR.CPI.TOT.AGRWTH.Q,United Kingdom – Inflation (CPI) – Total – Annual growth rate (%) – Quarterly,2022-Q3,2022-07-01,8.7,8.7,GBR,CPI,TOT,AGRWTH,Q,United Kingdom,Inflation (CPI),Total,Annual growth rate (%),Quarterly
quarterly,OECD,DP_LIVE,OECD Data Live dataset,GBR.CPI.TOT.AGRWTH.Q,United Kingdom – Inflation (CPI) – Total – Annual growth rate (%) – Quarterly,2022-Q4,2022-10-01,9.4,9.4,GBR,CPI,TOT,AGRWTH,Q,United Kingdom,Inflation (CPI),Total,Annual growth rate (%),Quarterly
quarterly,OECD,DP_LIVE,OECD Data Live dataset,GBR.CPI.TOT.AGRWTH.Q,United Kingdom – Inflation (CPI) – Total – Annual growth rate (%) – Quarterly,2023-Q1,2023-01-01,9.0,9.0,GBR,CPI,TOT,AGRWTH,Q,United Kingdom,Inflation (CPI),Total,Annual growth rate (%),Quarterly
quarterly,OECD,DP_LIVE,OECD Data Live dataset,GBR.CPI.TOT.AGRWTH.Q,United Kingdom – Inflation (CPI) – Total – Annual growth rate (%) – Quarterly,2023-Q2,2023-04-01,7.7,7.7,GBR,CPI,TOT,AGRWTH,Q,United Kingdom,Inflation (CPI),Total,Annual growth rate (%),Quarterly
quarterly,OECD,DP_LIVE,OECD Data Live dataset,GBR.CPI.TOT.AGRWTH.Q,United Kingdom – Inflation (CPI) – Total – Annual growth rate (%) – Quarterly,2023-Q3,2023-07-01,6.3,6.3,GBR,CPI,TOT,AGRWTH,Q,United Kingdom,Inflation (CPI),Total,Annual growth rate (%),Quarterly
quarterly,OECD,DP_LIVE,OECD Data Live dataset,USA.CPI.TOT.AGRWTH.Q,United States – Inflation (CPI) – Total – Annual growth rate (%) – Quarterly,1956-Q1,1956-01-01,0.3745318,0.3745318,USA,CPI,TOT,AGRWTH,Q,United States,Inflation (CPI),Total,Annual growth rate (%),Quarterly
quarterly,OECD,DP_LIVE,OECD Data Live dataset,USA.CPI.TOT.AGRWTH.Q,United States – Inflation (CPI) – Total – Annual growth rate (%) – Quarterly,1956-Q2,1956-04-01,1.248439,1.248439,USA,CPI,TOT,AGRWTH,Q,United States,Inflation (CPI),Total,Annual growth rate (%),Quarterly
quarterly,OECD,DP_LIVE,OECD Data Live dataset,USA.CPI.TOT.AGRWTH.Q,United States – Inflation (CPI) – Total – Annual growth rate (%) – Quarterly,1956-Q3,1956-07-01,1.987578,1.987578,USA,CPI,TOT,AGRWTH,Q,United States,Inflation (CPI),Total,Annual growth rate (%),Quarterly
quarterly,OECD,DP_LIVE,OECD Data Live dataset,USA.CPI.TOT.AGRWTH.Q,United States – Inflation (CPI) – Total – Annual growth rate (%) – Quarterly,1956-Q4,1956-10-01,2.48139,2.48139,USA,CPI,TOT,AGRWTH,Q,United States,Inflation (CPI),Total,Annual growth rate (%),Quarterly
quarterly,OECD,DP_LIVE,OECD Data Live dataset,USA.CPI.TOT.AGRWTH.Q,United States – Inflation (CPI) – Total – Annual growth rate (%) – Quarterly,1957-Q1,1957-01-01,3.358209,3.358209,USA,CPI,TOT,AGRWTH,Q,United States,Inflation (CPI),Total,Annual growth rate (%),Quarterly
quarterly,OECD,DP_LIVE,OECD Data Live dataset,USA.CPI.TOT.AGRWTH.Q,United States – Inflation (CPI) – Total – Annual growth rate (%) – Quarterly,1957-Q2,1957-04-01,3.575832,3.575832,USA,CPI,TOT,AGRWTH,Q,United States,Inflation (CPI),Total,Annual growth rate (%),Quarterly
quarterly,OECD,DP_LIVE,OECD Data Live dataset,USA.CPI.TOT.AGRWTH.Q,United States – Inflation (CPI) – Total – Annual growth rate (%) – Quarterly,1957-Q3,1957-07-01,3.410475,3.410475,USA,CPI,TOT,AGRWTH,Q,United States,Inflation (CPI),Total,Annual growth rate (%),Quarterly
quarterly,OECD,DP_LIVE,OECD Data Live dataset,USA.CPI.TOT.AGRWTH.Q,United States – Inflation (CPI) – Total – Annual growth rate (%) – Quarterly,1957-Q4,1957-10-01,3.026634,3.026634,USA,CPI,TOT,AGRWTH,Q,United States,Inflation (CPI),Total,Annual growth rate (%),Quarterly
quarterly,OECD,DP_LIVE,OECD Data Live dataset,USA.CPI.TOT.AGRWTH.Q,United States – Inflation (CPI) – Total – Annual growth rate (%) – Quarterly,1958-Q1,1958-01-01,3.489771,3.489771,USA,CPI,TOT,AGRWTH,Q,United States,Inflation (CPI),Total,Annual growth rate (%),Quarterly
quarterly,OECD,DP_LIVE,OECD Data Live dataset,USA.CPI.TOT.AGRWTH.Q,United States – Inflation (CPI) – Total – Annual growth rate (%) – Quarterly,1958-Q2,1958-04-01,3.214286,3.214286,USA,CPI,TOT,AGRWTH,Q,United States,Inflation (CPI),Total,Annual growth rate (%),Quarterly
quarterly,OECD,DP_LIVE,OECD Data Live dataset,USA.CPI.TOT.AGRWTH.Q,United States – Inflation (CPI) – Total – Annual growth rate (%) – Quarterly,1958-Q3,1958-07-01,2.237927,2.237927,USA,CPI,TOT,AGRWTH,Q,United States,Inflation (CPI),Total,Annual growth rate (%),Quarterly
quarterly,OECD,DP_LIVE,OECD Data Live dataset,USA.CPI.TOT.AGRWTH.Q,United States – Inflation (CPI) – Total – Annual growth rate (%) – Quarterly,1958-Q4,1958-10-01,1.99765,1.99765,USA,CPI,TOT,AGRWTH,Q,United States,Inflation (CPI),Total,Annual growth rate (%),Quarterly
quarterly,OECD,DP_LIVE,OECD Data Live dataset,USA.CPI.TOT.AGRWTH.Q,United States – Inflation (CPI) – Total – Annual growth rate (%) – Quarterly,1959-Q1,1959-01-01,0.9302326,0.9302326,USA,CPI,TOT,AGRWTH,Q,United States,Inflation (CPI),Total,Annual growth rate (%),Quarterly
quarterly,OECD,DP_LIVE,OECD Data Live dataset,USA.CPI.TOT.AGRWTH.Q,United States – Inflation (CPI) – Total – Annual growth rate (%) – Quarterly,1959-Q2,1959-04-01,0.461361,0.461361,USA,CPI,TOT,AGRWTH,Q,United States,Inflation (CPI),Total,Annual growth rate (%),Quarterly
quarterly,OECD,DP_LIVE,OECD Data Live dataset,USA.CPI.TOT.AGRWTH.Q,United States – Inflation (CPI) – Total – Annual growth rate (%) – Quarterly,1959-Q3,1959-07-01,1.036866,1.036866,USA,CPI,TOT,AGRWTH,Q,United States,Inflation (CPI),Total,Annual growth rate (%),Quarterly
quarterly,OECD,DP_LIVE,OECD Data Live dataset,USA.CPI.TOT.AGRWTH.Q,United States – Inflation (CPI) – Total – Annual growth rate (%) – Quarterly,1959-Q4,1959-10-01,1.612903,1.612903,USA,CPI,TOT,AGRWTH,Q,United States,Inflation (CPI),Total,Annual growth rate (%),Quarterly
quarterly,OECD,DP_LIVE,OECD Data Live dataset,USA.CPI.TOT.AGRWTH.Q,United States – Inflation (CPI) – Total – Annual growth rate (%) – Quarterly,1960-Q1,1960-01-01,1.497696,1.497696,USA,CPI,TOT,AGRWTH,Q,United States,Inflation (CPI),Total,Annual growth rate (%),Quarterly
quarterly,OECD,DP_LIVE,OECD Data Live dataset,USA.CPI.TOT.AGRWTH.Q,United States – Inflation (CPI) – Total – Annual growth rate (%) – Quarterly,1960-Q2,1960-04-01,1.722158,1.722158,USA,CPI,TOT,AGRWTH,Q,United States,Inflation (CPI),Total,Annual growth rate (%),Quarterly
quarterly,OECD,DP_LIVE,OECD Data Live dataset,USA.CPI.TOT.AGRWTH.Q,United States – Inflation (CPI) – Total – Annual growth rate (%) – Quarterly,1960-Q3,1960-07-01,1.254276,1.254276,USA,CPI,TOT,AGRWTH,Q,United States,Inflation (CPI),Total,Annual growth rate (%),Quarterly
quarterly,OECD,DP_LIVE,OECD Data Live dataset,USA.CPI.TOT.AGRWTH.Q,United States – Inflation (CPI) – Total – Annual growth rate (%) – Quarterly,1960-Q4,1960-10-01,1.360544,1.360544,USA,CPI,TOT,AGRWTH,Q,United States,Inflation (CPI),Total,Annual growth rate (%),Quarterly
quarterly,OECD,DP_LIVE,OECD Data Live dataset,USA.CPI.TOT.AGRWTH.Q,United States – Inflation (CPI) – Total – Annual growth rate (%) – Quarterly,1961-Q1,1961-01-01,1.475596,1.475596,USA,CPI,TOT,AGRWTH,Q,United States,Inflation (CPI),Total,Annual growth rate (%),Quarterly
quarterly,OECD,DP_LIVE,OECD Data Live dataset,USA.CPI.TOT.AGRWTH.Q,United States – Inflation (CPI) – Total – Annual growth rate (%) – Quarterly,1961-Q2,1961-04-01,0.9029346,0.9029346,USA,CPI,TOT,AGRWTH,Q,United States,Inflation (CPI),Total,Annual growth rate (%),Quarterly
quarterly,OECD,DP_LIVE,OECD Data Live dataset,USA.CPI.TOT.AGRWTH.Q,United States – Inflation (CPI) – Total – Annual growth rate (%) – Quarterly,1961-Q3,1961-07-01,1.238739,1.238739,USA,CPI,TOT,AGRWTH,Q,United States,Inflation (CPI),Total,Annual growth rate (%),Quarterly
quarterly,OECD,DP_LIVE,OECD Data Live dataset,USA.CPI.TOT.AGRWTH.Q,United States – Inflation (CPI) – Total – Annual growth rate (%) – Quarterly,1961-Q4,1961-10-01,0.671141,0.671141,USA,CPI,TOT,AGRWTH,Q,United States,Inflation (CPI),Total,Annual growth rate (%),Quarterly
quarterly,OECD,DP_LIVE,OECD Data Live dataset,USA.CPI.TOT.AGRWTH.Q,United States – Inflation (CPI) – Total – Annual growth rate (%) – Quarterly,1962-Q1,1962-01-01,0.8948546,0.8948546,USA,CPI,TOT,AGRWTH,Q,United States,Inflation (CPI),Total,Annual growth rate (%),Quarterly
quarterly,OECD,DP_LIVE,OECD Data Live dataset,USA.CPI.TOT.AGRWTH.Q,United States – Inflation (CPI) – Total – Annual growth rate (%) – Quarterly,1962-Q2,1962-04-01,1.342282,1.342282,USA,CPI,TOT,AGRWTH,Q,United States,Inflation (CPI),Total,Annual growth rate (%),Quarterly
quarterly,OECD,DP_LIVE,OECD Data Live dataset,USA.CPI.TOT.AGRWTH.Q,United States – Inflation (CPI) – Total – Annual growth rate (%) – Quarterly,1962-Q3,1962-07-01,1.223582,1.223582,USA,CPI,TOT,AGRWTH,Q,United States,Inflation (CPI),Total,Annual growth rate (%),Quarterly
quarterly,OECD,DP_LIVE,OECD Data Live dataset,USA.CPI.TOT.AGRWTH.Q,United States – Inflation (CPI) – Total – Annual growth rate (%) – Quarterly,1962-Q4,1962-10-01,1.333333,1.333333,USA,CPI,TOT,AGRWTH,Q,United States,Inflation (CPI),Total,Annual growth rate (%),Quarterly
quarterly,OECD,DP_LIVE,OECD Data Live dataset,USA.CPI.TOT.AGRWTH.Q,United States – Inflation (CPI) – Total – Annual growth rate (%) – Quarterly,1963-Q1,1963-01-01,1.219512,1.219512,USA,CPI,TOT,AGRWTH,Q,United States,Inflation (CPI),Total,Annual growth rate (%),Quarterly
quarterly,OECD,DP_LIVE,OECD Data Live dataset,USA.CPI.TOT.AGRWTH.Q,United States – Inflation (CPI) – Total – Annual growth rate (%) – Quarterly,1963-Q2,1963-04-01,1.103753,1.103753,USA,CPI,TOT,AGRWTH,Q,United States,Inflation (CPI),Total,Annual growth rate (%),Quarterly
quarterly,OECD,DP_LIVE,OECD Data Live dataset,USA.CPI.TOT.AGRWTH.Q,United States – Inflation (CPI) – Total – Annual growth rate (%) – Quarterly,1963-Q3,1963-07-01,1.208791,1.208791,USA,CPI,TOT,AGRWTH,Q,United States,Inflation (CPI),Total,Annual growth rate (%),Quarterly
quarterly,OECD,DP_LIVE,OECD Data Live dataset,USA.CPI.TOT.AGRWTH.Q,United States – Inflation (CPI) – Total – Annual growth rate (%) – Quarterly,1963-Q4,1963-10-01,1.425439,1.425439,USA,CPI,TOT,AGRWTH,Q,United States,Inflation (CPI),Total,Annual growth rate (%),Quarterly
quarterly,OECD,DP_LIVE,OECD Data Live dataset,USA.CPI.TOT.AGRWTH.Q,United States – Inflation (CPI) – Total – Annual growth rate (%) – Quarterly,1964-Q1,1964-01-01,1.533406,1.533406,USA,CPI,TOT,AGRWTH,Q,United States,Inflation (CPI),Total,Annual growth rate (%),Quarterly
quarterly,OECD,DP_LIVE,OECD Data Live dataset,USA.CPI.TOT.AGRWTH.Q,United States – Inflation (CPI) – Total – Annual growth rate (%) – Quarterly,1964-Q2,1964-04-01,1.310044,1.310044,USA,CPI,TOT,AGRWTH,Q,United States,Inflation (CPI),Total,Annual growth rate (%),Quarterly
quarterly,OECD,DP_LIVE,OECD Data Live dataset,USA.CPI.TOT.AGRWTH.Q,United States – Inflation (CPI) – Total – Annual growth rate (%) – Quarterly,1964-Q3,1964-07-01,1.194354,1.194354,USA,CPI,TOT,AGRWTH,Q,United States,Inflation (CPI),Total,Annual growth rate (%),Quarterly
quarterly,OECD,DP_LIVE,OECD Data Live dataset,USA.CPI.TOT.AGRWTH.Q,United States – Inflation (CPI) – Total – Annual growth rate (%) – Quarterly,1964-Q4,1964-10-01,1.081081,1.081081,USA,CPI,TOT,AGRWTH,Q,United States,Inflation (CPI),Total,Annual growth rate (%),Quarterly
quarterly,OECD,DP_LIVE,OECD Data Live dataset,USA.CPI.TOT.AGRWTH.Q,United States – Inflation (CPI) – Total – Annual growth rate (%) – Quarterly,1965-Q1,1965-01-01,1.078749,1.078749,USA,CPI,TOT,AGRWTH,Q,United States,Inflation (CPI),Total,Annual growth rate (%),Quarterly
quarterly,OECD,DP_LIVE,OECD Data Live dataset,USA.CPI.TOT.AGRWTH.Q,United States – Inflation (CPI) – Total – Annual growth rate (%) – Quarterly,1965-Q2,1965-04-01,1.724138,1.724138,USA,CPI,TOT,AGRWTH,Q,United States,Inflation (CPI),Total,Annual growth rate (%),Quarterly
quarterly,OECD,DP_LIVE,OECD Data Live dataset,USA.CPI.TOT.AGRWTH.Q,United States – Inflation (CPI) – Total – Annual growth rate (%) – Quarterly,1965-Q3,1965-07-01,1.716738,1.716738,USA,CPI,TOT,AGRWTH,Q,United States,Inflation (CPI),Total,Annual growth rate (%),Quarterly
quarterly,OECD,DP_LIVE,OECD Data Live dataset,USA.CPI.TOT.AGRWTH.Q,United States – Inflation (CPI) – Total – Annual growth rate (%) – Quarterly,1965-Q4,1965-10-01,1.818182,1.818182,USA,CPI,TOT,AGRWTH,Q,United States,Inflation (CPI),Total,Annual growth rate (%),Quarterly
quarterly,OECD,DP_LIVE,OECD Data Live dataset,USA.CPI.TOT.AGRWTH.Q,United States – Inflation (CPI) – Total – Annual growth rate (%) – Quarterly,1966-Q1,1966-01-01,2.347919,2.347919,USA,CPI,TOT,AGRWTH,Q,United States,Inflation (CPI),Total,Annual growth rate (%),Quarterly
quarterly,OECD,DP_LIVE,OECD Data Live dataset,USA.CPI.TOT.AGRWTH.Q,United States – Inflation (CPI) – Total – Annual growth rate (%) – Quarterly,1966-Q2,1966-04-01,2.754237,2.754237,USA,CPI,TOT,AGRWTH,Q,United States,Inflation (CPI),Total,Annual growth rate (%),Quarterly
quarterly,OECD,DP_LIVE,OECD Data Live dataset,USA.CPI.TOT.AGRWTH.Q,United States – Inflation (CPI) – Total – Annual growth rate (%) – Quarterly,1966-Q3,1966-07-01,3.270042,3.270042,USA,CPI,TOT,AGRWTH,Q,United States,Inflation (CPI),Total,Annual growth rate (%),Quarterly
quarterly,OECD,DP_LIVE,OECD Data Live dataset,USA.CPI.TOT.AGRWTH.Q,United States – Inflation (CPI) – Total – Annual growth rate (%) – Quarterly,1966-Q4,1966-10-01,3.676471,3.676471,USA,CPI,TOT,AGRWTH,Q,United States,Inflation (CPI),Total,Annual growth rate (%),Quarterly
quarterly,OECD,DP_LIVE,OECD Data Live dataset,USA.CPI.TOT.AGRWTH.Q,United States – Inflation (CPI) – Total – Annual growth rate (%) – Quarterly,1967-Q1,1967-01-01,3.023983,3.023983,USA,CPI,TOT,AGRWTH,Q,United States,Inflation (CPI),Total,Annual growth rate (%),Quarterly
quarterly,OECD,DP_LIVE,OECD Data Live dataset,USA.CPI.TOT.AGRWTH.Q,United States – Inflation (CPI) – Total – Annual growth rate (%) – Quarterly,1967-Q2,1967-04-01,2.680412,2.680412,USA,CPI,TOT,AGRWTH,Q,United States,Inflation (CPI),Total,Annual growth rate (%),Quarterly
quarterly,OECD,DP_LIVE,OECD Data Live dataset,USA.CPI.TOT.AGRWTH.Q,United States – Inflation (CPI) – Total – Annual growth rate (%) – Quarterly,1967-Q3,1967-07-01,2.655771,2.655771,USA,CPI,TOT,AGRWTH,Q,United States,Inflation (CPI),Total,Annual growth rate (%),Quarterly
quarterly,OECD,DP_LIVE,OECD Data Live dataset,USA.CPI.TOT.AGRWTH.Q,United States – Inflation (CPI) – Total – Annual growth rate (%) – Quarterly,1967-Q4,1967-10-01,2.735562,2.735562,USA,CPI,TOT,AGRWTH,Q,United States,Inflation (CPI),Total,Annual growth rate (%),Quarterly
quarterly,OECD,DP_LIVE,OECD Data Live dataset,USA.CPI.TOT.AGRWTH.Q,United States – Inflation (CPI) – Total – Annual growth rate (%) – Quarterly,1968-Q1,1968-01-01,3.846154,3.846154,USA,CPI,TOT,AGRWTH,Q,United States,Inflation (CPI),Total,Annual growth rate (%),Quarterly
quarterly,OECD,DP_LIVE,OECD Data Live dataset,USA.CPI.TOT.AGRWTH.Q,United States – Inflation (CPI) – Total – Annual growth rate (%) – Quarterly,1968-Q2,1968-04-01,4.016064,4.016064,USA,CPI,TOT,AGRWTH,Q,United States,Inflation (CPI),Total,Annual growth rate (%),Quarterly
quarterly,OECD,DP_LIVE,OECD Data Live dataset,USA.CPI.TOT.AGRWTH.Q,United States – Inflation (CPI) – Total – Annual growth rate (%) – Quarterly,1968-Q3,1968-07-01,4.477612,4.477612,USA,CPI,TOT,AGRWTH,Q,United States,Inflation (CPI),Total,Annual growth rate (%),Quarterly
quarterly,OECD,DP_LIVE,OECD Data Live dataset,USA.CPI.TOT.AGRWTH.Q,United States – Inflation (CPI) – Total – Annual growth rate (%) – Quarterly,1968-Q4,1968-10-01,4.733728,4.733728,USA,CPI,TOT,AGRWTH,Q,United States,Inflation (CPI),Total,Annual growth rate (%),Quarterly
quarterly,OECD,DP_LIVE,OECD Data Live dataset,USA.CPI.TOT.AGRWTH.Q,United States – Inflation (CPI) – Total – Annual growth rate (%) – Quarterly,1969-Q1,1969-01-01,4.775828,4.775828,USA,CPI,TOT,AGRWTH,Q,United States,Inflation (CPI),Total,Annual growth rate (%),Quarterly
quarterly,OECD,DP_LIVE,OECD Data Live dataset,USA.CPI.TOT.AGRWTH.Q,United States – Inflation (CPI) – Total – Annual growth rate (%) – Quarterly,1969-Q2,1969-04-01,5.501931,5.501931,USA,CPI,TOT,AGRWTH,Q,United States,Inflation (CPI),Total,Annual growth rate (%),Quarterly
quarterly,OECD,DP_LIVE,OECD Data Live dataset,USA.CPI.TOT.AGRWTH.Q,United States – Inflation (CPI) – Total – Annual growth rate (%) – Quarterly,1969-Q3,1969-07-01,5.619048,5.619048,USA,CPI,TOT,AGRWTH,Q,United States,Inflation (CPI),Total,Annual growth rate (%),Quarterly
quarterly,OECD,DP_LIVE,OECD Data Live dataset,USA.CPI.TOT.AGRWTH.Q,United States – Inflation (CPI) – Total – Annual growth rate (%) – Quarterly,1969-Q4,1969-10-01,5.932203,5.932203,USA,CPI,TOT,AGRWTH,Q,United States,Inflation (CPI),Total,Annual growth rate (%),Quarterly
quarterly,OECD,DP_LIVE,OECD Data Live dataset,USA.CPI.TOT.AGRWTH.Q,United States – Inflation (CPI) – Total – Annual growth rate (%) – Quarterly,1970-Q1,1970-01-01,6.046512,6.046512,USA,CPI,TOT,AGRWTH,Q,United States,Inflation (CPI),Total,Annual growth rate (%),Quarterly
quarterly,OECD,DP_LIVE,OECD Data Live dataset,USA.CPI.TOT.AGRWTH.Q,United States – Inflation (CPI) – Total – Annual growth rate (%) – Quarterly,1970-Q2,1970-04-01,6.038426,6.038426,USA,CPI,TOT,AGRWTH,Q,United States,Inflation (CPI),Total,Annual growth rate (%),Quarterly
quarterly,OECD,DP_LIVE,OECD Data Live dataset,USA.CPI.TOT.AGRWTH.Q,United States – Inflation (CPI) – Total – Annual growth rate (%) – Quarterly,1970-Q3,1970-07-01,5.680793,5.680793,USA,CPI,TOT,AGRWTH,Q,United States,Inflation (CPI),Total,Annual growth rate (%),Quarterly
quarterly,OECD,DP_LIVE,OECD Data Live dataset,USA.CPI.TOT.AGRWTH.Q,United States – Inflation (CPI) – Total – Annual growth rate (%) – Quarterly,1970-Q4,1970-10-01,5.6,5.6,USA,CPI,TOT,AGRWTH,Q,United States,Inflation (CPI),Total,Annual growth rate (%),Quarterly
quarterly,OECD,DP_LIVE,OECD Data Live dataset,USA.CPI.TOT.AGRWTH.Q,United States – Inflation (CPI) – Total – Annual growth rate (%) – Quarterly,1971-Q1,1971-01-01,5.0,5.0,USA,CPI,TOT,AGRWTH,Q,United States,Inflation (CPI),Total,Annual growth rate (%),Quarterly
quarterly,OECD,DP_LIVE,OECD Data Live dataset,USA.CPI.TOT.AGRWTH.Q,United States – Inflation (CPI) – Total – Annual growth rate (%) – Quarterly,1971-Q2,1971-04-01,4.400345,4.400345,USA,CPI,TOT,AGRWTH,Q,United States,Inflation (CPI),Total,Annual growth rate (%),Quarterly
quarterly,OECD,DP_LIVE,OECD Data Live dataset,USA.CPI.TOT.AGRWTH.Q,United States – Inflation (CPI) – Total – Annual growth rate (%) – Quarterly,1971-Q3,1971-07-01,4.351536,4.351536,USA,CPI,TOT,AGRWTH,Q,United States,Inflation (CPI),Total,Annual growth rate (%),Quarterly
quarterly,OECD,DP_LIVE,OECD Data Live dataset,USA.CPI.TOT.AGRWTH.Q,United States – Inflation (CPI) – Total – Annual growth rate (%) – Quarterly,1971-Q4,1971-10-01,3.451179,3.451179,USA,CPI,TOT,AGRWTH,Q,United States,Inflation (CPI),Total,Annual growth rate (%),Quarterly
quarterly,OECD,DP_LIVE,OECD Data Live dataset,USA.CPI.TOT.AGRWTH.Q,United States – Inflation (CPI) – Total – Annual growth rate (%) – Quarterly,1972-Q1,1972-01-01,3.42523,3.42523,USA,CPI,TOT,AGRWTH,Q,United States,Inflation (CPI),Total,Annual growth rate (%),Quarterly
quarterly,OECD,DP_LIVE,OECD Data Live dataset,USA.CPI.TOT.AGRWTH.Q,United States – Inflation (CPI) – Total – Annual growth rate (%) – Quarterly,1972-Q2,1972-04-01,3.140496,3.140496,USA,CPI,TOT,AGRWTH,Q,United States,Inflation (CPI),Total,Annual growth rate (%),Quarterly
quarterly,OECD,DP_LIVE,OECD Data Live dataset,USA.CPI.TOT.AGRWTH.Q,United States – Inflation (CPI) – Total – Annual growth rate (%) – Quarterly,1972-Q3,1972-07-01,3.025347,3.025347,USA,CPI,TOT,AGRWTH,Q,United States,Inflation (CPI),Total,Annual growth rate (%),Quarterly
quarterly,OECD,DP_LIVE,OECD Data Live dataset,USA.CPI.TOT.AGRWTH.Q,United States – Inflation (CPI) – Total – Annual growth rate (%) – Quarterly,1972-Q4,1972-10-01,3.49878,3.49878,USA,CPI,TOT,AGRWTH,Q,United States,Inflation (CPI),Total,Annual growth rate (%),Quarterly
quarterly,OECD,DP_LIVE,OECD Data Live dataset,USA.CPI.TOT.AGRWTH.Q,United States – Inflation (CPI) – Total – Annual growth rate (%) – Quarterly,1973-Q1,1973-01-01,4.038772,4.038772,USA,CPI,TOT,AGRWTH,Q,United States,Inflation (CPI),Total,Annual growth rate (%),Quarterly
quarterly,OECD,DP_LIVE,OECD Data Live dataset,USA.CPI.TOT.AGRWTH.Q,United States – Inflation (CPI) – Total – Annual growth rate (%) – Quarterly,1973-Q2,1973-04-01,5.528846,5.528846,USA,CPI,TOT,AGRWTH,Q,United States,Inflation (CPI),Total,Annual growth rate (%),Quarterly
quarterly,OECD,DP_LIVE,OECD Data Live dataset,USA.CPI.TOT.AGRWTH.Q,United States – Inflation (CPI) – Total – Annual growth rate (%) – Quarterly,1973-Q3,1973-07-01,6.825397,6.825397,USA,CPI,TOT,AGRWTH,Q,United States,Inflation (CPI),Total,Annual growth rate (%),Quarterly
quarterly,OECD,DP_LIVE,OECD Data Live dataset,USA.CPI.TOT.AGRWTH.Q,United States – Inflation (CPI) – Total – Annual growth rate (%) – Quarterly,1973-Q4,1973-10-01,8.254717,8.254717,USA,CPI,TOT,AGRWTH,Q,United States,Inflation (CPI),Total,Annual growth rate (%),Quarterly
quarterly,OECD,DP_LIVE,OECD Data Live dataset,USA.CPI.TOT.AGRWTH.Q,United States – Inflation (CPI) – Total – Annual growth rate (%) – Quarterly,1974-Q1,1974-01-01,9.937888,9.937888,USA,CPI,TOT,AGRWTH,Q,United States,Inflation (CPI),Total,Annual growth rate (%),Quarterly
quarterly,OECD,DP_LIVE,OECD Data Live dataset,USA.CPI.TOT.AGRWTH.Q,United States – Inflation (CPI) – Total – Annual growth rate (%) – Quarterly,1974-Q2,1974-04-01,10.55429,10.55429,USA,CPI,TOT,AGRWTH,Q,United States,Inflation (CPI),Total,Annual growth rate (%),Quarterly
quarterly,OECD,DP_LIVE,OECD Data Live dataset,USA.CPI.TOT.AGRWTH.Q,United States – Inflation (CPI) – Total – Annual growth rate (%) – Quarterly,1974-Q3,1974-07-01,11.44131,11.44131,USA,CPI,TOT,AGRWTH,Q,United States,Inflation (CPI),Total,Annual growth rate (%),Quarterly
quarterly,OECD,DP_LIVE,OECD Data Live dataset,USA.CPI.TOT.AGRWTH.Q,United States – Inflation (CPI) – Total – Annual growth rate (%) – Quarterly,1974-Q4,1974-10-01,12.20044,12.20044,USA,CPI,TOT,AGRWTH,Q,United States,Inflation (CPI),Total,Annual growth rate (%),Quarterly
quarterly,OECD,DP_LIVE,OECD Data Live dataset,USA.CPI.TOT.AGRWTH.Q,United States – Inflation (CPI) – Total – Annual growth rate (%) – Quarterly,1975-Q1,1975-01-01,11.08757,11.08757,USA,CPI,TOT,AGRWTH,Q,United States,Inflation (CPI),Total,Annual growth rate (%),Quarterly
quarterly,OECD,DP_LIVE,OECD Data Live dataset,USA.CPI.TOT.AGRWTH.Q,United States – Inflation (CPI) – Total – Annual growth rate (%) – Quarterly,1975-Q2,1975-04-01,9.684066,9.684066,USA,CPI,TOT,AGRWTH,Q,United States,Inflation (CPI),Total,Annual growth rate (%),Quarterly
quarterly,OECD,DP_LIVE,OECD Data Live dataset,USA.CPI.TOT.AGRWTH.Q,United States – Inflation (CPI) – Total – Annual growth rate (%) – Quarterly,1975-Q3,1975-07-01,8.733334,8.733334,USA,CPI,TOT,AGRWTH,Q,United States,Inflation (CPI),Total,Annual growth rate (%),Quarterly
quarterly,OECD,DP_LIVE,OECD Data Live dataset,USA.CPI.TOT.AGRWTH.Q,United States – Inflation (CPI) – Total – Annual growth rate (%) – Quarterly,1975-Q4,1975-10-01,7.249191,7.249191,USA,CPI,TOT,AGRWTH,Q,United States,Inflation (CPI),Total,Annual growth rate (%),Quarterly
quarterly,OECD,DP_LIVE,OECD Data Live dataset,USA.CPI.TOT.AGRWTH.Q,United States – Inflation (CPI) – Total – Annual growth rate (%) – Quarterly,1976-Q1,1976-01-01,6.357279,6.357279,USA,CPI,TOT,AGRWTH,Q,United States,Inflation (CPI),Total,Annual growth rate (%),Quarterly
quarterly,OECD,DP_LIVE,OECD Data Live dataset,USA.CPI.TOT.AGRWTH.Q,United States – Inflation (CPI) – Total – Annual growth rate (%) – Quarterly,1976-Q2,1976-04-01,6.073889,6.073889,USA,CPI,TOT,AGRWTH,Q,United States,Inflation (CPI),Total,Annual growth rate (%),Quarterly
quarterly,OECD,DP_LIVE,OECD Data Live dataset,USA.CPI.TOT.AGRWTH.Q,United States – Inflation (CPI) – Total – Annual growth rate (%) – Quarterly,1976-Q3,1976-07-01,5.518087,5.518087,USA,CPI,TOT,AGRWTH,Q,United States,Inflation (CPI),Total,Annual growth rate (%),Quarterly
quarterly,OECD,DP_LIVE,OECD Data Live dataset,USA.CPI.TOT.AGRWTH.Q,United States – Inflation (CPI) – Total – Annual growth rate (%) – Quarterly,1976-Q4,1976-10-01,5.069403,5.069403,USA,CPI,TOT,AGRWTH,Q,United States,Inflation (CPI),Total,Annual growth rate (%),Quarterly
quarterly,OECD,DP_LIVE,OECD Data Live dataset,USA.CPI.TOT.AGRWTH.Q,United States – Inflation (CPI) – Total – Annual growth rate (%) – Quarterly,1977-Q1,1977-01-01,5.85774,5.85774,USA,CPI,TOT,AGRWTH,Q,United States,Inflation (CPI),Total,Annual growth rate (%),Quarterly
quarterly,OECD,DP_LIVE,OECD Data Live dataset,USA.CPI.TOT.AGRWTH.Q,United States – Inflation (CPI) – Total – Annual growth rate (%) – Quarterly,1977-Q2,1977-04-01,6.847698,6.847698,USA,CPI,TOT,AGRWTH,Q,United States,Inflation (CPI),Total,Annual growth rate (%),Quarterly
quarterly,OECD,DP_LIVE,OECD Data Live dataset,USA.CPI.TOT.AGRWTH.Q,United States – Inflation (CPI) – Total – Annual growth rate (%) – Quarterly,1977-Q3,1977-07-01,6.682161,6.682161,USA,CPI,TOT,AGRWTH,Q,United States,Inflation (CPI),Total,Annual growth rate (%),Quarterly
quarterly,OECD,DP_LIVE,OECD Data Live dataset,USA.CPI.TOT.AGRWTH.Q,United States – Inflation (CPI) – Total – Annual growth rate (%) – Quarterly,1977-Q4,1977-10-01,6.605399,6.605399,USA,CPI,TOT,AGRWTH,Q,United States,Inflation (CPI),Total,Annual growth rate (%),Quarterly
quarterly,OECD,DP_LIVE,OECD Data Live dataset,USA.CPI.TOT.AGRWTH.Q,United States – Inflation (CPI) – Total – Annual growth rate (%) – Quarterly,1978-Q1,1978-01-01,6.606437,6.606437,USA,CPI,TOT,AGRWTH,Q,United States,Inflation (CPI),Total,Annual growth rate (%),Quarterly
quarterly,OECD,DP_LIVE,OECD Data Live dataset,USA.CPI.TOT.AGRWTH.Q,United States – Inflation (CPI) – Total – Annual growth rate (%) – Quarterly,1978-Q2,1978-04-01,6.961326,6.961326,USA,CPI,TOT,AGRWTH,Q,United States,Inflation (CPI),Total,Annual growth rate (%),Quarterly
quarterly,OECD,DP_LIVE,OECD Data Live dataset,USA.CPI.TOT.AGRWTH.Q,United States – Inflation (CPI) – Total – Annual growth rate (%) – Quarterly,1978-Q3,1978-07-01,7.95207,7.95207,USA,CPI,TOT,AGRWTH,Q,United States,Inflation (CPI),Total,Annual growth rate (%),Quarterly
quarterly,OECD,DP_LIVE,OECD Data Live dataset,USA.CPI.TOT.AGRWTH.Q,United States – Inflation (CPI) – Total – Annual growth rate (%) – Quarterly,1978-Q4,1978-10-01,8.943966,8.943966,USA,CPI,TOT,AGRWTH,Q,United States,Inflation (CPI),Total,Annual growth rate (%),Quarterly
quarterly,OECD,DP_LIVE,OECD Data Live dataset,USA.CPI.TOT.AGRWTH.Q,United States – Inflation (CPI) – Total – Annual growth rate (%) – Quarterly,1979-Q1,1979-01-01,9.745763,9.745763,USA,CPI,TOT,AGRWTH,Q,United States,Inflation (CPI),Total,Annual growth rate (%),Quarterly
quarterly,OECD,DP_LIVE,OECD Data Live dataset,USA.CPI.TOT.AGRWTH.Q,United States – Inflation (CPI) – Total – Annual growth rate (%) – Quarterly,1979-Q2,1979-04-01,10.7438,10.7438,USA,CPI,TOT,AGRWTH,Q,United States,Inflation (CPI),Total,Annual growth rate (%),Quarterly
quarterly,OECD,DP_LIVE,OECD Data Live dataset,USA.CPI.TOT.AGRWTH.Q,United States – Inflation (CPI) – Total – Annual growth rate (%) – Quarterly,1979-Q3,1979-07-01,11.7558,11.7558,USA,CPI,TOT,AGRWTH,Q,United States,Inflation (CPI),Total,Annual growth rate (%),Quarterly
quarterly,OECD,DP_LIVE,OECD Data Live dataset,USA.CPI.TOT.AGRWTH.Q,United States – Inflation (CPI) – Total – Annual growth rate (%) – Quarterly,1979-Q4,1979-10-01,12.66073,12.66073,USA,CPI,TOT,AGRWTH,Q,United States,Inflation (CPI),Total,Annual growth rate (%),Quarterly
quarterly,OECD,DP_LIVE,OECD Data Live dataset,USA.CPI.TOT.AGRWTH.Q,United States – Inflation (CPI) – Total – Annual growth rate (%) – Quarterly,1980-Q1,1980-01-01,14.28571,14.28571,USA,CPI,TOT,AGRWTH,Q,United States,Inflation (CPI),Total,Annual growth rate (%),Quarterly
quarterly,OECD,DP_LIVE,OECD Data Live dataset,USA.CPI.TOT.AGRWTH.Q,United States – Inflation (CPI) – Total – Annual growth rate (%) – Quarterly,1980-Q2,1980-04-01,14.5056,14.5056,USA,CPI,TOT,AGRWTH,Q,United States,Inflation (CPI),Total,Annual growth rate (%),Quarterly
quarterly,OECD,DP_LIVE,OECD Data Live dataset,USA.CPI.TOT.AGRWTH.Q,United States – Inflation (CPI) – Total – Annual growth rate (%) – Quarterly,1980-Q3,1980-07-01,12.86682,12.86682,USA,CPI,TOT,AGRWTH,Q,United States,Inflation (CPI),Total,Annual growth rate (%),Quarterly
quarterly,OECD,DP_LIVE,OECD Data Live dataset,USA.CPI.TOT.AGRWTH.Q,United States – Inflation (CPI) – Total – Annual growth rate (%) – Quarterly,1980-Q4,1980-10-01,12.64267,12.64267,USA,CPI,TOT,AGRWTH,Q,United States,Inflation (CPI),Total,Annual growth rate (%),Quarterly
quarterly,OECD,DP_LIVE,OECD Data Live dataset,USA.CPI.TOT.AGRWTH.Q,United States – Inflation (CPI) – Total – Annual growth rate (%) – Quarterly,1981-Q1,1981-01-01,11.23311,11.23311,USA,CPI,TOT,AGRWTH,Q,United States,Inflation (CPI),Total,Annual growth rate (%),Quarterly
quarterly,OECD,DP_LIVE,OECD Data Live dataset,USA.CPI.TOT.AGRWTH.Q,United States – Inflation (CPI) – Total – Annual growth rate (%) – Quarterly,1981-Q2,1981-04-01,9.775968,9.775968,USA,CPI,TOT,AGRWTH,Q,United States,Inflation (CPI),Total,Annual growth rate (%),Quarterly
quarterly,OECD,DP_LIVE,OECD Data Live dataset,USA.CPI.TOT.AGRWTH.Q,United States – Inflation (CPI) – Total – Annual growth rate (%) – Quarterly,1981-Q3,1981-07-01,10.84,10.84,USA,CPI,TOT,AGRWTH,Q,United States,Inflation (CPI),Total,Annual growth rate (%),Quarterly
quarterly,OECD,DP_LIVE,OECD Data Live dataset,USA.CPI.TOT.AGRWTH.Q,United States – Inflation (CPI) – Total – Annual growth rate (%) – Quarterly,1981-Q4,1981-10-01,9.547935,9.547935,USA,CPI,TOT,AGRWTH,Q,United States,Inflation (CPI),Total,Annual growth rate (%),Quarterly
quarterly,OECD,DP_LIVE,OECD Data Live dataset,USA.CPI.TOT.AGRWTH.Q,United States – Inflation (CPI) – Total – Annual growth rate (%) – Quarterly,1982-Q1,1982-01-01,7.593014,7.593014,USA,CPI,TOT,AGRWTH,Q,United States,Inflation (CPI),Total,Annual growth rate (%),Quarterly
quarterly,OECD,DP_LIVE,OECD Data Live dataset,USA.CPI.TOT.AGRWTH.Q,United States – Inflation (CPI) – Total – Annual growth rate (%) – Quarterly,1982-Q2,1982-04-01,6.753247,6.753247,USA,CPI,TOT,AGRWTH,Q,United States,Inflation (CPI),Total,Annual growth rate (%),Quarterly
quarterly,OECD,DP_LIVE,OECD Data Live dataset,USA.CPI.TOT.AGRWTH.Q,United States – Inflation (CPI) – Total – Annual growth rate (%) – Quarterly,1982-Q3,1982-07-01,5.774089,5.774089,USA,CPI,TOT,AGRWTH,Q,United States,Inflation (CPI),Total,Annual growth rate (%),Quarterly
quarterly,OECD,DP_LIVE,OECD Data Live dataset,USA.CPI.TOT.AGRWTH.Q,United States – Inflation (CPI) – Total – Annual growth rate (%) – Quarterly,1982-Q4,1982-10-01,4.517965,4.517965,USA,CPI,TOT,AGRWTH,Q,United States,Inflation (CPI),Total,Annual growth rate (%),Quarterly
quarterly,OECD,DP_LIVE,OECD Data Live dataset,USA.CPI.TOT.AGRWTH.Q,United States – Inflation (CPI) – Total – Annual growth rate (%) – Quarterly,1983-Q1,1983-01-01,3.599153,3.599153,USA,CPI,TOT,AGRWTH,Q,United States,Inflation (CPI),Total,Annual growth rate (%),Quarterly
quarterly,OECD,DP_LIVE,OECD Data Live dataset,USA.CPI.TOT.AGRWTH.Q,United States – Inflation (CPI) – Total – Annual growth rate (%) – Quarterly,1983-Q2,1983-04-01,3.336809,3.336809,USA,CPI,TOT,AGRWTH,Q,United States,Inflation (CPI),Total,Annual growth rate (%),Quarterly
quarterly,OECD,DP_LIVE,OECD Data Live dataset,USA.CPI.TOT.AGRWTH.Q,United States – Inflation (CPI) – Total – Annual growth rate (%) – Quarterly,1983-Q3,1983-07-01,2.62709,2.62709,USA,CPI,TOT,AGRWTH,Q,United States,Inflation (CPI),Total,Annual growth rate (%),Quarterly
quarterly,OECD,DP_LIVE,OECD Data Live dataset,USA.CPI.TOT.AGRWTH.Q,United States – Inflation (CPI) – Total – Annual growth rate (%) – Quarterly,1983-Q4,1983-10-01,3.301566,3.301566,USA,CPI,TOT,AGRWTH,Q,United States,Inflation (CPI),Total,Annual growth rate (%),Quarterly
quarterly,OECD,DP_LIVE,OECD Data Live dataset,USA.CPI.TOT.AGRWTH.Q,United States – Inflation (CPI) – Total – Annual growth rate (%) – Quarterly,1984-Q1,1984-01-01,4.529973,4.529973,USA,CPI,TOT,AGRWTH,Q,United States,Inflation (CPI),Total,Annual growth rate (%),Quarterly
quarterly,OECD,DP_LIVE,OECD Data Live dataset,USA.CPI.TOT.AGRWTH.Q,United States – Inflation (CPI) – Total – Annual growth rate (%) – Quarterly,1984-Q2,1984-04-01,4.339051,4.339051,USA,CPI,TOT,AGRWTH,Q,United States,Inflation (CPI),Total,Annual growth rate (%),Quarterly
quarterly,OECD,DP_LIVE,OECD Data Live dataset,USA.CPI.TOT.AGRWTH.Q,United States – Inflation (CPI) – Total – Annual growth rate (%) – Quarterly,1984-Q3,1984-07-01,4.255319,4.255319,USA,CPI,TOT,AGRWTH,Q,United States,Inflation (CPI),Total,Annual growth rate (%),Quarterly
quarterly,OECD,DP_LIVE,OECD Data Live dataset,USA.CPI.TOT.AGRWTH.Q,United States – Inflation (CPI) – Total – Annual growth rate (%) – Quarterly,1984-Q4,1984-10-01,4.085667,4.085667,USA,CPI,TOT,AGRWTH,Q,United States,Inflation (CPI),Total,Annual growth rate (%),Quarterly
quarterly,OECD,DP_LIVE,OECD Data Live dataset,USA.CPI.TOT.AGRWTH.Q,United States – Inflation (CPI) – Total – Annual growth rate (%) – Quarterly,1985-Q1,1985-01-01,3.584229,3.584229,USA,CPI,TOT,AGRWTH,Q,United States,Inflation (CPI),Total,Annual growth rate (%),Quarterly
quarterly,OECD,DP_LIVE,OECD Data Live dataset,USA.CPI.TOT.AGRWTH.Q,United States – Inflation (CPI) – Total – Annual growth rate (%) – Quarterly,1985-Q2,1985-04-01,3.739523,3.739523,USA,CPI,TOT,AGRWTH,Q,United States,Inflation (CPI),Total,Annual growth rate (%),Quarterly
quarterly,OECD,DP_LIVE,OECD Data Live dataset,USA.CPI.TOT.AGRWTH.Q,United States – Inflation (CPI) – Total – Annual growth rate (%) – Quarterly,1985-Q3,1985-07-01,3.348214,3.348214,USA,CPI,TOT,AGRWTH,Q,United States,Inflation (CPI),Total,Annual growth rate (%),Quarterly
quarterly,OECD,DP_LIVE,OECD Data Live dataset,USA.CPI.TOT.AGRWTH.Q,United States – Inflation (CPI) – Total – Annual growth rate (%) – Quarterly,1985-Q4,1985-10-01,3.51377,3.51377,USA,CPI,TOT,AGRWTH,Q,United States,Inflation (CPI),Total,Annual growth rate (%),Quarterly
quarterly,OECD,DP_LIVE,OECD Data Live dataset,USA.CPI.TOT.AGRWTH.Q,United States – Inflation (CPI) – Total – Annual growth rate (%) – Quarterly,1986-Q1,1986-01-01,3.082731,3.082731,USA,CPI,TOT,AGRWTH,Q,United States,Inflation (CPI),Total,Annual growth rate (%),Quarterly
quarterly,OECD,DP_LIVE,OECD Data Live dataset,USA.CPI.TOT.AGRWTH.Q,United States – Inflation (CPI) – Total – Annual growth rate (%) – Quarterly,1986-Q2,1986-04-01,1.615911,1.615911,USA,CPI,TOT,AGRWTH,Q,United States,Inflation (CPI),Total,Annual growth rate (%),Quarterly
quarterly,OECD,DP_LIVE,OECD Data Live dataset,USA.CPI.TOT.AGRWTH.Q,United States – Inflation (CPI) – Total – Annual growth rate (%) – Quarterly,1986-Q3,1986-07-01,1.635298,1.635298,USA,CPI,TOT,AGRWTH,Q,United States,Inflation (CPI),Total,Annual growth rate (%),Quarterly
quarterly,OECD,DP_LIVE,OECD Data Live dataset,USA.CPI.TOT.AGRWTH.Q,United States – Inflation (CPI) – Total – Annual growth rate (%) – Quarterly,1986-Q4,1986-10-01,1.284404,1.284404,USA,CPI,TOT,AGRWTH,Q,United States,Inflation (CPI),Total,Annual growth rate (%),Quarterly
quarterly,OECD,DP_LIVE,OECD Data Live dataset,USA.CPI.TOT.AGRWTH.Q,United States – Inflation (CPI) – Total – Annual growth rate (%) – Quarterly,1987-Q1,1987-01-01,2.197132,2.197132,USA,CPI,TOT,AGRWTH,Q,United States,Inflation (CPI),Total,Annual growth rate (%),Quarterly
quarterly,OECD,DP_LIVE,OECD Data Live dataset,USA.CPI.TOT.AGRWTH.Q,United States – Inflation (CPI) – Total – Annual growth rate (%) – Quarterly,1987-Q2,1987-04-01,3.761468,3.761468,USA,CPI,TOT,AGRWTH,Q,United States,Inflation (CPI),Total,Annual growth rate (%),Quarterly
quarterly,OECD,DP_LIVE,OECD Data Live dataset,USA.CPI.TOT.AGRWTH.Q,United States – Inflation (CPI) – Total – Annual growth rate (%) – Quarterly,1987-Q3,1987-07-01,4.189435,4.189435,USA,CPI,TOT,AGRWTH,Q,United States,Inflation (CPI),Total,Annual growth rate (%),Quarterly
quarterly,OECD,DP_LIVE,OECD Data Live dataset,USA.CPI.TOT.AGRWTH.Q,United States – Inflation (CPI) – Total – Annual growth rate (%) – Quarterly,1987-Q4,1987-10-01,4.498792,4.498792,USA,CPI,TOT,AGRWTH,Q,United States,Inflation (CPI),Total,Annual growth rate (%),Quarterly
quarterly,OECD,DP_LIVE,OECD Data Live dataset,USA.CPI.TOT.AGRWTH.Q,United States – Inflation (CPI) – Total – Annual growth rate (%) – Quarterly,1988-Q1,1988-01-01,3.971335,3.971335,USA,CPI,TOT,AGRWTH,Q,United States,Inflation (CPI),Total,Annual growth rate (%),Quarterly
quarterly,OECD,DP_LIVE,OECD Data Live dataset,USA.CPI.TOT.AGRWTH.Q,United States – Inflation (CPI) – Total – Annual growth rate (%) – Quarterly,1988-Q2,1988-04-01,3.919835,3.919835,USA,CPI,TOT,AGRWTH,Q,United States,Inflation (CPI),Total,Annual growth rate (%),Quarterly
quarterly,OECD,DP_LIVE,OECD Data Live dataset,USA.CPI.TOT.AGRWTH.Q,United States – Inflation (CPI) – Total – Annual growth rate (%) – Quarterly,1988-Q3,1988-07-01,4.108392,4.108392,USA,CPI,TOT,AGRWTH,Q,United States,Inflation (CPI),Total,Annual growth rate (%),Quarterly
quarterly,OECD,DP_LIVE,OECD Data Live dataset,USA.CPI.TOT.AGRWTH.Q,United States – Inflation (CPI) – Total – Annual growth rate (%) – Quarterly,1988-Q4,1988-10-01,4.305114,4.305114,USA,CPI,TOT,AGRWTH,Q,United States,Inflation (CPI),Total,Annual growth rate (%),Quarterly
quarterly,OECD,DP_LIVE,OECD Data Live dataset,USA.CPI.TOT.AGRWTH.Q,United States – Inflation (CPI) – Total – Annual growth rate (%) – Quarterly,1989-Q1,1989-01-01,4.824813,4.824813,USA,CPI,TOT,AGRWTH,Q,United States,Inflation (CPI),Total,Annual growth rate (%),Quarterly
quarterly,OECD,DP_LIVE,OECD Data Live dataset,USA.CPI.TOT.AGRWTH.Q,United States – Inflation (CPI) – Total – Annual growth rate (%) – Quarterly,1989-Q2,1989-04-01,5.218378,5.218378,USA,CPI,TOT,AGRWTH,Q,United States,Inflation (CPI),Total,Annual growth rate (%),Quarterly
quarterly,OECD,DP_LIVE,OECD Data Live dataset,USA.CPI.TOT.AGRWTH.Q,United States – Inflation (CPI) – Total – Annual growth rate (%) – Quarterly,1989-Q3,1989-07-01,4.673944,4.673944,USA,CPI,TOT,AGRWTH,Q,United States,Inflation (CPI),Total,Annual growth rate (%),Quarterly
quarterly,OECD,DP_LIVE,OECD Data Live dataset,USA.CPI.TOT.AGRWTH.Q,United States – Inflation (CPI) – Total – Annual growth rate (%) – Quarterly,1989-Q4,1989-10-01,4.598338,4.598338,USA,CPI,TOT,AGRWTH,Q,United States,Inflation (CPI),Total,Annual growth rate (%),Quarterly
quarterly,OECD,DP_LIVE,OECD Data Live dataset,USA.CPI.TOT.AGRWTH.Q,United States – Inflation (CPI) – Total – Annual growth rate (%) – Quarterly,1990-Q1,1990-01-01,5.232877,5.232877,USA,CPI,TOT,AGRWTH,Q,United States,Inflation (CPI),Total,Annual growth rate (%),Quarterly
quarterly,OECD,DP_LIVE,OECD Data Live dataset,USA.CPI.TOT.AGRWTH.Q,United States – Inflation (CPI) – Total – Annual growth rate (%) – Quarterly,1990-Q2,1990-04-01,4.58221,4.58221,USA,CPI,TOT,AGRWTH,Q,United States,Inflation (CPI),Total,Annual growth rate (%),Quarterly
quarterly,OECD,DP_LIVE,OECD Data Live dataset,USA.CPI.TOT.AGRWTH.Q,United States – Inflation (CPI) – Total – Annual growth rate (%) – Quarterly,1990-Q3,1990-07-01,5.53476,5.53476,USA,CPI,TOT,AGRWTH,Q,United States,Inflation (CPI),Total,Annual growth rate (%),Quarterly
quarterly,OECD,DP_LIVE,OECD Data Live dataset,USA.CPI.TOT.AGRWTH.Q,United States – Inflation (CPI) – Total – Annual growth rate (%) – Quarterly,1990-Q4,1990-10-01,6.223517,6.223517,USA,CPI,TOT,AGRWTH,Q,United States,Inflation (CPI),Total,Annual growth rate (%),Quarterly
quarterly,OECD,DP_LIVE,OECD Data Live dataset,USA.CPI.TOT.AGRWTH.Q,United States – Inflation (CPI) – Total – Annual growth rate (%) – Quarterly,1991-Q1,1991-01-01,5.285082,5.285082,USA,CPI,TOT,AGRWTH,Q,United States,Inflation (CPI),Total,Annual growth rate (%),Quarterly
quarterly,OECD,DP_LIVE,OECD Data Live dataset,USA.CPI.TOT.AGRWTH.Q,United States – Inflation (CPI) – Total – Annual growth rate (%) – Quarterly,1991-Q2,1991-04-01,4.845361,4.845361,USA,CPI,TOT,AGRWTH,Q,United States,Inflation (CPI),Total,Annual growth rate (%),Quarterly
quarterly,OECD,DP_LIVE,OECD Data Live dataset,USA.CPI.TOT.AGRWTH.Q,United States – Inflation (CPI) – Total – Annual growth rate (%) – Quarterly,1991-Q3,1991-07-01,3.876362,3.876362,USA,CPI,TOT,AGRWTH,Q,United States,Inflation (CPI),Total,Annual growth rate (%),Quarterly
quarterly,OECD,DP_LIVE,OECD Data Live dataset,USA.CPI.TOT.AGRWTH.Q,United States – Inflation (CPI) – Total – Annual growth rate (%) – Quarterly,1991-Q4,1991-10-01,2.991773,2.991773,USA,CPI,TOT,AGRWTH,Q,United States,Inflation (CPI),Total,Annual growth rate (%),Quarterly
quarterly,OECD,DP_LIVE,OECD Data Live dataset,USA.CPI.TOT.AGRWTH.Q,United States – Inflation (CPI) – Total – Annual growth rate (%) – Quarterly,1992-Q1,1992-01-01,2.868447,2.868447,USA,CPI,TOT,AGRWTH,Q,United States,Inflation (CPI),Total,Annual growth rate (%),Quarterly
quarterly,OECD,DP_LIVE,OECD Data Live dataset,USA.CPI.TOT.AGRWTH.Q,United States – Inflation (CPI) – Total – Annual growth rate (%) – Quarterly,1992-Q2,1992-04-01,3.097345,3.097345,USA,CPI,TOT,AGRWTH,Q,United States,Inflation (CPI),Total,Annual growth rate (%),Quarterly
quarterly,OECD,DP_LIVE,OECD Data Live dataset,USA.CPI.TOT.AGRWTH.Q,United States – Inflation (CPI) – Total – Annual growth rate (%) – Quarterly,1992-Q3,1992-07-01,3.097561,3.097561,USA,CPI,TOT,AGRWTH,Q,United States,Inflation (CPI),Total,Annual growth rate (%),Quarterly
quarterly,OECD,DP_LIVE,OECD Data Live dataset,USA.CPI.TOT.AGRWTH.Q,United States – Inflation (CPI) – Total – Annual growth rate (%) – Quarterly,1992-Q4,1992-10-01,3.050109,3.050109,USA,CPI,TOT,AGRWTH,Q,United States,Inflation (CPI),Total,Annual growth rate (%),Quarterly
quarterly,OECD,DP_LIVE,OECD Data Live dataset,USA.CPI.TOT.AGRWTH.Q,United States – Inflation (CPI) – Total – Annual growth rate (%) – Quarterly,1993-Q1,1993-01-01,3.197115,3.197115,USA,CPI,TOT,AGRWTH,Q,United States,Inflation (CPI),Total,Annual growth rate (%),Quarterly
quarterly,OECD,DP_LIVE,OECD Data Live dataset,USA.CPI.TOT.AGRWTH.Q,United States – Inflation (CPI) – Total – Annual growth rate (%) – Quarterly,1993-Q2,1993-04-01,3.147353,3.147353,USA,CPI,TOT,AGRWTH,Q,United States,Inflation (CPI),Total,Annual growth rate (%),Quarterly
quarterly,OECD,DP_LIVE,OECD Data Live dataset,USA.CPI.TOT.AGRWTH.Q,United States – Inflation (CPI) – Total – Annual growth rate (%) – Quarterly,1993-Q3,1993-07-01,2.744263,2.744263,USA,CPI,TOT,AGRWTH,Q,United States,Inflation (CPI),Total,Annual growth rate (%),Quarterly
quarterly,OECD,DP_LIVE,OECD Data Live dataset,USA.CPI.TOT.AGRWTH.Q,United States – Inflation (CPI) – Total – Annual growth rate (%) – Quarterly,1993-Q4,1993-10-01,2.724924,2.724924,USA,CPI,TOT,AGRWTH,Q,United States,Inflation (CPI),Total,Annual growth rate (%),Quarterly
quarterly,OECD,DP_LIVE,OECD Data Live dataset,USA.CPI.TOT.AGRWTH.Q,United States – Inflation (CPI) – Total – Annual growth rate (%) – Quarterly,1994-Q1,1994-01-01,2.515723,2.515723,USA,CPI,TOT,AGRWTH,Q,United States,Inflation (CPI),Total,Annual growth rate (%),Quarterly
quarterly,OECD,DP_LIVE,OECD Data Live dataset,USA.CPI.TOT.AGRWTH.Q,United States – Inflation (CPI) – Total – Annual growth rate (%) – Quarterly,1994-Q2,1994-04-01,2.380952,2.380952,USA,CPI,TOT,AGRWTH,Q,United States,Inflation (CPI),Total,Annual growth rate (%),Quarterly
quarterly,OECD,DP_LIVE,OECD Data Live dataset,USA.CPI.TOT.AGRWTH.Q,United States – Inflation (CPI) – Total – Annual growth rate (%) – Quarterly,1994-Q3,1994-07-01,2.878195,2.878195,USA,CPI,TOT,AGRWTH,Q,United States,Inflation (CPI),Total,Annual growth rate (%),Quarterly
quarterly,OECD,DP_LIVE,OECD Data Live dataset,USA.CPI.TOT.AGRWTH.Q,United States – Inflation (CPI) – Total – Annual growth rate (%) – Quarterly,1994-Q4,1994-10-01,2.652641,2.652641,USA,CPI,TOT,AGRWTH,Q,United States,Inflation (CPI),Total,Annual growth rate (%),Quarterly
quarterly,OECD,DP_LIVE,OECD Data Live dataset,USA.CPI.TOT.AGRWTH.Q,United States – Inflation (CPI) – Total – Annual growth rate (%) – Quarterly,1995-Q1,1995-01-01,2.840264,2.840264,USA,CPI,TOT,AGRWTH,Q,United States,Inflation (CPI),Total,Annual growth rate (%),Quarterly
quarterly,OECD,DP_LIVE,OECD Data Live dataset,USA.CPI.TOT.AGRWTH.Q,United States – Inflation (CPI) – Total – Annual growth rate (%) – Quarterly,1995-Q2,1995-04-01,3.093249,3.093249,USA,CPI,TOT,AGRWTH,Q,United States,Inflation (CPI),Total,Annual growth rate (%),Quarterly
quarterly,OECD,DP_LIVE,OECD Data Live dataset,USA.CPI.TOT.AGRWTH.Q,United States – Inflation (CPI) – Total – Annual growth rate (%) – Quarterly,1995-Q3,1995-07-01,2.641003,2.641003,USA,CPI,TOT,AGRWTH,Q,United States,Inflation (CPI),Total,Annual growth rate (%),Quarterly
quarterly,OECD,DP_LIVE,OECD Data Live dataset,USA.CPI.TOT.AGRWTH.Q,United States – Inflation (CPI) – Total – Annual growth rate (%) – Quarterly,1995-Q4,1995-10-01,2.650924,2.650924,USA,CPI,TOT,AGRWTH,Q,United States,Inflation (CPI),Total,Annual growth rate (%),Quarterly
quarterly,OECD,DP_LIVE,OECD Data Live dataset,USA.CPI.TOT.AGRWTH.Q,United States – Inflation (CPI) – Total – Annual growth rate (%) – Quarterly,1996-Q1,1996-01-01,2.739726,2.739726,USA,CPI,TOT,AGRWTH,Q,United States,Inflation (CPI),Total,Annual growth rate (%),Quarterly
quarterly,OECD,DP_LIVE,OECD Data Live dataset,USA.CPI.TOT.AGRWTH.Q,United States – Inflation (CPI) – Total – Annual growth rate (%) – Quarterly,1996-Q2,1996-04-01,2.847131,2.847131,USA,CPI,TOT,AGRWTH,Q,United States,Inflation (CPI),Total,Annual growth rate (%),Quarterly
quarterly,OECD,DP_LIVE,OECD Data Live dataset,USA.CPI.TOT.AGRWTH.Q,United States – Inflation (CPI) – Total – Annual growth rate (%) – Quarterly,1996-Q3,1996-07-01,2.943742,2.943742,USA,CPI,TOT,AGRWTH,Q,United States,Inflation (CPI),Total,Annual growth rate (%),Quarterly
quarterly,OECD,DP_LIVE,OECD Data Live dataset,USA.CPI.TOT.AGRWTH.Q,United States – Inflation (CPI) – Total – Annual growth rate (%) – Quarterly,1996-Q4,1996-10-01,3.190104,3.190104,USA,CPI,TOT,AGRWTH,Q,United States,Inflation (CPI),Total,Annual growth rate (%),Quarterly
quarterly,OECD,DP_LIVE,OECD Data Live dataset,USA.CPI.TOT.AGRWTH.Q,United States – Inflation (CPI) – Total – Annual growth rate (%) – Quarterly,1997-Q1,1997-01-01,2.946237,2.946237,USA,CPI,TOT,AGRWTH,Q,United States,Inflation (CPI),Total,Annual growth rate (%),Quarterly
quarterly,OECD,DP_LIVE,OECD Data Live dataset,USA.CPI.TOT.AGRWTH.Q,United States – Inflation (CPI) – Total – Annual growth rate (%) – Quarterly,1997-Q2,1997-04-01,2.342419,2.342419,USA,CPI,TOT,AGRWTH,Q,United States,Inflation (CPI),Total,Annual growth rate (%),Quarterly
quarterly,OECD,DP_LIVE,OECD Data Live dataset,USA.CPI.TOT.AGRWTH.Q,United States – Inflation (CPI) – Total – Annual growth rate (%) – Quarterly,1997-Q3,1997-07-01,2.202923,2.202923,USA,CPI,TOT,AGRWTH,Q,United States,Inflation (CPI),Total,Annual growth rate (%),Quarterly
quarterly,OECD,DP_LIVE,OECD Data Live dataset,USA.CPI.TOT.AGRWTH.Q,United States – Inflation (CPI) – Total – Annual growth rate (%) – Quarterly,1997-Q4,1997-10-01,1.871714,1.871714,USA,CPI,TOT,AGRWTH,Q,United States,Inflation (CPI),Total,Annual growth rate (%),Quarterly
quarterly,OECD,DP_LIVE,OECD Data Live dataset,USA.CPI.TOT.AGRWTH.Q,United States – Inflation (CPI) – Total – Annual growth rate (%) – Quarterly,1998-Q1,1998-01-01,1.462294,1.462294,USA,CPI,TOT,AGRWTH,Q,United States,Inflation (CPI),Total,Annual growth rate (%),Quarterly
quarterly,OECD,DP_LIVE,OECD Data Live dataset,USA.CPI.TOT.AGRWTH.Q,United States – Inflation (CPI) – Total – Annual growth rate (%) – Quarterly,1998-Q2,1998-04-01,1.602164,1.602164,USA,CPI,TOT,AGRWTH,Q,United States,Inflation (CPI),Total,Annual growth rate (%),Quarterly
quarterly,OECD,DP_LIVE,OECD Data Live dataset,USA.CPI.TOT.AGRWTH.Q,United States – Inflation (CPI) – Total – Annual growth rate (%) – Quarterly,1998-Q3,1998-07-01,1.595855,1.595855,USA,CPI,TOT,AGRWTH,Q,United States,Inflation (CPI),Total,Annual growth rate (%),Quarterly
quarterly,OECD,DP_LIVE,OECD Data Live dataset,USA.CPI.TOT.AGRWTH.Q,United States – Inflation (CPI) – Total – Annual growth rate (%) – Quarterly,1998-Q4,1998-10-01,1.548307,1.548307,USA,CPI,TOT,AGRWTH,Q,United States,Inflation (CPI),Total,Annual growth rate (%),Quarterly
quarterly,OECD,DP_LIVE,OECD Data Live dataset,USA.CPI.TOT.AGRWTH.Q,United States – Inflation (CPI) – Total – Annual growth rate (%) – Quarterly,1999-Q1,1999-01-01,1.667696,1.667696,USA,CPI,TOT,AGRWTH,Q,United States,Inflation (CPI),Total,Annual growth rate (%),Quarterly
quarterly,OECD,DP_LIVE,OECD Data Live dataset,USA.CPI.TOT.AGRWTH.Q,United States – Inflation (CPI) – Total – Annual growth rate (%) – Quarterly,1999-Q2,1999-04-01,2.109359,2.109359,USA,CPI,TOT,AGRWTH,Q,United States,Inflation (CPI),Total,Annual growth rate (%),Quarterly
quarterly,OECD,DP_LIVE,OECD Data Live dataset,USA.CPI.TOT.AGRWTH.Q,United States – Inflation (CPI) – Total – Annual growth rate (%) – Quarterly,1999-Q3,1999-07-01,2.345981,2.345981,USA,CPI,TOT,AGRWTH,Q,United States,Inflation (CPI),Total,Annual growth rate (%),Quarterly
quarterly,OECD,DP_LIVE,OECD Data Live dataset,USA.CPI.TOT.AGRWTH.Q,United States – Inflation (CPI) – Total – Annual growth rate (%) – Quarterly,1999-Q4,1999-10-01,2.622484,2.622484,USA,CPI,TOT,AGRWTH,Q,United States,Inflation (CPI),Total,Annual growth rate (%),Quarterly
quarterly,OECD,DP_LIVE,OECD Data Live dataset,USA.CPI.TOT.AGRWTH.Q,United States – Inflation (CPI) – Total – Annual growth rate (%) – Quarterly,2000-Q1,2000-01-01,3.240178,3.240178,USA,CPI,TOT,AGRWTH,Q,United States,Inflation (CPI),Total,Annual growth rate (%),Quarterly
quarterly,OECD,DP_LIVE,OECD Data Live dataset,USA.CPI.TOT.AGRWTH.Q,United States – Inflation (CPI) – Total – Annual growth rate (%) – Quarterly,2000-Q2,2000-04-01,3.329322,3.329322,USA,CPI,TOT,AGRWTH,Q,United States,Inflation (CPI),Total,Annual growth rate (%),Quarterly
quarterly,OECD,DP_LIVE,OECD Data Live dataset,USA.CPI.TOT.AGRWTH.Q,United States – Inflation (CPI) – Total – Annual growth rate (%) – Quarterly,2000-Q3,2000-07-01,3.508073,3.508073,USA,CPI,TOT,AGRWTH,Q,United States,Inflation (CPI),Total,Annual growth rate (%),Quarterly
quarterly,OECD,DP_LIVE,OECD Data Live dataset,USA.CPI.TOT.AGRWTH.Q,United States – Inflation (CPI) – Total – Annual growth rate (%) – Quarterly,2000-Q4,2000-10-01,3.4271,3.4271,USA,CPI,TOT,AGRWTH,Q,United States,Inflation (CPI),Total,Annual growth rate (%),Quarterly
quarterly,OECD,DP_LIVE,OECD Data Live dataset,USA.CPI.TOT.AGRWTH.Q,United States – Inflation (CPI) – Total – Annual growth rate (%) – Quarterly,2001-Q1,2001-01-01,3.393488,3.393488,USA,CPI,TOT,AGRWTH,Q,United States,Inflation (CPI),Total,Annual growth rate (%),Quarterly
quarterly,OECD,DP_LIVE,OECD Data Live dataset,USA.CPI.TOT.AGRWTH.Q,United States – Inflation (CPI) – Total – Annual growth rate (%) – Quarterly,2001-Q2,2001-04-01,3.377329,3.377329,USA,CPI,TOT,AGRWTH,Q,United States,Inflation (CPI),Total,Annual growth rate (%),Quarterly
quarterly,OECD,DP_LIVE,OECD Data Live dataset,USA.CPI.TOT.AGRWTH.Q,United States – Inflation (CPI) – Total – Annual growth rate (%) – Quarterly,2001-Q3,2001-07-01,2.695937,2.695937,USA,CPI,TOT,AGRWTH,Q,United States,Inflation (CPI),Total,Annual growth rate (%),Quarterly
quarterly,OECD,DP_LIVE,OECD Data Live dataset,USA.CPI.TOT.AGRWTH.Q,United States – Inflation (CPI) – Total – Annual growth rate (%) – Quarterly,2001-Q4,2001-10-01,1.857882,1.857882,USA,CPI,TOT,AGRWTH,Q,United States,Inflation (CPI),Total,Annual growth rate (%),Quarterly
quarterly,OECD,DP_LIVE,OECD Data Live dataset,USA.CPI.TOT.AGRWTH.Q,United States – Inflation (CPI) – Total – Annual growth rate (%) – Quarterly,2002-Q1,2002-01-01,1.252134,1.252134,USA,CPI,TOT,AGRWTH,Q,United States,Inflation (CPI),Total,Annual growth rate (%),Quarterly
quarterly,OECD,DP_LIVE,OECD Data Live dataset,USA.CPI.TOT.AGRWTH.Q,United States – Inflation (CPI) – Total – Annual growth rate (%) – Quarterly,2002-Q2,2002-04-01,1.295531,1.295531,USA,CPI,TOT,AGRWTH,Q,United States,Inflation (CPI),Total,Annual growth rate (%),Quarterly
quarterly,OECD,DP_LIVE,OECD Data Live dataset,USA.CPI.TOT.AGRWTH.Q,United States – Inflation (CPI) – Total – Annual growth rate (%) – Quarterly,2002-Q3,2002-07-01,1.59385,1.59385,USA,CPI,TOT,AGRWTH,Q,United States,Inflation (CPI),Total,Annual growth rate (%),Quarterly
quarterly,OECD,DP_LIVE,OECD Data Live dataset,USA.CPI.TOT.AGRWTH.Q,United States – Inflation (CPI) – Total – Annual growth rate (%) – Quarterly,2002-Q4,2002-10-01,2.200075,2.200075,USA,CPI,TOT,AGRWTH,Q,United States,Inflation (CPI),Total,Annual growth rate (%),Quarterly
quarterly,OECD,DP_LIVE,OECD Data Live dataset,USA.CPI.TOT.AGRWTH.Q,United States – Inflation (CPI) – Total – Annual growth rate (%) – Quarterly,2003-Q1,2003-01-01,2.866779,2.866779,USA,CPI,TOT,AGRWTH,Q,United States,Inflation (CPI),Total,Annual growth rate (%),Quarterly
quarterly,OECD,DP_LIVE,OECD Data Live dataset,USA.CPI.TOT.AGRWTH.Q,United States – Inflation (CPI) – Total – Annual growth rate (%) – Quarterly,2003-Q2,2003-04-01,2.131603,2.131603,USA,CPI,TOT,AGRWTH,Q,United States,Inflation (CPI),Total,Annual growth rate (%),Quarterly
quarterly,OECD,DP_LIVE,OECD Data Live dataset,USA.CPI.TOT.AGRWTH.Q,United States – Inflation (CPI) – Total – Annual growth rate (%) – Quarterly,2003-Q3,2003-07-01,2.196383,2.196383,USA,CPI,TOT,AGRWTH,Q,United States,Inflation (CPI),Total,Annual growth rate (%),Quarterly
quarterly,OECD,DP_LIVE,OECD Data Live dataset,USA.CPI.TOT.AGRWTH.Q,United States – Inflation (CPI) – Total – Annual growth rate (%) – Quarterly,2003-Q4,2003-10-01,1.895124,1.895124,USA,CPI,TOT,AGRWTH,Q,United States,Inflation (CPI),Total,Annual growth rate (%),Quarterly
quarterly,OECD,DP_LIVE,OECD Data Live dataset,USA.CPI.TOT.AGRWTH.Q,United States – Inflation (CPI) – Total – Annual growth rate (%) – Quarterly,2004-Q1,2004-01-01,1.785064,1.785064,USA,CPI,TOT,AGRWTH,Q,United States,Inflation (CPI),Total,Annual growth rate (%),Quarterly
quarterly,OECD,DP_LIVE,OECD Data Live dataset,USA.CPI.TOT.AGRWTH.Q,United States – Inflation (CPI) – Total – Annual growth rate (%) – Quarterly,2004-Q2,2004-04-01,2.867514,2.867514,USA,CPI,TOT,AGRWTH,Q,United States,Inflation (CPI),Total,Annual growth rate (%),Quarterly
quarterly,OECD,DP_LIVE,OECD Data Live dataset,USA.CPI.TOT.AGRWTH.Q,United States – Inflation (CPI) – Total – Annual growth rate (%) – Quarterly,2004-Q3,2004-07-01,2.727108,2.727108,USA,CPI,TOT,AGRWTH,Q,United States,Inflation (CPI),Total,Annual growth rate (%),Quarterly
quarterly,OECD,DP_LIVE,OECD Data Live dataset,USA.CPI.TOT.AGRWTH.Q,United States – Inflation (CPI) – Total – Annual growth rate (%) – Quarterly,2004-Q4,2004-10-01,3.322499,3.322499,USA,CPI,TOT,AGRWTH,Q,United States,Inflation (CPI),Total,Annual growth rate (%),Quarterly
quarterly,OECD,DP_LIVE,OECD Data Live dataset,USA.CPI.TOT.AGRWTH.Q,United States – Inflation (CPI) – Total – Annual growth rate (%) – Quarterly,2005-Q1,2005-01-01,3.042233,3.042233,USA,CPI,TOT,AGRWTH,Q,United States,Inflation (CPI),Total,Annual growth rate (%),Quarterly
quarterly,OECD,DP_LIVE,OECD Data Live dataset,USA.CPI.TOT.AGRWTH.Q,United States – Inflation (CPI) – Total – Annual growth rate (%) – Quarterly,2005-Q2,2005-04-01,2.946366,2.946366,USA,CPI,TOT,AGRWTH,Q,United States,Inflation (CPI),Total,Annual growth rate (%),Quarterly
quarterly,OECD,DP_LIVE,OECD Data Live dataset,USA.CPI.TOT.AGRWTH.Q,United States – Inflation (CPI) – Total – Annual growth rate (%) – Quarterly,2005-Q3,2005-07-01,3.83263,3.83263,USA,CPI,TOT,AGRWTH,Q,United States,Inflation (CPI),Total,Annual growth rate (%),Quarterly
quarterly,OECD,DP_LIVE,OECD Data Live dataset,USA.CPI.TOT.AGRWTH.Q,United States – Inflation (CPI) – Total – Annual growth rate (%) – Quarterly,2005-Q4,2005-10-01,3.739951,3.739951,USA,CPI,TOT,AGRWTH,Q,United States,Inflation (CPI),Total,Annual growth rate (%),Quarterly
quarterly,OECD,DP_LIVE,OECD Data Live dataset,USA.CPI.TOT.AGRWTH.Q,United States – Inflation (CPI) – Total – Annual growth rate (%) – Quarterly,2006-Q1,2006-01-01,3.6471,3.6471,USA,CPI,TOT,AGRWTH,Q,United States,Inflation (CPI),Total,Annual growth rate (%),Quarterly
quarterly,OECD,DP_LIVE,OECD Data Live dataset,USA.CPI.TOT.AGRWTH.Q,United States – Inflation (CPI) – Total – Annual growth rate (%) – Quarterly,2006-Q2,2006-04-01,4.010283,4.010283,USA,CPI,TOT,AGRWTH,Q,United States,Inflation (CPI),Total,Annual growth rate (%),Quarterly
quarterly,OECD,DP_LIVE,OECD Data Live dataset,USA.CPI.TOT.AGRWTH.Q,United States – Inflation (CPI) – Total – Annual growth rate (%) – Quarterly,2006-Q3,2006-07-01,3.335591,3.335591,USA,CPI,TOT,AGRWTH,Q,United States,Inflation (CPI),Total,Annual growth rate (%),Quarterly
quarterly,OECD,DP_LIVE,OECD Data Live dataset,USA.CPI.TOT.AGRWTH.Q,United States – Inflation (CPI) – Total – Annual growth rate (%) – Quarterly,2006-Q4,2006-10-01,1.937332,1.937332,USA,CPI,TOT,AGRWTH,Q,United States,Inflation (CPI),Total,Annual growth rate (%),Quarterly
quarterly,OECD,DP_LIVE,OECD Data Live dataset,USA.CPI.TOT.AGRWTH.Q,United States – Inflation (CPI) – Total – Annual growth rate (%) – Quarterly,2007-Q1,2007-01-01,2.424095,2.424095,USA,CPI,TOT,AGRWTH,Q,United States,Inflation (CPI),Total,Annual growth rate (%),Quarterly
quarterly,OECD,DP_LIVE,OECD Data Live dataset,USA.CPI.TOT.AGRWTH.Q,United States – Inflation (CPI) – Total – Annual growth rate (%) – Quarterly,2007-Q2,2007-04-01,2.650684,2.650684,USA,CPI,TOT,AGRWTH,Q,United States,Inflation (CPI),Total,Annual growth rate (%),Quarterly
quarterly,OECD,DP_LIVE,OECD Data Live dataset,USA.CPI.TOT.AGRWTH.Q,United States – Inflation (CPI) – Total – Annual growth rate (%) – Quarterly,2007-Q3,2007-07-01,2.360478,2.360478,USA,CPI,TOT,AGRWTH,Q,United States,Inflation (CPI),Total,Annual growth rate (%),Quarterly
quarterly,OECD,DP_LIVE,OECD Data Live dataset,USA.CPI.TOT.AGRWTH.Q,United States – Inflation (CPI) – Total – Annual growth rate (%) – Quarterly,2007-Q4,2007-10-01,3.974384,3.974384,USA,CPI,TOT,AGRWTH,Q,United States,Inflation (CPI),Total,Annual growth rate (%),Quarterly
quarterly,OECD,DP_LIVE,OECD Data Live dataset,USA.CPI.TOT.AGRWTH.Q,United States – Inflation (CPI) – Total – Annual growth rate (%) – Quarterly,2008-Q1,2008-01-01,4.095428,4.095428,USA,CPI,TOT,AGRWTH,Q,United States,Inflation (CPI),Total,Annual growth rate (%),Quarterly
quarterly,OECD,DP_LIVE,OECD Data Live dataset,USA.CPI.TOT.AGRWTH.Q,United States – Inflation (CPI) – Total – Annual growth rate (%) – Quarterly,2008-Q2,2008-04-01,4.379385,4.379385,USA,CPI,TOT,AGRWTH,Q,United States,Inflation (CPI),Total,Annual growth rate (%),Quarterly
quarterly,OECD,DP_LIVE,OECD Data Live dataset,USA.CPI.TOT.AGRWTH.Q,United States – Inflation (CPI) – Total – Annual growth rate (%) – Quarterly,2008-Q3,2008-07-01,5.302814,5.302814,USA,CPI,TOT,AGRWTH,Q,United States,Inflation (CPI),Total,Annual growth rate (%),Quarterly
quarterly,OECD,DP_LIVE,OECD Data Live dataset,USA.CPI.TOT.AGRWTH.Q,United States – Inflation (CPI) – Total – Annual growth rate (%) – Quarterly,2008-Q4,2008-10-01,1.601687,1.601687,USA,CPI,TOT,AGRWTH,Q,United States,Inflation (CPI),Total,Annual growth rate (%),Quarterly
quarterly,OECD,DP_LIVE,OECD Data Live dataset,USA.CPI.TOT.AGRWTH.Q,United States – Inflation (CPI) – Total – Annual growth rate (%) – Quarterly,2009-Q1,2009-01-01,-0.04023253,-0.04023253,USA,CPI,TOT,AGRWTH,Q,United States,Inflation (CPI),Total,Annual growth rate (%),Quarterly
quarterly,OECD,DP_LIVE,OECD Data Live dataset,USA.CPI.TOT.AGRWTH.Q,United States – Inflation (CPI) – Total – Annual growth rate (%) – Quarterly,2009-Q2,2009-04-01,-1.150445,-1.150445,USA,CPI,TOT,AGRWTH,Q,United States,Inflation (CPI),Total,Annual growth rate (%),Quarterly
quarterly,OECD,DP_LIVE,OECD Data Live dataset,USA.CPI.TOT.AGRWTH.Q,United States – Inflation (CPI) – Total – Annual growth rate (%) – Quarterly,2009-Q3,2009-07-01,-1.62336,-1.62336,USA,CPI,TOT,AGRWTH,Q,United States,Inflation (CPI),Total,Annual growth rate (%),Quarterly
quarterly,OECD,DP_LIVE,OECD Data Live dataset,USA.CPI.TOT.AGRWTH.Q,United States – Inflation (CPI) – Total – Annual growth rate (%) – Quarterly,2009-Q4,2009-10-01,1.443934,1.443934,USA,CPI,TOT,AGRWTH,Q,United States,Inflation (CPI),Total,Annual growth rate (%),Quarterly
quarterly,OECD,DP_LIVE,OECD Data Live dataset,USA.CPI.TOT.AGRWTH.Q,United States – Inflation (CPI) – Total – Annual growth rate (%) – Quarterly,2010-Q1,2010-01-01,2.360525,2.360525,USA,CPI,TOT,AGRWTH,Q,United States,Inflation (CPI),Total,Annual growth rate (%),Quarterly
quarterly,OECD,DP_LIVE,OECD Data Live dataset,USA.CPI.TOT.AGRWTH.Q,United States – Inflation (CPI) – Total – Annual growth rate (%) – Quarterly,2010-Q2,2010-04-01,1.767765,1.767765,USA,CPI,TOT,AGRWTH,Q,United States,Inflation (CPI),Total,Annual growth rate (%),Quarterly
quarterly,OECD,DP_LIVE,OECD Data Live dataset,USA.CPI.TOT.AGRWTH.Q,United States – Inflation (CPI) – Total – Annual growth rate (%) – Quarterly,2010-Q3,2010-07-01,1.175609,1.175609,USA,CPI,TOT,AGRWTH,Q,United States,Inflation (CPI),Total,Annual growth rate (%),Quarterly
quarterly,OECD,DP_LIVE,OECD Data Live dataset,USA.CPI.TOT.AGRWTH.Q,United States – Inflation (CPI) – Total – Annual growth rate (%) – Quarterly,2010-Q4,2010-10-01,1.270248,1.270248,USA,CPI,TOT,AGRWTH,Q,United States,Inflation (CPI),Total,Annual growth rate (%),Quarterly
quarterly,OECD,DP_LIVE,OECD Data Live dataset,USA.CPI.TOT.AGRWTH.Q,United States – Inflation (CPI) – Total – Annual growth rate (%) – Quarterly,2011-Q1,2011-01-01,2.141127,2.141127,USA,CPI,TOT,AGRWTH,Q,United States,Inflation (CPI),Total,Annual growth rate (%),Quarterly
quarterly,OECD,DP_LIVE,OECD Data Live dataset,USA.CPI.TOT.AGRWTH.Q,United States – Inflation (CPI) – Total – Annual growth rate (%) – Quarterly,2011-Q2,2011-04-01,3.430395,3.430395,USA,CPI,TOT,AGRWTH,Q,United States,Inflation (CPI),Total,Annual growth rate (%),Quarterly
quarterly,OECD,DP_LIVE,OECD Data Live dataset,USA.CPI.TOT.AGRWTH.Q,United States – Inflation (CPI) – Total – Annual growth rate (%) – Quarterly,2011-Q3,2011-07-01,3.756174,3.756174,USA,CPI,TOT,AGRWTH,Q,United States,Inflation (CPI),Total,Annual growth rate (%),Quarterly
quarterly,OECD,DP_LIVE,OECD Data Live dataset,USA.CPI.TOT.AGRWTH.Q,United States – Inflation (CPI) – Total – Annual growth rate (%) – Quarterly,2011-Q4,2011-10-01,3.293777,3.293777,USA,CPI,TOT,AGRWTH,Q,United States,Inflation (CPI),Total,Annual growth rate (%),Quarterly
quarterly,OECD,DP_LIVE,OECD Data Live dataset,USA.CPI.TOT.AGRWTH.Q,United States – Inflation (CPI) – Total – Annual growth rate (%) – Quarterly,2012-Q1,2012-01-01,2.815192,2.815192,USA,CPI,TOT,AGRWTH,Q,United States,Inflation (CPI),Total,Annual growth rate (%),Quarterly
quarterly,OECD,DP_LIVE,OECD Data Live dataset,USA.CPI.TOT.AGRWTH.Q,United States – Inflation (CPI) – Total – Annual growth rate (%) – Quarterly,2012-Q2,2012-04-01,1.889765,1.889765,USA,CPI,TOT,AGRWTH,Q,United States,Inflation (CPI),Total,Annual growth rate (%),Quarterly
quarterly,OECD,DP_LIVE,OECD Data Live dataset,USA.CPI.TOT.AGRWTH.Q,United States – Inflation (CPI) – Total – Annual growth rate (%) – Quarterly,2012-Q3,2012-07-01,1.697784,1.697784,USA,CPI,TOT,AGRWTH,Q,United States,Inflation (CPI),Total,Annual growth rate (%),Quarterly
quarterly,OECD,DP_LIVE,OECD Data Live dataset,USA.CPI.TOT.AGRWTH.Q,United States – Inflation (CPI) – Total – Annual growth rate (%) – Quarterly,2012-Q4,2012-10-01,1.889365,1.889365,USA,CPI,TOT,AGRWTH,Q,United States,Inflation (CPI),Total,Annual growth rate (%),Quarterly
quarterly,OECD,DP_LIVE,OECD Data Live dataset,USA.CPI.TOT.AGRWTH.Q,United States – Inflation (CPI) – Total – Annual growth rate (%) – Quarterly,2013-Q1,2013-01-01,1.681829,1.681829,USA,CPI,TOT,AGRWTH,Q,United States,Inflation (CPI),Total,Annual growth rate (%),Quarterly
quarterly,OECD,DP_LIVE,OECD Data Live dataset,USA.CPI.TOT.AGRWTH.Q,United States – Inflation (CPI) – Total – Annual growth rate (%) – Quarterly,2013-Q2,2013-04-01,1.39285,1.39285,USA,CPI,TOT,AGRWTH,Q,United States,Inflation (CPI),Total,Annual growth rate (%),Quarterly
quarterly,OECD,DP_LIVE,OECD Data Live dataset,USA.CPI.TOT.AGRWTH.Q,United States – Inflation (CPI) – Total – Annual growth rate (%) – Quarterly,2013-Q3,2013-07-01,1.553359,1.553359,USA,CPI,TOT,AGRWTH,Q,United States,Inflation (CPI),Total,Annual growth rate (%),Quarterly
quarterly,OECD,DP_LIVE,OECD Data Live dataset,USA.CPI.TOT.AGRWTH.Q,United States – Inflation (CPI) – Total – Annual growth rate (%) – Quarterly,2013-Q4,2013-10-01,1.233471,1.233471,USA,CPI,TOT,AGRWTH,Q,United States,Inflation (CPI),Total,Annual growth rate (%),Quarterly
quarterly,OECD,DP_LIVE,OECD Data Live dataset,USA.CPI.TOT.AGRWTH.Q,United States – Inflation (CPI) – Total – Annual growth rate (%) – Quarterly,2014-Q1,2014-01-01,1.405456,1.405456,USA,CPI,TOT,AGRWTH,Q,United States,Inflation (CPI),Total,Annual growth rate (%),Quarterly
quarterly,OECD,DP_LIVE,OECD Data Live dataset,USA.CPI.TOT.AGRWTH.Q,United States – Inflation (CPI) – Total – Annual growth rate (%) – Quarterly,2014-Q2,2014-04-01,2.050846,2.050846,USA,CPI,TOT,AGRWTH,Q,United States,Inflation (CPI),Total,Annual growth rate (%),Quarterly
quarterly,OECD,DP_LIVE,OECD Data Live dataset,USA.CPI.TOT.AGRWTH.Q,United States – Inflation (CPI) – Total – Annual growth rate (%) – Quarterly,2014-Q3,2014-07-01,1.783154,1.783154,USA,CPI,TOT,AGRWTH,Q,United States,Inflation (CPI),Total,Annual growth rate (%),Quarterly
quarterly,OECD,DP_LIVE,OECD Data Live dataset,USA.CPI.TOT.AGRWTH.Q,United States – Inflation (CPI) – Total – Annual growth rate (%) – Quarterly,2014-Q4,2014-10-01,1.248028,1.248028,USA,CPI,TOT,AGRWTH,Q,United States,Inflation (CPI),Total,Annual growth rate (%),Quarterly
quarterly,OECD,DP_LIVE,OECD Data Live dataset,USA.CPI.TOT.AGRWTH.Q,United States – Inflation (CPI) – Total – Annual growth rate (%) – Quarterly,2015-Q1,2015-01-01,-0.06269593,-0.06269593,USA,CPI,TOT,AGRWTH,Q,United States,Inflation (CPI),Total,Annual growth rate (%),Quarterly
quarterly,OECD,DP_LIVE,OECD Data Live dataset,USA.CPI.TOT.AGRWTH.Q,United States – Inflation (CPI) – Total – Annual growth rate (%) – Quarterly,2015-Q2,2015-04-01,-0.03827201,-0.03827201,USA,CPI,TOT,AGRWTH,Q,United States,Inflation (CPI),Total,Annual growth rate (%),Quarterly
quarterly,OECD,DP_LIVE,OECD Data Live dataset,USA.CPI.TOT.AGRWTH.Q,United States – Inflation (CPI) – Total – Annual growth rate (%) – Quarterly,2015-Q3,2015-07-01,0.1095034,0.1095034,USA,CPI,TOT,AGRWTH,Q,United States,Inflation (CPI),Total,Annual growth rate (%),Quarterly
quarterly,OECD,DP_LIVE,OECD Data Live dataset,USA.CPI.TOT.AGRWTH.Q,United States – Inflation (CPI) – Total – Annual growth rate (%) – Quarterly,2015-Q4,2015-10-01,0.4662646,0.4662646,USA,CPI,TOT,AGRWTH,Q,United States,Inflation (CPI),Total,Annual growth rate (%),Quarterly
quarterly,OECD,DP_LIVE,OECD Data Live dataset,USA.CPI.TOT.AGRWTH.Q,United States – Inflation (CPI) – Total – Annual growth rate (%) – Quarterly,2016-Q1,2016-01-01,1.080267,1.080267,USA,CPI,TOT,AGRWTH,Q,United States,Inflation (CPI),Total,Annual growth rate (%),Quarterly
quarterly,OECD,DP_LIVE,OECD Data Live dataset,USA.CPI.TOT.AGRWTH.Q,United States – Inflation (CPI) – Total – Annual growth rate (%) – Quarterly,2016-Q2,2016-04-01,1.047063,1.047063,USA,CPI,TOT,AGRWTH,Q,United States,Inflation (CPI),Total,Annual growth rate (%),Quarterly
quarterly,OECD,DP_LIVE,OECD Data Live dataset,USA.CPI.TOT.AGRWTH.Q,United States – Inflation (CPI) – Total – Annual growth rate (%) – Quarterly,2016-Q3,2016-07-01,1.117615,1.117615,USA,CPI,TOT,AGRWTH,Q,United States,Inflation (CPI),Total,Annual growth rate (%),Quarterly
quarterly,OECD,DP_LIVE,OECD Data Live dataset,USA.CPI.TOT.AGRWTH.Q,United States – Inflation (CPI) – Total – Annual growth rate (%) – Quarterly,2016-Q4,2016-10-01,1.800621,1.800621,USA,CPI,TOT,AGRWTH,Q,United States,Inflation (CPI),Total,Annual growth rate (%),Quarterly
quarterly,OECD,DP_LIVE,OECD Data Live dataset,USA.CPI.TOT.AGRWTH.Q,United States – Inflation (CPI) – Total – Annual growth rate (%) – Quarterly,2017-Q1,2017-01-01,2.53932,2.53932,USA,CPI,TOT,AGRWTH,Q,United States,Inflation (CPI),Total,Annual growth rate (%),Quarterly
quarterly,OECD,DP_LIVE,OECD Data Live dataset,USA.CPI.TOT.AGRWTH.Q,United States – Inflation (CPI) – Total – Annual growth rate (%) – Quarterly,2017-Q2,2017-04-01,1.901991,1.901991,USA,CPI,TOT,AGRWTH,Q,United States,Inflation (CPI),Total,Annual growth rate (%),Quarterly
quarterly,OECD,DP_LIVE,OECD Data Live dataset,USA.CPI.TOT.AGRWTH.Q,United States – Inflation (CPI) – Total – Annual growth rate (%) – Quarterly,2017-Q3,2017-07-01,1.966925,1.966925,USA,CPI,TOT,AGRWTH,Q,United States,Inflation (CPI),Total,Annual growth rate (%),Quarterly
quarterly,OECD,DP_LIVE,OECD Data Live dataset,USA.CPI.TOT.AGRWTH.Q,United States – Inflation (CPI) – Total – Annual growth rate (%) – Quarterly,2017-Q4,2017-10-01,2.117558,2.117558,USA,CPI,TOT,AGRWTH,Q,United States,Inflation (CPI),Total,Annual growth rate (%),Quarterly
quarterly,OECD,DP_LIVE,OECD Data Live dataset,USA.CPI.TOT.AGRWTH.Q,United States – Inflation (CPI) – Total – Annual growth rate (%) – Quarterly,2018-Q1,2018-01-01,2.214195,2.214195,USA,CPI,TOT,AGRWTH,Q,United States,Inflation (CPI),Total,Annual growth rate (%),Quarterly
quarterly,OECD,DP_LIVE,OECD Data Live dataset,USA.CPI.TOT.AGRWTH.Q,United States – Inflation (CPI) – Total – Annual growth rate (%) – Quarterly,2018-Q2,2018-04-01,2.711887,2.711887,USA,CPI,TOT,AGRWTH,Q,United States,Inflation (CPI),Total,Annual growth rate (%),Quarterly
quarterly,OECD,DP_LIVE,OECD Data Live dataset,USA.CPI.TOT.AGRWTH.Q,United States – Inflation (CPI) – Total – Annual growth rate (%) – Quarterly,2018-Q3,2018-07-01,2.64094,2.64094,USA,CPI,TOT,AGRWTH,Q,United States,Inflation (CPI),Total,Annual growth rate (%),Quarterly
quarterly,OECD,DP_LIVE,OECD Data Live dataset,USA.CPI.TOT.AGRWTH.Q,United States – Inflation (CPI) – Total – Annual growth rate (%) – Quarterly,2018-Q4,2018-10-01,2.203131,2.203131,USA,CPI,TOT,AGRWTH,Q,United States,Inflation (CPI),Total,Annual growth rate (%),Quarterly
quarterly,OECD,DP_LIVE,OECD Data Live dataset,USA.CPI.TOT.AGRWTH.Q,United States – Inflation (CPI) – Total – Annual growth rate (%) – Quarterly,2019-Q1,2019-01-01,1.644936,1.644936,USA,CPI,TOT,AGRWTH,Q,United States,Inflation (CPI),Total,Annual growth rate (%),Quarterly
quarterly,OECD,DP_LIVE,OECD Data Live dataset,USA.CPI.TOT.AGRWTH.Q,United States – Inflation (CPI) – Total – Annual growth rate (%) – Quarterly,2019-Q2,2019-04-01,1.811376,1.811376,USA,CPI,TOT,AGRWTH,Q,United States,Inflation (CPI),Total,Annual growth rate (%),Quarterly
quarterly,OECD,DP_LIVE,OECD Data Live dataset,USA.CPI.TOT.AGRWTH.Q,United States – Inflation (CPI) – Total – Annual growth rate (%) – Quarterly,2019-Q3,2019-07-01,1.757488,1.757488,USA,CPI,TOT,AGRWTH,Q,United States,Inflation (CPI),Total,Annual growth rate (%),Quarterly
quarterly,OECD,DP_LIVE,OECD Data Live dataset,USA.CPI.TOT.AGRWTH.Q,United States – Inflation (CPI) – Total – Annual growth rate (%) – Quarterly,2019-Q4,2019-10-01,2.032914,2.032914,USA,CPI,TOT,AGRWTH,Q,United States,Inflation (CPI),Total,Annual growth rate (%),Quarterly
quarterly,OECD,DP_LIVE,OECD Data Live dataset,USA.CPI.TOT.AGRWTH.Q,United States – Inflation (CPI) – Total – Annual growth rate (%) – Quarterly,2020-Q1,2020-01-01,2.118652,2.118652,USA,CPI,TOT,AGRWTH,Q,United States,Inflation (CPI),Total,Annual growth rate (%),Quarterly
quarterly,OECD,DP_LIVE,OECD Data Live dataset,USA.CPI.TOT.AGRWTH.Q,United States – Inflation (CPI) – Total – Annual growth rate (%) – Quarterly,2020-Q2,2020-04-01,0.3642956,0.3642956,USA,CPI,TOT,AGRWTH,Q,United States,Inflation (CPI),Total,Annual growth rate (%),Quarterly
quarterly,OECD,DP_LIVE,OECD Data Live dataset,USA.CPI.TOT.AGRWTH.Q,United States – Inflation (CPI) – Total – Annual growth rate (%) – Quarterly,2020-Q3,2020-07-01,1.222386,1.222386,USA,CPI,TOT,AGRWTH,Q,United States,Inflation (CPI),Total,Annual growth rate (%),Quarterly
quarterly,OECD,DP_LIVE,OECD Data Live dataset,USA.CPI.TOT.AGRWTH.Q,United States – Inflation (CPI) – Total – Annual growth rate (%) – Quarterly,2020-Q4,2020-10-01,1.239488,1.239488,USA,CPI,TOT,AGRWTH,Q,United States,Inflation (CPI),Total,Annual growth rate (%),Quarterly
quarterly,OECD,DP_LIVE,OECD Data Live dataset,USA.CPI.TOT.AGRWTH.Q,United States – Inflation (CPI) – Total – Annual growth rate (%) – Quarterly,2021-Q1,2021-01-01,1.898514,1.898514,USA,CPI,TOT,AGRWTH,Q,United States,Inflation (CPI),Total,Annual growth rate (%),Quarterly
quarterly,OECD,DP_LIVE,OECD Data Live dataset,USA.CPI.TOT.AGRWTH.Q,United States – Inflation (CPI) – Total – Annual growth rate (%) – Quarterly,2021-Q2,2021-04-01,4.848945,4.848945,USA,CPI,TOT,AGRWTH,Q,United States,Inflation (CPI),Total,Annual growth rate (%),Quarterly
quarterly,OECD,DP_LIVE,OECD Data Live dataset,USA.CPI.TOT.AGRWTH.Q,United States – Inflation (CPI) – Total – Annual growth rate (%) – Quarterly,2021-Q3,2021-07-01,5.335693,5.335693,USA,CPI,TOT,AGRWTH,Q,United States,Inflation (CPI),Total,Annual growth rate (%),Quarterly
quarterly,OECD,DP_LIVE,OECD Data Live dataset,USA.CPI.TOT.AGRWTH.Q,United States – Inflation (CPI) – Total – Annual growth rate (%) – Quarterly,2021-Q4,2021-10-01,6.689106,6.689106,USA,CPI,TOT,AGRWTH,Q,United States,Inflation (CPI),Total,Annual growth rate (%),Quarterly
quarterly,OECD,DP_LIVE,OECD Data Live dataset,USA.CPI.TOT.AGRWTH.Q,United States – Inflation (CPI) – Total – Annual growth rate (%) – Quarterly,2022-Q1,2022-01-01,7.966707,7.966707,USA,CPI,TOT,AGRWTH,Q,United States,Inflation (CPI),Total,Annual growth rate (%),Quarterly
quarterly,OECD,DP_LIVE,OECD Data Live dataset,USA.CPI.TOT.AGRWTH.Q,United States – Inflation (CPI) – Total – Annual growth rate (%) – Quarterly,2022-Q2,2022-04-01,8.635612,8.635612,USA,CPI,TOT,AGRWTH,Q,United States,Inflation (CPI),Total,Annual growth rate (%),Quarterly
quarterly,OECD,DP_LIVE,OECD Data Live dataset,USA.CPI.TOT.AGRWTH.Q,United States – Inflation (CPI) – Total – Annual growth rate (%) – Quarterly,2022-Q3,2022-07-01,8.329475,8.329475,USA,CPI,TOT,AGRWTH,Q,United States,Inflation (CPI),Total,Annual growth rate (%),Quarterly
quarterly,OECD,DP_LIVE,OECD Data Live dataset,USA.CPI.TOT.AGRWTH.Q,United States – Inflation (CPI) – Total – Annual growth rate (%) – Quarterly,2022-Q4,2022-10-01,7.101672,7.101672,USA,CPI,TOT,AGRWTH,Q,United States,Inflation (CPI),Total,Annual growth rate (%),Quarterly
quarterly,OECD,DP_LIVE,OECD Data Live dataset,USA.CPI.TOT.AGRWTH.Q,United States – Inflation (CPI) – Total – Annual growth rate (%) – Quarterly,2023-Q1,2023-01-01,5.80477,5.80477,USA,CPI,TOT,AGRWTH,Q,United States,Inflation (CPI),Total,Annual growth rate (%),Quarterly
quarterly,OECD,DP_LIVE,OECD Data Live dataset,USA.CPI.TOT.AGRWTH.Q,United States – Inflation (CPI) – Total – Annual growth rate (%) – Quarterly,2023-Q2,2023-04-01,3.974292,3.974292,USA,CPI,TOT,AGRWTH,Q,United States,Inflation (CPI),Total,Annual growth rate (%),Quarterly
quarterly,OECD,DP_LIVE,OECD Data Live dataset,USA.CPI.TOT.AGRWTH.Q,United States – Inflation (CPI) – Total – Annual growth rate (%) – Quarterly,2023-Q3,2023-07-01,3.51429,3.51429,USA,CPI,TOT,AGRWTH,Q,United States,Inflation (CPI),Total,Annual growth rate (%),Quarterly
quarterly,OECD,DP_LIVE,OECD Data Live dataset,DEU.CPI.TOT.AGRWTH.Q,Germany – Inflation (CPI) – Total – Annual growth rate (%) – Quarterly,1956-Q1,1956-01-01,2.398332,2.398332,DEU,CPI,TOT,AGRWTH,Q,Germany,Inflation (CPI),Total,Annual growth rate (%),Quarterly
quarterly,OECD,DP_LIVE,OECD Data Live dataset,DEU.CPI.TOT.AGRWTH.Q,Germany – Inflation (CPI) – Total – Annual growth rate (%) – Quarterly,1956-Q2,1956-04-01,3.661088,3.661088,DEU,CPI,TOT,AGRWTH,Q,Germany,Inflation (CPI),Total,Annual growth rate (%),Quarterly
quarterly,OECD,DP_LIVE,OECD Data Live dataset,DEU.CPI.TOT.AGRWTH.Q,Germany – Inflation (CPI) – Total – Annual growth rate (%) – Quarterly,1956-Q3,1956-07-01,2.590674,2.590674,DEU,CPI,TOT,AGRWTH,Q,Germany,Inflation (CPI),Total,Annual growth rate (%),Quarterly
quarterly,OECD,DP_LIVE,OECD Data Live dataset,DEU.CPI.TOT.AGRWTH.Q,Germany – Inflation (CPI) – Total – Annual growth rate (%) – Quarterly,1956-Q4,1956-10-01,1.840491,1.840491,DEU,CPI,TOT,AGRWTH,Q,Germany,Inflation (CPI),Total,Annual growth rate (%),Quarterly
quarterly,OECD,DP_LIVE,OECD Data Live dataset,DEU.CPI.TOT.AGRWTH.Q,Germany – Inflation (CPI) – Total – Annual growth rate (%) – Quarterly,1957-Q1,1957-01-01,1.832994,1.832994,DEU,CPI,TOT,AGRWTH,Q,Germany,Inflation (CPI),Total,Annual growth rate (%),Quarterly
quarterly,OECD,DP_LIVE,OECD Data Live dataset,DEU.CPI.TOT.AGRWTH.Q,Germany – Inflation (CPI) – Total – Annual growth rate (%) – Quarterly,1957-Q2,1957-04-01,1.513623,1.513623,DEU,CPI,TOT,AGRWTH,Q,Germany,Inflation (CPI),Total,Annual growth rate (%),Quarterly
quarterly,OECD,DP_LIVE,OECD Data Live dataset,DEU.CPI.TOT.AGRWTH.Q,Germany – Inflation (CPI) – Total – Annual growth rate (%) – Quarterly,1957-Q3,1957-07-01,2.727273,2.727273,DEU,CPI,TOT,AGRWTH,Q,Germany,Inflation (CPI),Total,Annual growth rate (%),Quarterly
quarterly,OECD,DP_LIVE,OECD Data Live dataset,DEU.CPI.TOT.AGRWTH.Q,Germany – Inflation (CPI) – Total – Annual growth rate (%) – Quarterly,1957-Q4,1957-10-01,2.309237,2.309237,DEU,CPI,TOT,AGRWTH,Q,Germany,Inflation (CPI),Total,Annual growth rate (%),Quarterly
quarterly,OECD,DP_LIVE,OECD Data Live dataset,DEU.CPI.TOT.AGRWTH.Q,Germany – Inflation (CPI) – Total – Annual growth rate (%) – Quarterly,1958-Q1,1958-01-01,3.1,3.1,DEU,CPI,TOT,AGRWTH,Q,Germany,Inflation (CPI),Total,Annual growth rate (%),Quarterly
quarterly,OECD,DP_LIVE,OECD Data Live dataset,DEU.CPI.TOT.AGRWTH.Q,Germany – Inflation (CPI) – Total – Annual growth rate (%) – Quarterly,1958-Q2,1958-04-01,3.280318,3.280318,DEU,CPI,TOT,AGRWTH,Q,Germany,Inflation (CPI),Total,Annual growth rate (%),Quarterly
quarterly,OECD,DP_LIVE,OECD Data Live dataset,DEU.CPI.TOT.AGRWTH.Q,Germany – Inflation (CPI) – Total – Annual growth rate (%) – Quarterly,1958-Q3,1958-07-01,1.081613,1.081613,DEU,CPI,TOT,AGRWTH,Q,Germany,Inflation (CPI),Total,Annual growth rate (%),Quarterly
quarterly,OECD,DP_LIVE,OECD Data Live dataset,DEU.CPI.TOT.AGRWTH.Q,Germany – Inflation (CPI) – Total – Annual growth rate (%) – Quarterly,1958-Q4,1958-10-01,1.07949,1.07949,DEU,CPI,TOT,AGRWTH,Q,Germany,Inflation (CPI),Total,Annual growth rate (%),Quarterly
quarterly,OECD,DP_LIVE,OECD Data Live dataset,DEU.CPI.TOT.AGRWTH.Q,Germany – Inflation (CPI) – Total – Annual growth rate (%) – Quarterly,1959-Q1,1959-01-01,0.09699321,0.09699321,DEU,CPI,TOT,AGRWTH,Q,Germany,Inflation (CPI),Total,Annual growth rate (%),Quarterly
quarterly,OECD,DP_LIVE,OECD Data Live dataset,DEU.CPI.TOT.AGRWTH.Q,Germany – Inflation (CPI) – Total – Annual growth rate (%) – Quarterly,1959-Q2,1959-04-01,-0.3849856,-0.3849856,DEU,CPI,TOT,AGRWTH,Q,Germany,Inflation (CPI),Total,Annual growth rate (%),Quarterly
quarterly,OECD,DP_LIVE,OECD Data Live dataset,DEU.CPI.TOT.AGRWTH.Q,Germany – Inflation (CPI) – Total – Annual growth rate (%) – Quarterly,1959-Q3,1959-07-01,1.653697,1.653697,DEU,CPI,TOT,AGRWTH,Q,Germany,Inflation (CPI),Total,Annual growth rate (%),Quarterly
quarterly,OECD,DP_LIVE,OECD Data Live dataset,DEU.CPI.TOT.AGRWTH.Q,Germany – Inflation (CPI) – Total – Annual growth rate (%) – Quarterly,1959-Q4,1959-10-01,2.23301,2.23301,DEU,CPI,TOT,AGRWTH,Q,Germany,Inflation (CPI),Total,Annual growth rate (%),Quarterly
quarterly,OECD,DP_LIVE,OECD Data Live dataset,DEU.CPI.TOT.AGRWTH.Q,Germany – Inflation (CPI) – Total – Annual growth rate (%) – Quarterly,1960-Q1,1960-01-01,1.937984,1.937984,DEU,CPI,TOT,AGRWTH,Q,Germany,Inflation (CPI),Total,Annual growth rate (%),Quarterly
quarterly,OECD,DP_LIVE,OECD Data Live dataset,DEU.CPI.TOT.AGRWTH.Q,Germany – Inflation (CPI) – Total – Annual growth rate (%) – Quarterly,1960-Q2,1960-04-01,2.222222,2.222222,DEU,CPI,TOT,AGRWTH,Q,Germany,Inflation (CPI),Total,Annual growth rate (%),Quarterly
quarterly,OECD,DP_LIVE,OECD Data Live dataset,DEU.CPI.TOT.AGRWTH.Q,Germany – Inflation (CPI) – Total – Annual growth rate (%) – Quarterly,1960-Q3,1960-07-01,1.244019,1.244019,DEU,CPI,TOT,AGRWTH,Q,Germany,Inflation (CPI),Total,Annual growth rate (%),Quarterly
quarterly,OECD,DP_LIVE,OECD Data Live dataset,DEU.CPI.TOT.AGRWTH.Q,Germany – Inflation (CPI) – Total – Annual growth rate (%) – Quarterly,1960-Q4,1960-10-01,0.7597341,0.7597341,DEU,CPI,TOT,AGRWTH,Q,Germany,Inflation (CPI),Total,Annual growth rate (%),Quarterly
quarterly,OECD,DP_LIVE,OECD Data Live dataset,DEU.CPI.TOT.AGRWTH.Q,Germany – Inflation (CPI) – Total – Annual growth rate (%) – Quarterly,1961-Q1,1961-01-01,1.806084,1.806084,DEU,CPI,TOT,AGRWTH,Q,Germany,Inflation (CPI),Total,Annual growth rate (%),Quarterly
quarterly,OECD,DP_LIVE,OECD Data Live dataset,DEU.CPI.TOT.AGRWTH.Q,Germany – Inflation (CPI) – Total – Annual growth rate (%) – Quarterly,1961-Q2,1961-04-01,1.984877,1.984877,DEU,CPI,TOT,AGRWTH,Q,Germany,Inflation (CPI),Total,Annual growth rate (%),Quarterly
quarterly,OECD,DP_LIVE,OECD Data Live dataset,DEU.CPI.TOT.AGRWTH.Q,Germany – Inflation (CPI) – Total – Annual growth rate (%) – Quarterly,1961-Q3,1961-07-01,2.646503,2.646503,DEU,CPI,TOT,AGRWTH,Q,Germany,Inflation (CPI),Total,Annual growth rate (%),Quarterly
quarterly,OECD,DP_LIVE,OECD Data Live dataset,DEU.CPI.TOT.AGRWTH.Q,Germany – Inflation (CPI) – Total – Annual growth rate (%) – Quarterly,1961-Q4,1961-10-01,2.73327,2.73327,DEU,CPI,TOT,AGRWTH,Q,Germany,Inflation (CPI),Total,Annual growth rate (%),Quarterly
quarterly,OECD,DP_LIVE,OECD Data Live dataset,DEU.CPI.TOT.AGRWTH.Q,Germany – Inflation (CPI) – Total – Annual growth rate (%) – Quarterly,1962-Q1,1962-01-01,3.361345,3.361345,DEU,CPI,TOT,AGRWTH,Q,Germany,Inflation (CPI),Total,Annual growth rate (%),Quarterly
quarterly,OECD,DP_LIVE,OECD Data Live dataset,DEU.CPI.TOT.AGRWTH.Q,Germany – Inflation (CPI) – Total – Annual growth rate (%) – Quarterly,1962-Q2,1962-04-01,3.151066,3.151066,DEU,CPI,TOT,AGRWTH,Q,Germany,Inflation (CPI),Total,Annual growth rate (%),Quarterly
quarterly,OECD,DP_LIVE,OECD Data Live dataset,DEU.CPI.TOT.AGRWTH.Q,Germany – Inflation (CPI) – Total – Annual growth rate (%) – Quarterly,1962-Q3,1962-07-01,2.394107,2.394107,DEU,CPI,TOT,AGRWTH,Q,Germany,Inflation (CPI),Total,Annual growth rate (%),Quarterly
quarterly,OECD,DP_LIVE,OECD Data Live dataset,DEU.CPI.TOT.AGRWTH.Q,Germany – Inflation (CPI) – Total – Annual growth rate (%) – Quarterly,1962-Q4,1962-10-01,2.477064,2.477064,DEU,CPI,TOT,AGRWTH,Q,Germany,Inflation (CPI),Total,Annual growth rate (%),Quarterly
quarterly,OECD,DP_LIVE,OECD Data Live dataset,DEU.CPI.TOT.AGRWTH.Q,Germany – Inflation (CPI) – Total – Annual growth rate (%) – Quarterly,1963-Q1,1963-01-01,3.252033,3.252033,DEU,CPI,TOT,AGRWTH,Q,Germany,Inflation (CPI),Total,Annual growth rate (%),Quarterly
quarterly,OECD,DP_LIVE,OECD Data Live dataset,DEU.CPI.TOT.AGRWTH.Q,Germany – Inflation (CPI) – Total – Annual growth rate (%) – Quarterly,1963-Q2,1963-04-01,2.875112,2.875112,DEU,CPI,TOT,AGRWTH,Q,Germany,Inflation (CPI),Total,Annual growth rate (%),Quarterly
quarterly,OECD,DP_LIVE,OECD Data Live dataset,DEU.CPI.TOT.AGRWTH.Q,Germany – Inflation (CPI) – Total – Annual growth rate (%) – Quarterly,1963-Q3,1963-07-01,2.428058,2.428058,DEU,CPI,TOT,AGRWTH,Q,Germany,Inflation (CPI),Total,Annual growth rate (%),Quarterly
quarterly,OECD,DP_LIVE,OECD Data Live dataset,DEU.CPI.TOT.AGRWTH.Q,Germany – Inflation (CPI) – Total – Annual growth rate (%) – Quarterly,1963-Q4,1963-10-01,3.312444,3.312444,DEU,CPI,TOT,AGRWTH,Q,Germany,Inflation (CPI),Total,Annual growth rate (%),Quarterly
quarterly,OECD,DP_LIVE,OECD Data Live dataset,DEU.CPI.TOT.AGRWTH.Q,Germany – Inflation (CPI) – Total – Annual growth rate (%) – Quarterly,1964-Q1,1964-01-01,2.274716,2.274716,DEU,CPI,TOT,AGRWTH,Q,Germany,Inflation (CPI),Total,Annual growth rate (%),Quarterly
quarterly,OECD,DP_LIVE,OECD Data Live dataset,DEU.CPI.TOT.AGRWTH.Q,Germany – Inflation (CPI) – Total – Annual growth rate (%) – Quarterly,1964-Q2,1964-04-01,2.09607,2.09607,DEU,CPI,TOT,AGRWTH,Q,Germany,Inflation (CPI),Total,Annual growth rate (%),Quarterly
quarterly,OECD,DP_LIVE,OECD Data Live dataset,DEU.CPI.TOT.AGRWTH.Q,Germany – Inflation (CPI) – Total – Annual growth rate (%) – Quarterly,1964-Q3,1964-07-01,2.721686,2.721686,DEU,CPI,TOT,AGRWTH,Q,Germany,Inflation (CPI),Total,Annual growth rate (%),Quarterly
quarterly,OECD,DP_LIVE,OECD Data Live dataset,DEU.CPI.TOT.AGRWTH.Q,Germany – Inflation (CPI) – Total – Annual growth rate (%) – Quarterly,1964-Q4,1964-10-01,2.253033,2.253033,DEU,CPI,TOT,AGRWTH,Q,Germany,Inflation (CPI),Total,Annual growth rate (%),Quarterly
quarterly,OECD,DP_LIVE,OECD Data Live dataset,DEU.CPI.TOT.AGRWTH.Q,Germany – Inflation (CPI) – Total – Annual growth rate (%) – Quarterly,1965-Q1,1965-01-01,2.053037,2.053037,DEU,CPI,TOT,AGRWTH,Q,Germany,Inflation (CPI),Total,Annual growth rate (%),Quarterly
quarterly,OECD,DP_LIVE,OECD Data Live dataset,DEU.CPI.TOT.AGRWTH.Q,Germany – Inflation (CPI) – Total – Annual growth rate (%) – Quarterly,1965-Q2,1965-04-01,3.079555,3.079555,DEU,CPI,TOT,AGRWTH,Q,Germany,Inflation (CPI),Total,Annual growth rate (%),Quarterly
quarterly,OECD,DP_LIVE,OECD Data Live dataset,DEU.CPI.TOT.AGRWTH.Q,Germany – Inflation (CPI) – Total – Annual growth rate (%) – Quarterly,1965-Q3,1965-07-01,3.846154,3.846154,DEU,CPI,TOT,AGRWTH,Q,Germany,Inflation (CPI),Total,Annual growth rate (%),Quarterly
quarterly,OECD,DP_LIVE,OECD Data Live dataset,DEU.CPI.TOT.AGRWTH.Q,Germany – Inflation (CPI) – Total – Annual growth rate (%) – Quarterly,1965-Q4,1965-10-01,3.983051,3.983051,DEU,CPI,TOT,AGRWTH,Q,Germany,Inflation (CPI),Total,Annual growth rate (%),Quarterly
quarterly,OECD,DP_LIVE,OECD Data Live dataset,DEU.CPI.TOT.AGRWTH.Q,Germany – Inflation (CPI) – Total – Annual growth rate (%) – Quarterly,1966-Q1,1966-01-01,4.107293,4.107293,DEU,CPI,TOT,AGRWTH,Q,Germany,Inflation (CPI),Total,Annual growth rate (%),Quarterly
quarterly,OECD,DP_LIVE,OECD Data Live dataset,DEU.CPI.TOT.AGRWTH.Q,Germany – Inflation (CPI) – Total – Annual growth rate (%) – Quarterly,1966-Q2,1966-04-01,4.06639,4.06639,DEU,CPI,TOT,AGRWTH,Q,Germany,Inflation (CPI),Total,Annual growth rate (%),Quarterly
quarterly,OECD,DP_LIVE,OECD Data Live dataset,DEU.CPI.TOT.AGRWTH.Q,Germany – Inflation (CPI) – Total – Annual growth rate (%) – Quarterly,1966-Q3,1966-07-01,3.045268,3.045268,DEU,CPI,TOT,AGRWTH,Q,Germany,Inflation (CPI),Total,Annual growth rate (%),Quarterly
quarterly,OECD,DP_LIVE,OECD Data Live dataset,DEU.CPI.TOT.AGRWTH.Q,Germany – Inflation (CPI) – Total – Annual growth rate (%) – Quarterly,1966-Q4,1966-10-01,2.933985,2.933985,DEU,CPI,TOT,AGRWTH,Q,Germany,Inflation (CPI),Total,Annual growth rate (%),Quarterly
quarterly,OECD,DP_LIVE,OECD Data Live dataset,DEU.CPI.TOT.AGRWTH.Q,Germany – Inflation (CPI) – Total – Annual growth rate (%) – Quarterly,1967-Q1,1967-01-01,2.495974,2.495974,DEU,CPI,TOT,AGRWTH,Q,Germany,Inflation (CPI),Total,Annual growth rate (%),Quarterly
quarterly,OECD,DP_LIVE,OECD Data Live dataset,DEU.CPI.TOT.AGRWTH.Q,Germany – Inflation (CPI) – Total – Annual growth rate (%) – Quarterly,1967-Q2,1967-04-01,1.834131,1.834131,DEU,CPI,TOT,AGRWTH,Q,Germany,Inflation (CPI),Total,Annual growth rate (%),Quarterly
quarterly,OECD,DP_LIVE,OECD Data Live dataset,DEU.CPI.TOT.AGRWTH.Q,Germany – Inflation (CPI) – Total – Annual growth rate (%) – Quarterly,1967-Q3,1967-07-01,1.757188,1.757188,DEU,CPI,TOT,AGRWTH,Q,Germany,Inflation (CPI),Total,Annual growth rate (%),Quarterly
quarterly,OECD,DP_LIVE,OECD Data Live dataset,DEU.CPI.TOT.AGRWTH.Q,Germany – Inflation (CPI) – Total – Annual growth rate (%) – Quarterly,1967-Q4,1967-10-01,1.108472,1.108472,DEU,CPI,TOT,AGRWTH,Q,Germany,Inflation (CPI),Total,Annual growth rate (%),Quarterly
quarterly,OECD,DP_LIVE,OECD Data Live dataset,DEU.CPI.TOT.AGRWTH.Q,Germany – Inflation (CPI) – Total – Annual growth rate (%) – Quarterly,1968-Q1,1968-01-01,1.492537,1.492537,DEU,CPI,TOT,AGRWTH,Q,Germany,Inflation (CPI),Total,Annual growth rate (%),Quarterly
quarterly,OECD,DP_LIVE,OECD Data Live dataset,DEU.CPI.TOT.AGRWTH.Q,Germany – Inflation (CPI) – Total – Annual growth rate (%) – Quarterly,1968-Q2,1968-04-01,1.252937,1.252937,DEU,CPI,TOT,AGRWTH,Q,Germany,Inflation (CPI),Total,Annual growth rate (%),Quarterly
quarterly,OECD,DP_LIVE,OECD Data Live dataset,DEU.CPI.TOT.AGRWTH.Q,Germany – Inflation (CPI) – Total – Annual growth rate (%) – Quarterly,1968-Q3,1968-07-01,1.33438,1.33438,DEU,CPI,TOT,AGRWTH,Q,Germany,Inflation (CPI),Total,Annual growth rate (%),Quarterly
quarterly,OECD,DP_LIVE,OECD Data Live dataset,DEU.CPI.TOT.AGRWTH.Q,Germany – Inflation (CPI) – Total – Annual growth rate (%) – Quarterly,1968-Q4,1968-10-01,1.801096,1.801096,DEU,CPI,TOT,AGRWTH,Q,Germany,Inflation (CPI),Total,Annual growth rate (%),Quarterly
quarterly,OECD,DP_LIVE,OECD Data Live dataset,DEU.CPI.TOT.AGRWTH.Q,Germany – Inflation (CPI) – Total – Annual growth rate (%) – Quarterly,1969-Q1,1969-01-01,1.625387,1.625387,DEU,CPI,TOT,AGRWTH,Q,Germany,Inflation (CPI),Total,Annual growth rate (%),Quarterly
quarterly,OECD,DP_LIVE,OECD Data Live dataset,DEU.CPI.TOT.AGRWTH.Q,Germany – Inflation (CPI) – Total – Annual growth rate (%) – Quarterly,1969-Q2,1969-04-01,2.010828,2.010828,DEU,CPI,TOT,AGRWTH,Q,Germany,Inflation (CPI),Total,Annual growth rate (%),Quarterly
quarterly,OECD,DP_LIVE,OECD Data Live dataset,DEU.CPI.TOT.AGRWTH.Q,Germany – Inflation (CPI) – Total – Annual growth rate (%) – Quarterly,1969-Q3,1969-07-01,2.091402,2.091402,DEU,CPI,TOT,AGRWTH,Q,Germany,Inflation (CPI),Total,Annual growth rate (%),Quarterly
quarterly,OECD,DP_LIVE,OECD Data Live dataset,DEU.CPI.TOT.AGRWTH.Q,Germany – Inflation (CPI) – Total – Annual growth rate (%) – Quarterly,1969-Q4,1969-10-01,1.923077,1.923077,DEU,CPI,TOT,AGRWTH,Q,Germany,Inflation (CPI),Total,Annual growth rate (%),Quarterly
quarterly,OECD,DP_LIVE,OECD Data Live dataset,DEU.CPI.TOT.AGRWTH.Q,Germany – Inflation (CPI) – Total – Annual growth rate (%) – Quarterly,1970-Q1,1970-01-01,2.894135,2.894135,DEU,CPI,TOT,AGRWTH,Q,Germany,Inflation (CPI),Total,Annual growth rate (%),Quarterly
quarterly,OECD,DP_LIVE,OECD Data Live dataset,DEU.CPI.TOT.AGRWTH.Q,Germany – Inflation (CPI) – Total – Annual growth rate (%) – Quarterly,1970-Q2,1970-04-01,3.33586,3.33586,DEU,CPI,TOT,AGRWTH,Q,Germany,Inflation (CPI),Total,Annual growth rate (%),Quarterly
quarterly,OECD,DP_LIVE,OECD Data Live dataset,DEU.CPI.TOT.AGRWTH.Q,Germany – Inflation (CPI) – Total – Annual growth rate (%) – Quarterly,1970-Q3,1970-07-01,3.566009,3.566009,DEU,CPI,TOT,AGRWTH,Q,Germany,Inflation (CPI),Total,Annual growth rate (%),Quarterly
quarterly,OECD,DP_LIVE,OECD Data Live dataset,DEU.CPI.TOT.AGRWTH.Q,Germany – Inflation (CPI) – Total – Annual growth rate (%) – Quarterly,1970-Q4,1970-10-01,4.0,4.0,DEU,CPI,TOT,AGRWTH,Q,Germany,Inflation (CPI),Total,Annual growth rate (%),Quarterly
quarterly,OECD,DP_LIVE,OECD Data Live dataset,DEU.CPI.TOT.AGRWTH.Q,Germany – Inflation (CPI) – Total – Annual growth rate (%) – Quarterly,1971-Q1,1971-01-01,4.441154,4.441154,DEU,CPI,TOT,AGRWTH,Q,Germany,Inflation (CPI),Total,Annual growth rate (%),Quarterly
quarterly,OECD,DP_LIVE,OECD Data Live dataset,DEU.CPI.TOT.AGRWTH.Q,Germany – Inflation (CPI) – Total – Annual growth rate (%) – Quarterly,1971-Q2,1971-04-01,5.062363,5.062363,DEU,CPI,TOT,AGRWTH,Q,Germany,Inflation (CPI),Total,Annual growth rate (%),Quarterly
quarterly,OECD,DP_LIVE,OECD Data Live dataset,DEU.CPI.TOT.AGRWTH.Q,Germany – Inflation (CPI) – Total – Annual growth rate (%) – Quarterly,1971-Q3,1971-07-01,5.787546,5.787546,DEU,CPI,TOT,AGRWTH,Q,Germany,Inflation (CPI),Total,Annual growth rate (%),Quarterly
quarterly,OECD,DP_LIVE,OECD Data Live dataset,DEU.CPI.TOT.AGRWTH.Q,Germany – Inflation (CPI) – Total – Annual growth rate (%) – Quarterly,1971-Q4,1971-10-01,5.660378,5.660378,DEU,CPI,TOT,AGRWTH,Q,Germany,Inflation (CPI),Total,Annual growth rate (%),Quarterly
quarterly,OECD,DP_LIVE,OECD Data Live dataset,DEU.CPI.TOT.AGRWTH.Q,Germany – Inflation (CPI) – Total – Annual growth rate (%) – Quarterly,1972-Q1,1972-01-01,5.315379,5.315379,DEU,CPI,TOT,AGRWTH,Q,Germany,Inflation (CPI),Total,Annual growth rate (%),Quarterly
quarterly,OECD,DP_LIVE,OECD Data Live dataset,DEU.CPI.TOT.AGRWTH.Q,Germany – Inflation (CPI) – Total – Annual growth rate (%) – Quarterly,1972-Q2,1972-04-01,4.888268,4.888268,DEU,CPI,TOT,AGRWTH,Q,Germany,Inflation (CPI),Total,Annual growth rate (%),Quarterly
quarterly,OECD,DP_LIVE,OECD Data Live dataset,DEU.CPI.TOT.AGRWTH.Q,Germany – Inflation (CPI) – Total – Annual growth rate (%) – Quarterly,1972-Q3,1972-07-01,5.470914,5.470914,DEU,CPI,TOT,AGRWTH,Q,Germany,Inflation (CPI),Total,Annual growth rate (%),Quarterly
quarterly,OECD,DP_LIVE,OECD Data Live dataset,DEU.CPI.TOT.AGRWTH.Q,Germany – Inflation (CPI) – Total – Annual growth rate (%) – Quarterly,1972-Q4,1972-10-01,6.25,6.25,DEU,CPI,TOT,AGRWTH,Q,Germany,Inflation (CPI),Total,Annual growth rate (%),Quarterly
quarterly,OECD,DP_LIVE,OECD Data Live dataset,DEU.CPI.TOT.AGRWTH.Q,Germany – Inflation (CPI) – Total – Annual growth rate (%) – Quarterly,1973-Q1,1973-01-01,6.460296,6.460296,DEU,CPI,TOT,AGRWTH,Q,Germany,Inflation (CPI),Total,Annual growth rate (%),Quarterly
quarterly,OECD,DP_LIVE,OECD Data Live dataset,DEU.CPI.TOT.AGRWTH.Q,Germany – Inflation (CPI) – Total – Annual growth rate (%) – Quarterly,1973-Q2,1973-04-01,7.390146,7.390146,DEU,CPI,TOT,AGRWTH,Q,Germany,Inflation (CPI),Total,Annual growth rate (%),Quarterly
quarterly,OECD,DP_LIVE,OECD Data Live dataset,DEU.CPI.TOT.AGRWTH.Q,Germany – Inflation (CPI) – Total – Annual growth rate (%) – Quarterly,1973-Q3,1973-07-01,6.959948,6.959948,DEU,CPI,TOT,AGRWTH,Q,Germany,Inflation (CPI),Total,Annual growth rate (%),Quarterly
quarterly,OECD,DP_LIVE,OECD Data Live dataset,DEU.CPI.TOT.AGRWTH.Q,Germany – Inflation (CPI) – Total – Annual growth rate (%) – Quarterly,1973-Q4,1973-10-01,7.30446,7.30446,DEU,CPI,TOT,AGRWTH,Q,Germany,Inflation (CPI),Total,Annual growth rate (%),Quarterly
quarterly,OECD,DP_LIVE,OECD Data Live dataset,DEU.CPI.TOT.AGRWTH.Q,Germany – Inflation (CPI) – Total – Annual growth rate (%) – Quarterly,1974-Q1,1974-01-01,7.458913,7.458913,DEU,CPI,TOT,AGRWTH,Q,Germany,Inflation (CPI),Total,Annual growth rate (%),Quarterly
quarterly,OECD,DP_LIVE,OECD Data Live dataset,DEU.CPI.TOT.AGRWTH.Q,Germany – Inflation (CPI) – Total – Annual growth rate (%) – Quarterly,1974-Q2,1974-04-01,7.067576,7.067576,DEU,CPI,TOT,AGRWTH,Q,Germany,Inflation (CPI),Total,Annual growth rate (%),Quarterly
quarterly,OECD,DP_LIVE,OECD Data Live dataset,DEU.CPI.TOT.AGRWTH.Q,Germany – Inflation (CPI) – Total – Annual growth rate (%) – Quarterly,1974-Q3,1974-07-01,6.998158,6.998158,DEU,CPI,TOT,AGRWTH,Q,Germany,Inflation (CPI),Total,Annual growth rate (%),Quarterly
quarterly,OECD,DP_LIVE,OECD Data Live dataset,DEU.CPI.TOT.AGRWTH.Q,Germany – Inflation (CPI) – Total – Annual growth rate (%) – Quarterly,1974-Q4,1974-10-01,6.445783,6.445783,DEU,CPI,TOT,AGRWTH,Q,Germany,Inflation (CPI),Total,Annual growth rate (%),Quarterly
quarterly,OECD,DP_LIVE,OECD Data Live dataset,DEU.CPI.TOT.AGRWTH.Q,Germany – Inflation (CPI) – Total – Annual growth rate (%) – Quarterly,1975-Q1,1975-01-01,5.882353,5.882353,DEU,CPI,TOT,AGRWTH,Q,Germany,Inflation (CPI),Total,Annual growth rate (%),Quarterly
quarterly,OECD,DP_LIVE,OECD Data Live dataset,DEU.CPI.TOT.AGRWTH.Q,Germany – Inflation (CPI) – Total – Annual growth rate (%) – Quarterly,1975-Q2,1975-04-01,6.253619,6.253619,DEU,CPI,TOT,AGRWTH,Q,Germany,Inflation (CPI),Total,Annual growth rate (%),Quarterly
quarterly,OECD,DP_LIVE,OECD Data Live dataset,DEU.CPI.TOT.AGRWTH.Q,Germany – Inflation (CPI) – Total – Annual growth rate (%) – Quarterly,1975-Q3,1975-07-01,6.081469,6.081469,DEU,CPI,TOT,AGRWTH,Q,Germany,Inflation (CPI),Total,Annual growth rate (%),Quarterly
quarterly,OECD,DP_LIVE,OECD Data Live dataset,DEU.CPI.TOT.AGRWTH.Q,Germany – Inflation (CPI) – Total – Annual growth rate (%) – Quarterly,1975-Q4,1975-10-01,5.432937,5.432937,DEU,CPI,TOT,AGRWTH,Q,Germany,Inflation (CPI),Total,Annual growth rate (%),Quarterly
quarterly,OECD,DP_LIVE,OECD Data Live dataset,DEU.CPI.TOT.AGRWTH.Q,Germany – Inflation (CPI) – Total – Annual growth rate (%) – Quarterly,1976-Q1,1976-01-01,5.222222,5.222222,DEU,CPI,TOT,AGRWTH,Q,Germany,Inflation (CPI),Total,Annual growth rate (%),Quarterly
quarterly,OECD,DP_LIVE,OECD Data Live dataset,DEU.CPI.TOT.AGRWTH.Q,Germany – Inflation (CPI) – Total – Annual growth rate (%) – Quarterly,1976-Q2,1976-04-01,4.305177,4.305177,DEU,CPI,TOT,AGRWTH,Q,Germany,Inflation (CPI),Total,Annual growth rate (%),Quarterly
quarterly,OECD,DP_LIVE,OECD Data Live dataset,DEU.CPI.TOT.AGRWTH.Q,Germany – Inflation (CPI) – Total – Annual growth rate (%) – Quarterly,1976-Q3,1976-07-01,3.78583,3.78583,DEU,CPI,TOT,AGRWTH,Q,Germany,Inflation (CPI),Total,Annual growth rate (%),Quarterly
quarterly,OECD,DP_LIVE,OECD Data Live dataset,DEU.CPI.TOT.AGRWTH.Q,Germany – Inflation (CPI) – Total – Annual growth rate (%) – Quarterly,1976-Q4,1976-10-01,3.703704,3.703704,DEU,CPI,TOT,AGRWTH,Q,Germany,Inflation (CPI),Total,Annual growth rate (%),Quarterly
quarterly,OECD,DP_LIVE,OECD Data Live dataset,DEU.CPI.TOT.AGRWTH.Q,Germany – Inflation (CPI) – Total – Annual growth rate (%) – Quarterly,1977-Q1,1977-01-01,3.801478,3.801478,DEU,CPI,TOT,AGRWTH,Q,Germany,Inflation (CPI),Total,Annual growth rate (%),Quarterly
quarterly,OECD,DP_LIVE,OECD Data Live dataset,DEU.CPI.TOT.AGRWTH.Q,Germany – Inflation (CPI) – Total – Annual growth rate (%) – Quarterly,1977-Q2,1977-04-01,3.814002,3.814002,DEU,CPI,TOT,AGRWTH,Q,Germany,Inflation (CPI),Total,Annual growth rate (%),Quarterly
quarterly,OECD,DP_LIVE,OECD Data Live dataset,DEU.CPI.TOT.AGRWTH.Q,Germany – Inflation (CPI) – Total – Annual growth rate (%) – Quarterly,1977-Q3,1977-07-01,3.856175,3.856175,DEU,CPI,TOT,AGRWTH,Q,Germany,Inflation (CPI),Total,Annual growth rate (%),Quarterly
quarterly,OECD,DP_LIVE,OECD Data Live dataset,DEU.CPI.TOT.AGRWTH.Q,Germany – Inflation (CPI) – Total – Annual growth rate (%) – Quarterly,1977-Q4,1977-10-01,3.467909,3.467909,DEU,CPI,TOT,AGRWTH,Q,Germany,Inflation (CPI),Total,Annual growth rate (%),Quarterly
quarterly,OECD,DP_LIVE,OECD Data Live dataset,DEU.CPI.TOT.AGRWTH.Q,Germany – Inflation (CPI) – Total – Annual growth rate (%) – Quarterly,1978-Q1,1978-01-01,3.001017,3.001017,DEU,CPI,TOT,AGRWTH,Q,Germany,Inflation (CPI),Total,Annual growth rate (%),Quarterly
quarterly,OECD,DP_LIVE,OECD Data Live dataset,DEU.CPI.TOT.AGRWTH.Q,Germany – Inflation (CPI) – Total – Annual growth rate (%) – Quarterly,1978-Q2,1978-04-01,2.868646,2.868646,DEU,CPI,TOT,AGRWTH,Q,Germany,Inflation (CPI),Total,Annual growth rate (%),Quarterly
quarterly,OECD,DP_LIVE,OECD Data Live dataset,DEU.CPI.TOT.AGRWTH.Q,Germany – Inflation (CPI) – Total – Annual growth rate (%) – Quarterly,1978-Q3,1978-07-01,2.508781,2.508781,DEU,CPI,TOT,AGRWTH,Q,Germany,Inflation (CPI),Total,Annual growth rate (%),Quarterly
quarterly,OECD,DP_LIVE,OECD Data Live dataset,DEU.CPI.TOT.AGRWTH.Q,Germany – Inflation (CPI) – Total – Annual growth rate (%) – Quarterly,1978-Q4,1978-10-01,2.501251,2.501251,DEU,CPI,TOT,AGRWTH,Q,Germany,Inflation (CPI),Total,Annual growth rate (%),Quarterly
quarterly,OECD,DP_LIVE,OECD Data Live dataset,DEU.CPI.TOT.AGRWTH.Q,Germany – Inflation (CPI) – Total – Annual growth rate (%) – Quarterly,1979-Q1,1979-01-01,2.91358,2.91358,DEU,CPI,TOT,AGRWTH,Q,Germany,Inflation (CPI),Total,Annual growth rate (%),Quarterly
quarterly,OECD,DP_LIVE,OECD Data Live dataset,DEU.CPI.TOT.AGRWTH.Q,Germany – Inflation (CPI) – Total – Annual growth rate (%) – Quarterly,1979-Q2,1979-04-01,3.277886,3.277886,DEU,CPI,TOT,AGRWTH,Q,Germany,Inflation (CPI),Total,Annual growth rate (%),Quarterly
quarterly,OECD,DP_LIVE,OECD Data Live dataset,DEU.CPI.TOT.AGRWTH.Q,Germany – Inflation (CPI) – Total – Annual growth rate (%) – Quarterly,1979-Q3,1979-07-01,4.650024,4.650024,DEU,CPI,TOT,AGRWTH,Q,Germany,Inflation (CPI),Total,Annual growth rate (%),Quarterly
quarterly,OECD,DP_LIVE,OECD Data Live dataset,DEU.CPI.TOT.AGRWTH.Q,Germany – Inflation (CPI) – Total – Annual growth rate (%) – Quarterly,1979-Q4,1979-10-01,5.319668,5.319668,DEU,CPI,TOT,AGRWTH,Q,Germany,Inflation (CPI),Total,Annual growth rate (%),Quarterly
quarterly,OECD,DP_LIVE,OECD Data Live dataset,DEU.CPI.TOT.AGRWTH.Q,Germany – Inflation (CPI) – Total – Annual growth rate (%) – Quarterly,1980-Q1,1980-01-01,5.518234,5.518234,DEU,CPI,TOT,AGRWTH,Q,Germany,Inflation (CPI),Total,Annual growth rate (%),Quarterly
quarterly,OECD,DP_LIVE,OECD Data Live dataset,DEU.CPI.TOT.AGRWTH.Q,Germany – Inflation (CPI) – Total – Annual growth rate (%) – Quarterly,1980-Q2,1980-04-01,5.921364,5.921364,DEU,CPI,TOT,AGRWTH,Q,Germany,Inflation (CPI),Total,Annual growth rate (%),Quarterly
quarterly,OECD,DP_LIVE,OECD Data Live dataset,DEU.CPI.TOT.AGRWTH.Q,Germany – Inflation (CPI) – Total – Annual growth rate (%) – Quarterly,1980-Q3,1980-07-01,5.191768,5.191768,DEU,CPI,TOT,AGRWTH,Q,Germany,Inflation (CPI),Total,Annual growth rate (%),Quarterly
quarterly,OECD,DP_LIVE,OECD Data Live dataset,DEU.CPI.TOT.AGRWTH.Q,Germany – Inflation (CPI) – Total – Annual growth rate (%) – Quarterly,1980-Q4,1980-10-01,5.143651,5.143651,DEU,CPI,TOT,AGRWTH,Q,Germany,Inflation (CPI),Total,Annual growth rate (%),Quarterly
quarterly,OECD,DP_LIVE,OECD Data Live dataset,DEU.CPI.TOT.AGRWTH.Q,Germany – Inflation (CPI) – Total – Annual growth rate (%) – Quarterly,1981-Q1,1981-01-01,5.729877,5.729877,DEU,CPI,TOT,AGRWTH,Q,Germany,Inflation (CPI),Total,Annual growth rate (%),Quarterly
quarterly,OECD,DP_LIVE,OECD Data Live dataset,DEU.CPI.TOT.AGRWTH.Q,Germany – Inflation (CPI) – Total – Annual growth rate (%) – Quarterly,1981-Q2,1981-04-01,5.813953,5.813953,DEU,CPI,TOT,AGRWTH,Q,Germany,Inflation (CPI),Total,Annual growth rate (%),Quarterly
quarterly,OECD,DP_LIVE,OECD Data Live dataset,DEU.CPI.TOT.AGRWTH.Q,Germany – Inflation (CPI) – Total – Annual growth rate (%) – Quarterly,1981-Q3,1981-07-01,6.669631,6.669631,DEU,CPI,TOT,AGRWTH,Q,Germany,Inflation (CPI),Total,Annual growth rate (%),Quarterly
quarterly,OECD,DP_LIVE,OECD Data Live dataset,DEU.CPI.TOT.AGRWTH.Q,Germany – Inflation (CPI) – Total – Annual growth rate (%) – Quarterly,1981-Q4,1981-10-01,7.139709,7.139709,DEU,CPI,TOT,AGRWTH,Q,Germany,Inflation (CPI),Total,Annual growth rate (%),Quarterly
quarterly,OECD,DP_LIVE,OECD Data Live dataset,DEU.CPI.TOT.AGRWTH.Q,Germany – Inflation (CPI) – Total – Annual growth rate (%) – Quarterly,1982-Q1,1982-01-01,5.892473,5.892473,DEU,CPI,TOT,AGRWTH,Q,Germany,Inflation (CPI),Total,Annual growth rate (%),Quarterly
quarterly,OECD,DP_LIVE,OECD Data Live dataset,DEU.CPI.TOT.AGRWTH.Q,Germany – Inflation (CPI) – Total – Annual growth rate (%) – Quarterly,1982-Q2,1982-04-01,5.367709,5.367709,DEU,CPI,TOT,AGRWTH,Q,Germany,Inflation (CPI),Total,Annual growth rate (%),Quarterly
quarterly,OECD,DP_LIVE,OECD Data Live dataset,DEU.CPI.TOT.AGRWTH.Q,Germany – Inflation (CPI) – Total – Annual growth rate (%) – Quarterly,1982-Q3,1982-07-01,5.085452,5.085452,DEU,CPI,TOT,AGRWTH,Q,Germany,Inflation (CPI),Total,Annual growth rate (%),Quarterly
quarterly,OECD,DP_LIVE,OECD Data Live dataset,DEU.CPI.TOT.AGRWTH.Q,Germany – Inflation (CPI) – Total – Annual growth rate (%) – Quarterly,1982-Q4,1982-10-01,4.648293,4.648293,DEU,CPI,TOT,AGRWTH,Q,Germany,Inflation (CPI),Total,Annual growth rate (%),Quarterly
quarterly,OECD,DP_LIVE,OECD Data Live dataset,DEU.CPI.TOT.AGRWTH.Q,Germany – Inflation (CPI) – Total – Annual growth rate (%) – Quarterly,1983-Q1,1983-01-01,4.061738,4.061738,DEU,CPI,TOT,AGRWTH,Q,Germany,Inflation (CPI),Total,Annual growth rate (%),Quarterly
quarterly,OECD,DP_LIVE,OECD Data Live dataset,DEU.CPI.TOT.AGRWTH.Q,Germany – Inflation (CPI) – Total – Annual growth rate (%) – Quarterly,1983-Q2,1983-04-01,3.28921,3.28921,DEU,CPI,TOT,AGRWTH,Q,Germany,Inflation (CPI),Total,Annual growth rate (%),Quarterly
quarterly,OECD,DP_LIVE,OECD Data Live dataset,DEU.CPI.TOT.AGRWTH.Q,Germany – Inflation (CPI) – Total – Annual growth rate (%) – Quarterly,1983-Q3,1983-07-01,3.133677,3.133677,DEU,CPI,TOT,AGRWTH,Q,Germany,Inflation (CPI),Total,Annual growth rate (%),Quarterly
quarterly,OECD,DP_LIVE,OECD Data Live dataset,DEU.CPI.TOT.AGRWTH.Q,Germany – Inflation (CPI) – Total – Annual growth rate (%) – Quarterly,1983-Q4,1983-10-01,2.712264,2.712264,DEU,CPI,TOT,AGRWTH,Q,Germany,Inflation (CPI),Total,Annual growth rate (%),Quarterly
quarterly,OECD,DP_LIVE,OECD Data Live dataset,DEU.CPI.TOT.AGRWTH.Q,Germany – Inflation (CPI) – Total – Annual growth rate (%) – Quarterly,1984-Q1,1984-01-01,2.849336,2.849336,DEU,CPI,TOT,AGRWTH,Q,Germany,Inflation (CPI),Total,Annual growth rate (%),Quarterly
quarterly,OECD,DP_LIVE,OECD Data Live dataset,DEU.CPI.TOT.AGRWTH.Q,Germany – Inflation (CPI) – Total – Annual growth rate (%) – Quarterly,1984-Q2,1984-04-01,2.834951,2.834951,DEU,CPI,TOT,AGRWTH,Q,Germany,Inflation (CPI),Total,Annual growth rate (%),Quarterly
quarterly,OECD,DP_LIVE,OECD Data Live dataset,DEU.CPI.TOT.AGRWTH.Q,Germany – Inflation (CPI) – Total – Annual growth rate (%) – Quarterly,1984-Q3,1984-07-01,1.884615,1.884615,DEU,CPI,TOT,AGRWTH,Q,Germany,Inflation (CPI),Total,Annual growth rate (%),Quarterly
quarterly,OECD,DP_LIVE,OECD Data Live dataset,DEU.CPI.TOT.AGRWTH.Q,Germany – Inflation (CPI) – Total – Annual growth rate (%) – Quarterly,1984-Q4,1984-10-01,2.06659,2.06659,DEU,CPI,TOT,AGRWTH,Q,Germany,Inflation (CPI),Total,Annual growth rate (%),Quarterly
quarterly,OECD,DP_LIVE,OECD Data Live dataset,DEU.CPI.TOT.AGRWTH.Q,Germany – Inflation (CPI) – Total – Annual growth rate (%) – Quarterly,1985-Q1,1985-01-01,2.314991,2.314991,DEU,CPI,TOT,AGRWTH,Q,Germany,Inflation (CPI),Total,Annual growth rate (%),Quarterly
quarterly,OECD,DP_LIVE,OECD Data Live dataset,DEU.CPI.TOT.AGRWTH.Q,Germany – Inflation (CPI) – Total – Annual growth rate (%) – Quarterly,1985-Q2,1985-04-01,2.303625,2.303625,DEU,CPI,TOT,AGRWTH,Q,Germany,Inflation (CPI),Total,Annual growth rate (%),Quarterly
quarterly,OECD,DP_LIVE,OECD Data Live dataset,DEU.CPI.TOT.AGRWTH.Q,Germany – Inflation (CPI) – Total – Annual growth rate (%) – Quarterly,1985-Q3,1985-07-01,2.076255,2.076255,DEU,CPI,TOT,AGRWTH,Q,Germany,Inflation (CPI),Total,Annual growth rate (%),Quarterly
quarterly,OECD,DP_LIVE,OECD Data Live dataset,DEU.CPI.TOT.AGRWTH.Q,Germany – Inflation (CPI) – Total – Annual growth rate (%) – Quarterly,1985-Q4,1985-10-01,1.574803,1.574803,DEU,CPI,TOT,AGRWTH,Q,Germany,Inflation (CPI),Total,Annual growth rate (%),Quarterly
quarterly,OECD,DP_LIVE,OECD Data Live dataset,DEU.CPI.TOT.AGRWTH.Q,Germany – Inflation (CPI) – Total – Annual growth rate (%) – Quarterly,1986-Q1,1986-01-01,0.7418398,0.7418398,DEU,CPI,TOT,AGRWTH,Q,Germany,Inflation (CPI),Total,Annual growth rate (%),Quarterly
quarterly,OECD,DP_LIVE,OECD Data Live dataset,DEU.CPI.TOT.AGRWTH.Q,Germany – Inflation (CPI) – Total – Annual growth rate (%) – Quarterly,1986-Q2,1986-04-01,NA,,DEU,CPI,TOT,AGRWTH,Q,Germany,Inflation (CPI),Total,Annual growth rate (%),Quarterly
quarterly,OECD,DP_LIVE,OECD Data Live dataset,DEU.CPI.TOT.AGRWTH.Q,Germany – Inflation (CPI) – Total – Annual growth rate (%) – Quarterly,1986-Q3,1986-07-01,-0.3328402,-0.3328402,DEU,CPI,TOT,AGRWTH,Q,Germany,Inflation (CPI),Total,Annual growth rate (%),Quarterly
quarterly,OECD,DP_LIVE,OECD Data Live dataset,DEU.CPI.TOT.AGRWTH.Q,Germany – Inflation (CPI) – Total – Annual growth rate (%) – Quarterly,1986-Q4,1986-10-01,-0.9228498,-0.9228498,DEU,CPI,TOT,AGRWTH,Q,Germany,Inflation (CPI),Total,Annual growth rate (%),Quarterly
quarterly,OECD,DP_LIVE,OECD Data Live dataset,DEU.CPI.TOT.AGRWTH.Q,Germany – Inflation (CPI) – Total – Annual growth rate (%) – Quarterly,1987-Q1,1987-01-01,-0.5154639,-0.5154639,DEU,CPI,TOT,AGRWTH,Q,Germany,Inflation (CPI),Total,Annual growth rate (%),Quarterly
quarterly,OECD,DP_LIVE,OECD Data Live dataset,DEU.CPI.TOT.AGRWTH.Q,Germany – Inflation (CPI) – Total – Annual growth rate (%) – Quarterly,1987-Q2,1987-04-01,0.03691399,0.03691399,DEU,CPI,TOT,AGRWTH,Q,Germany,Inflation (CPI),Total,Annual growth rate (%),Quarterly
quarterly,OECD,DP_LIVE,OECD Data Live dataset,DEU.CPI.TOT.AGRWTH.Q,Germany – Inflation (CPI) – Total – Annual growth rate (%) – Quarterly,1987-Q3,1987-07-01,0.5194805,0.5194805,DEU,CPI,TOT,AGRWTH,Q,Germany,Inflation (CPI),Total,Annual growth rate (%),Quarterly
quarterly,OECD,DP_LIVE,OECD Data Live dataset,DEU.CPI.TOT.AGRWTH.Q,Germany – Inflation (CPI) – Total – Annual growth rate (%) – Quarterly,1987-Q4,1987-10-01,0.9687034,0.9687034,DEU,CPI,TOT,AGRWTH,Q,Germany,Inflation (CPI),Total,Annual growth rate (%),Quarterly
quarterly,OECD,DP_LIVE,OECD Data Live dataset,DEU.CPI.TOT.AGRWTH.Q,Germany – Inflation (CPI) – Total – Annual growth rate (%) – Quarterly,1988-Q1,1988-01-01,0.9622502,0.9622502,DEU,CPI,TOT,AGRWTH,Q,Germany,Inflation (CPI),Total,Annual growth rate (%),Quarterly
quarterly,OECD,DP_LIVE,OECD Data Live dataset,DEU.CPI.TOT.AGRWTH.Q,Germany – Inflation (CPI) – Total – Annual growth rate (%) – Quarterly,1988-Q2,1988-04-01,1.143911,1.143911,DEU,CPI,TOT,AGRWTH,Q,Germany,Inflation (CPI),Total,Annual growth rate (%),Quarterly
quarterly,OECD,DP_LIVE,OECD Data Live dataset,DEU.CPI.TOT.AGRWTH.Q,Germany – Inflation (CPI) – Total – Annual growth rate (%) – Quarterly,1988-Q3,1988-07-01,1.29199,1.29199,DEU,CPI,TOT,AGRWTH,Q,Germany,Inflation (CPI),Total,Annual growth rate (%),Quarterly
quarterly,OECD,DP_LIVE,OECD Data Live dataset,DEU.CPI.TOT.AGRWTH.Q,Germany – Inflation (CPI) – Total – Annual growth rate (%) – Quarterly,1988-Q4,1988-10-01,1.697417,1.697417,DEU,CPI,TOT,AGRWTH,Q,Germany,Inflation (CPI),Total,Annual growth rate (%),Quarterly
quarterly,OECD,DP_LIVE,OECD Data Live dataset,DEU.CPI.TOT.AGRWTH.Q,Germany – Inflation (CPI) – Total – Annual growth rate (%) – Quarterly,1989-Q1,1989-01-01,2.419355,2.419355,DEU,CPI,TOT,AGRWTH,Q,Germany,Inflation (CPI),Total,Annual growth rate (%),Quarterly
quarterly,OECD,DP_LIVE,OECD Data Live dataset,DEU.CPI.TOT.AGRWTH.Q,Germany – Inflation (CPI) – Total – Annual growth rate (%) – Quarterly,1989-Q2,1989-04-01,2.88216,2.88216,DEU,CPI,TOT,AGRWTH,Q,Germany,Inflation (CPI),Total,Annual growth rate (%),Quarterly
quarterly,OECD,DP_LIVE,OECD Data Live dataset,DEU.CPI.TOT.AGRWTH.Q,Germany – Inflation (CPI) – Total – Annual growth rate (%) – Quarterly,1989-Q3,1989-07-01,2.806123,2.806123,DEU,CPI,TOT,AGRWTH,Q,Germany,Inflation (CPI),Total,Annual growth rate (%),Quarterly
quarterly,OECD,DP_LIVE,OECD Data Live dataset,DEU.CPI.TOT.AGRWTH.Q,Germany – Inflation (CPI) – Total – Annual growth rate (%) – Quarterly,1989-Q4,1989-10-01,3.011611,3.011611,DEU,CPI,TOT,AGRWTH,Q,Germany,Inflation (CPI),Total,Annual growth rate (%),Quarterly
quarterly,OECD,DP_LIVE,OECD Data Live dataset,DEU.CPI.TOT.AGRWTH.Q,Germany – Inflation (CPI) – Total – Annual growth rate (%) – Quarterly,1990-Q1,1990-01-01,2.720114,2.720114,DEU,CPI,TOT,AGRWTH,Q,Germany,Inflation (CPI),Total,Annual growth rate (%),Quarterly
quarterly,OECD,DP_LIVE,OECD Data Live dataset,DEU.CPI.TOT.AGRWTH.Q,Germany – Inflation (CPI) – Total – Annual growth rate (%) – Quarterly,1990-Q2,1990-04-01,2.304965,2.304965,DEU,CPI,TOT,AGRWTH,Q,Germany,Inflation (CPI),Total,Annual growth rate (%),Quarterly
quarterly,OECD,DP_LIVE,OECD Data Live dataset,DEU.CPI.TOT.AGRWTH.Q,Germany – Inflation (CPI) – Total – Annual growth rate (%) – Quarterly,1990-Q3,1990-07-01,2.729528,2.729528,DEU,CPI,TOT,AGRWTH,Q,Germany,Inflation (CPI),Total,Annual growth rate (%),Quarterly
quarterly,OECD,DP_LIVE,OECD Data Live dataset,DEU.CPI.TOT.AGRWTH.Q,Germany – Inflation (CPI) – Total – Annual growth rate (%) – Quarterly,1990-Q4,1990-10-01,3.029236,3.029236,DEU,CPI,TOT,AGRWTH,Q,Germany,Inflation (CPI),Total,Annual growth rate (%),Quarterly
quarterly,OECD,DP_LIVE,OECD Data Live dataset,DEU.CPI.TOT.AGRWTH.Q,Germany – Inflation (CPI) – Total – Annual growth rate (%) – Quarterly,1991-Q1,1991-01-01,2.842515,2.842515,DEU,CPI,TOT,AGRWTH,Q,Germany,Inflation (CPI),Total,Annual growth rate (%),Quarterly
quarterly,OECD,DP_LIVE,OECD Data Live dataset,DEU.CPI.TOT.AGRWTH.Q,Germany – Inflation (CPI) – Total – Annual growth rate (%) – Quarterly,1991-Q2,1991-04-01,3.29916,3.29916,DEU,CPI,TOT,AGRWTH,Q,Germany,Inflation (CPI),Total,Annual growth rate (%),Quarterly
quarterly,OECD,DP_LIVE,OECD Data Live dataset,DEU.CPI.TOT.AGRWTH.Q,Germany – Inflation (CPI) – Total – Annual growth rate (%) – Quarterly,1991-Q3,1991-07-01,4.513518,4.513518,DEU,CPI,TOT,AGRWTH,Q,Germany,Inflation (CPI),Total,Annual growth rate (%),Quarterly
quarterly,OECD,DP_LIVE,OECD Data Live dataset,DEU.CPI.TOT.AGRWTH.Q,Germany – Inflation (CPI) – Total – Annual growth rate (%) – Quarterly,1991-Q4,1991-10-01,5.504373,5.504373,DEU,CPI,TOT,AGRWTH,Q,Germany,Inflation (CPI),Total,Annual growth rate (%),Quarterly
quarterly,OECD,DP_LIVE,OECD Data Live dataset,DEU.CPI.TOT.AGRWTH.Q,Germany – Inflation (CPI) – Total – Annual growth rate (%) – Quarterly,1992-Q1,1992-01-01,5.910853,5.910853,DEU,CPI,TOT,AGRWTH,Q,Germany,Inflation (CPI),Total,Annual growth rate (%),Quarterly
quarterly,OECD,DP_LIVE,OECD Data Live dataset,DEU.CPI.TOT.AGRWTH.Q,Germany – Inflation (CPI) – Total – Annual growth rate (%) – Quarterly,1992-Q2,1992-04-01,6.09405,6.09405,DEU,CPI,TOT,AGRWTH,Q,Germany,Inflation (CPI),Total,Annual growth rate (%),Quarterly
quarterly,OECD,DP_LIVE,OECD Data Live dataset,DEU.CPI.TOT.AGRWTH.Q,Germany – Inflation (CPI) – Total – Annual growth rate (%) – Quarterly,1992-Q3,1992-07-01,4.957507,4.957507,DEU,CPI,TOT,AGRWTH,Q,Germany,Inflation (CPI),Total,Annual growth rate (%),Quarterly
quarterly,OECD,DP_LIVE,OECD Data Live dataset,DEU.CPI.TOT.AGRWTH.Q,Germany – Inflation (CPI) – Total – Annual growth rate (%) – Quarterly,1992-Q4,1992-10-01,3.336423,3.336423,DEU,CPI,TOT,AGRWTH,Q,Germany,Inflation (CPI),Total,Annual growth rate (%),Quarterly
quarterly,OECD,DP_LIVE,OECD Data Live dataset,DEU.CPI.TOT.AGRWTH.Q,Germany – Inflation (CPI) – Total – Annual growth rate (%) – Quarterly,1993-Q1,1993-01-01,4.666057,4.666057,DEU,CPI,TOT,AGRWTH,Q,Germany,Inflation (CPI),Total,Annual growth rate (%),Quarterly
quarterly,OECD,DP_LIVE,OECD Data Live dataset,DEU.CPI.TOT.AGRWTH.Q,Germany – Inflation (CPI) – Total – Annual growth rate (%) – Quarterly,1993-Q2,1993-04-01,4.387155,4.387155,DEU,CPI,TOT,AGRWTH,Q,Germany,Inflation (CPI),Total,Annual growth rate (%),Quarterly
quarterly,OECD,DP_LIVE,OECD Data Live dataset,DEU.CPI.TOT.AGRWTH.Q,Germany – Inflation (CPI) – Total – Annual growth rate (%) – Quarterly,1993-Q3,1993-07-01,4.54341,4.54341,DEU,CPI,TOT,AGRWTH,Q,Germany,Inflation (CPI),Total,Annual growth rate (%),Quarterly
quarterly,OECD,DP_LIVE,OECD Data Live dataset,DEU.CPI.TOT.AGRWTH.Q,Germany – Inflation (CPI) – Total – Annual growth rate (%) – Quarterly,1993-Q4,1993-10-01,4.304933,4.304933,DEU,CPI,TOT,AGRWTH,Q,Germany,Inflation (CPI),Total,Annual growth rate (%),Quarterly
quarterly,OECD,DP_LIVE,OECD Data Live dataset,DEU.CPI.TOT.AGRWTH.Q,Germany – Inflation (CPI) – Total – Annual growth rate (%) – Quarterly,1994-Q1,1994-01-01,2.972028,2.972028,DEU,CPI,TOT,AGRWTH,Q,Germany,Inflation (CPI),Total,Annual growth rate (%),Quarterly
quarterly,OECD,DP_LIVE,OECD Data Live dataset,DEU.CPI.TOT.AGRWTH.Q,Germany – Inflation (CPI) – Total – Annual growth rate (%) – Quarterly,1994-Q2,1994-04-01,2.772964,2.772964,DEU,CPI,TOT,AGRWTH,Q,Germany,Inflation (CPI),Total,Annual growth rate (%),Quarterly
quarterly,OECD,DP_LIVE,OECD Data Live dataset,DEU.CPI.TOT.AGRWTH.Q,Germany – Inflation (CPI) – Total – Annual growth rate (%) – Quarterly,1994-Q3,1994-07-01,2.581756,2.581756,DEU,CPI,TOT,AGRWTH,Q,Germany,Inflation (CPI),Total,Annual growth rate (%),Quarterly
quarterly,OECD,DP_LIVE,OECD Data Live dataset,DEU.CPI.TOT.AGRWTH.Q,Germany – Inflation (CPI) – Total – Annual growth rate (%) – Quarterly,1994-Q4,1994-10-01,2.450559,2.450559,DEU,CPI,TOT,AGRWTH,Q,Germany,Inflation (CPI),Total,Annual growth rate (%),Quarterly
quarterly,OECD,DP_LIVE,OECD Data Live dataset,DEU.CPI.TOT.AGRWTH.Q,Germany – Inflation (CPI) – Total – Annual growth rate (%) – Quarterly,1995-Q1,1995-01-01,2.079796,2.079796,DEU,CPI,TOT,AGRWTH,Q,Germany,Inflation (CPI),Total,Annual growth rate (%),Quarterly
quarterly,OECD,DP_LIVE,OECD Data Live dataset,DEU.CPI.TOT.AGRWTH.Q,Germany – Inflation (CPI) – Total – Annual growth rate (%) – Quarterly,1995-Q2,1995-04-01,1.728499,1.728499,DEU,CPI,TOT,AGRWTH,Q,Germany,Inflation (CPI),Total,Annual growth rate (%),Quarterly
quarterly,OECD,DP_LIVE,OECD Data Live dataset,DEU.CPI.TOT.AGRWTH.Q,Germany – Inflation (CPI) – Total – Annual growth rate (%) – Quarterly,1995-Q3,1995-07-01,1.552013,1.552013,DEU,CPI,TOT,AGRWTH,Q,Germany,Inflation (CPI),Total,Annual growth rate (%),Quarterly
quarterly,OECD,DP_LIVE,OECD Data Live dataset,DEU.CPI.TOT.AGRWTH.Q,Germany – Inflation (CPI) – Total – Annual growth rate (%) – Quarterly,1995-Q4,1995-10-01,1.468737,1.468737,DEU,CPI,TOT,AGRWTH,Q,Germany,Inflation (CPI),Total,Annual growth rate (%),Quarterly
quarterly,OECD,DP_LIVE,OECD Data Live dataset,DEU.CPI.TOT.AGRWTH.Q,Germany – Inflation (CPI) – Total – Annual growth rate (%) – Quarterly,1996-Q1,1996-01-01,1.455301,1.455301,DEU,CPI,TOT,AGRWTH,Q,Germany,Inflation (CPI),Total,Annual growth rate (%),Quarterly
quarterly,OECD,DP_LIVE,OECD Data Live dataset,DEU.CPI.TOT.AGRWTH.Q,Germany – Inflation (CPI) – Total – Annual growth rate (%) – Quarterly,1996-Q2,1996-04-01,1.450477,1.450477,DEU,CPI,TOT,AGRWTH,Q,Germany,Inflation (CPI),Total,Annual growth rate (%),Quarterly
quarterly,OECD,DP_LIVE,OECD Data Live dataset,DEU.CPI.TOT.AGRWTH.Q,Germany – Inflation (CPI) – Total – Annual growth rate (%) – Quarterly,1996-Q3,1996-07-01,1.363073,1.363073,DEU,CPI,TOT,AGRWTH,Q,Germany,Inflation (CPI),Total,Annual growth rate (%),Quarterly
quarterly,OECD,DP_LIVE,OECD Data Live dataset,DEU.CPI.TOT.AGRWTH.Q,Germany – Inflation (CPI) – Total – Annual growth rate (%) – Quarterly,1996-Q4,1996-10-01,1.53019,1.53019,DEU,CPI,TOT,AGRWTH,Q,Germany,Inflation (CPI),Total,Annual growth rate (%),Quarterly
quarterly,OECD,DP_LIVE,OECD Data Live dataset,DEU.CPI.TOT.AGRWTH.Q,Germany – Inflation (CPI) – Total – Annual growth rate (%) – Quarterly,1997-Q1,1997-01-01,1.762295,1.762295,DEU,CPI,TOT,AGRWTH,Q,Germany,Inflation (CPI),Total,Annual growth rate (%),Quarterly
quarterly,OECD,DP_LIVE,OECD Data Live dataset,DEU.CPI.TOT.AGRWTH.Q,Germany – Inflation (CPI) – Total – Annual growth rate (%) – Quarterly,1997-Q2,1997-04-01,1.552288,1.552288,DEU,CPI,TOT,AGRWTH,Q,Germany,Inflation (CPI),Total,Annual growth rate (%),Quarterly
quarterly,OECD,DP_LIVE,OECD Data Live dataset,DEU.CPI.TOT.AGRWTH.Q,Germany – Inflation (CPI) – Total – Annual growth rate (%) – Quarterly,1997-Q3,1997-07-01,2.322738,2.322738,DEU,CPI,TOT,AGRWTH,Q,Germany,Inflation (CPI),Total,Annual growth rate (%),Quarterly
quarterly,OECD,DP_LIVE,OECD Data Live dataset,DEU.CPI.TOT.AGRWTH.Q,Germany – Inflation (CPI) – Total – Annual growth rate (%) – Quarterly,1997-Q4,1997-10-01,2.118126,2.118126,DEU,CPI,TOT,AGRWTH,Q,Germany,Inflation (CPI),Total,Annual growth rate (%),Quarterly
quarterly,OECD,DP_LIVE,OECD Data Live dataset,DEU.CPI.TOT.AGRWTH.Q,Germany – Inflation (CPI) – Total – Annual growth rate (%) – Quarterly,1998-Q1,1998-01-01,1.24849,1.24849,DEU,CPI,TOT,AGRWTH,Q,Germany,Inflation (CPI),Total,Annual growth rate (%),Quarterly
quarterly,OECD,DP_LIVE,OECD Data Live dataset,DEU.CPI.TOT.AGRWTH.Q,Germany – Inflation (CPI) – Total – Annual growth rate (%) – Quarterly,1998-Q2,1998-04-01,1.367659,1.367659,DEU,CPI,TOT,AGRWTH,Q,Germany,Inflation (CPI),Total,Annual growth rate (%),Quarterly
quarterly,OECD,DP_LIVE,OECD Data Live dataset,DEU.CPI.TOT.AGRWTH.Q,Germany – Inflation (CPI) – Total – Annual growth rate (%) – Quarterly,1998-Q3,1998-07-01,0.5973716,0.5973716,DEU,CPI,TOT,AGRWTH,Q,Germany,Inflation (CPI),Total,Annual growth rate (%),Quarterly
quarterly,OECD,DP_LIVE,OECD Data Live dataset,DEU.CPI.TOT.AGRWTH.Q,Germany – Inflation (CPI) – Total – Annual growth rate (%) – Quarterly,1998-Q4,1998-10-01,0.4387714,0.4387714,DEU,CPI,TOT,AGRWTH,Q,Germany,Inflation (CPI),Total,Annual growth rate (%),Quarterly
quarterly,OECD,DP_LIVE,OECD Data Live dataset,DEU.CPI.TOT.AGRWTH.Q,Germany – Inflation (CPI) – Total – Annual growth rate (%) – Quarterly,1999-Q1,1999-01-01,0.1988862,0.1988862,DEU,CPI,TOT,AGRWTH,Q,Germany,Inflation (CPI),Total,Annual growth rate (%),Quarterly
quarterly,OECD,DP_LIVE,OECD Data Live dataset,DEU.CPI.TOT.AGRWTH.Q,Germany – Inflation (CPI) – Total – Annual growth rate (%) – Quarterly,1999-Q2,1999-04-01,0.515873,0.515873,DEU,CPI,TOT,AGRWTH,Q,Germany,Inflation (CPI),Total,Annual growth rate (%),Quarterly
quarterly,OECD,DP_LIVE,OECD Data Live dataset,DEU.CPI.TOT.AGRWTH.Q,Germany – Inflation (CPI) – Total – Annual growth rate (%) – Quarterly,1999-Q3,1999-07-01,0.6730008,0.6730008,DEU,CPI,TOT,AGRWTH,Q,Germany,Inflation (CPI),Total,Annual growth rate (%),Quarterly
quarterly,OECD,DP_LIVE,OECD Data Live dataset,DEU.CPI.TOT.AGRWTH.Q,Germany – Inflation (CPI) – Total – Annual growth rate (%) – Quarterly,1999-Q4,1999-10-01,0.9531374,0.9531374,DEU,CPI,TOT,AGRWTH,Q,Germany,Inflation (CPI),Total,Annual growth rate (%),Quarterly
quarterly,OECD,DP_LIVE,OECD Data Live dataset,DEU.CPI.TOT.AGRWTH.Q,Germany – Inflation (CPI) – Total – Annual growth rate (%) – Quarterly,2000-Q1,2000-01-01,1.548233,1.548233,DEU,CPI,TOT,AGRWTH,Q,Germany,Inflation (CPI),Total,Annual growth rate (%),Quarterly
quarterly,OECD,DP_LIVE,OECD Data Live dataset,DEU.CPI.TOT.AGRWTH.Q,Germany – Inflation (CPI) – Total – Annual growth rate (%) – Quarterly,2000-Q2,2000-04-01,1.105409,1.105409,DEU,CPI,TOT,AGRWTH,Q,Germany,Inflation (CPI),Total,Annual growth rate (%),Quarterly
quarterly,OECD,DP_LIVE,OECD Data Live dataset,DEU.CPI.TOT.AGRWTH.Q,Germany – Inflation (CPI) – Total – Annual growth rate (%) – Quarterly,2000-Q3,2000-07-01,1.376327,1.376327,DEU,CPI,TOT,AGRWTH,Q,Germany,Inflation (CPI),Total,Annual growth rate (%),Quarterly
quarterly,OECD,DP_LIVE,OECD Data Live dataset,DEU.CPI.TOT.AGRWTH.Q,Germany – Inflation (CPI) – Total – Annual growth rate (%) – Quarterly,2000-Q4,2000-10-01,1.730921,1.730921,DEU,CPI,TOT,AGRWTH,Q,Germany,Inflation (CPI),Total,Annual growth rate (%),Quarterly
quarterly,OECD,DP_LIVE,OECD Data Live dataset,DEU.CPI.TOT.AGRWTH.Q,Germany – Inflation (CPI) – Total – Annual growth rate (%) – Quarterly,2001-Q1,2001-01-01,1.720094,1.720094,DEU,CPI,TOT,AGRWTH,Q,Germany,Inflation (CPI),Total,Annual growth rate (%),Quarterly
quarterly,OECD,DP_LIVE,OECD Data Live dataset,DEU.CPI.TOT.AGRWTH.Q,Germany – Inflation (CPI) – Total – Annual growth rate (%) – Quarterly,2001-Q2,2001-04-01,2.538071,2.538071,DEU,CPI,TOT,AGRWTH,Q,Germany,Inflation (CPI),Total,Annual growth rate (%),Quarterly
quarterly,OECD,DP_LIVE,OECD Data Live dataset,DEU.CPI.TOT.AGRWTH.Q,Germany – Inflation (CPI) – Total – Annual growth rate (%) – Quarterly,2001-Q3,2001-07-01,2.017067,2.017067,DEU,CPI,TOT,AGRWTH,Q,Germany,Inflation (CPI),Total,Annual growth rate (%),Quarterly
quarterly,OECD,DP_LIVE,OECD Data Live dataset,DEU.CPI.TOT.AGRWTH.Q,Germany – Inflation (CPI) – Total – Annual growth rate (%) – Quarterly,2001-Q4,2001-10-01,1.6628,1.6628,DEU,CPI,TOT,AGRWTH,Q,Germany,Inflation (CPI),Total,Annual growth rate (%),Quarterly
quarterly,OECD,DP_LIVE,OECD Data Live dataset,DEU.CPI.TOT.AGRWTH.Q,Germany – Inflation (CPI) – Total – Annual growth rate (%) – Quarterly,2002-Q1,2002-01-01,1.998463,1.998463,DEU,CPI,TOT,AGRWTH,Q,Germany,Inflation (CPI),Total,Annual growth rate (%),Quarterly
quarterly,OECD,DP_LIVE,OECD Data Live dataset,DEU.CPI.TOT.AGRWTH.Q,Germany – Inflation (CPI) – Total – Annual growth rate (%) – Quarterly,2002-Q2,2002-04-01,1.294745,1.294745,DEU,CPI,TOT,AGRWTH,Q,Germany,Inflation (CPI),Total,Annual growth rate (%),Quarterly
quarterly,OECD,DP_LIVE,OECD Data Live dataset,DEU.CPI.TOT.AGRWTH.Q,Germany – Inflation (CPI) – Total – Annual growth rate (%) – Quarterly,2002-Q3,2002-07-01,1.21673,1.21673,DEU,CPI,TOT,AGRWTH,Q,Germany,Inflation (CPI),Total,Annual growth rate (%),Quarterly
quarterly,OECD,DP_LIVE,OECD Data Live dataset,DEU.CPI.TOT.AGRWTH.Q,Germany – Inflation (CPI) – Total – Annual growth rate (%) – Quarterly,2002-Q4,2002-10-01,1.179156,1.179156,DEU,CPI,TOT,AGRWTH,Q,Germany,Inflation (CPI),Total,Annual growth rate (%),Quarterly
quarterly,OECD,DP_LIVE,OECD Data Live dataset,DEU.CPI.TOT.AGRWTH.Q,Germany – Inflation (CPI) – Total – Annual growth rate (%) – Quarterly,2003-Q1,2003-01-01,1.130369,1.130369,DEU,CPI,TOT,AGRWTH,Q,Germany,Inflation (CPI),Total,Annual growth rate (%),Quarterly
quarterly,OECD,DP_LIVE,OECD Data Live dataset,DEU.CPI.TOT.AGRWTH.Q,Germany – Inflation (CPI) – Total – Annual growth rate (%) – Quarterly,2003-Q2,2003-04-01,0.7894737,0.7894737,DEU,CPI,TOT,AGRWTH,Q,Germany,Inflation (CPI),Total,Annual growth rate (%),Quarterly
quarterly,OECD,DP_LIVE,OECD Data Live dataset,DEU.CPI.TOT.AGRWTH.Q,Germany – Inflation (CPI) – Total – Annual growth rate (%) – Quarterly,2003-Q3,2003-07-01,1.051841,1.051841,DEU,CPI,TOT,AGRWTH,Q,Germany,Inflation (CPI),Total,Annual growth rate (%),Quarterly
quarterly,OECD,DP_LIVE,OECD Data Live dataset,DEU.CPI.TOT.AGRWTH.Q,Germany – Inflation (CPI) – Total – Annual growth rate (%) – Quarterly,2003-Q4,2003-10-01,1.165413,1.165413,DEU,CPI,TOT,AGRWTH,Q,Germany,Inflation (CPI),Total,Annual growth rate (%),Quarterly
quarterly,OECD,DP_LIVE,OECD Data Live dataset,DEU.CPI.TOT.AGRWTH.Q,Germany – Inflation (CPI) – Total – Annual growth rate (%) – Quarterly,2004-Q1,2004-01-01,0.9687034,0.9687034,DEU,CPI,TOT,AGRWTH,Q,Germany,Inflation (CPI),Total,Annual growth rate (%),Quarterly
quarterly,OECD,DP_LIVE,OECD Data Live dataset,DEU.CPI.TOT.AGRWTH.Q,Germany – Inflation (CPI) – Total – Annual growth rate (%) – Quarterly,2004-Q2,2004-04-01,1.864976,1.864976,DEU,CPI,TOT,AGRWTH,Q,Germany,Inflation (CPI),Total,Annual growth rate (%),Quarterly
quarterly,OECD,DP_LIVE,OECD Data Live dataset,DEU.CPI.TOT.AGRWTH.Q,Germany – Inflation (CPI) – Total – Annual growth rate (%) – Quarterly,2004-Q3,2004-07-01,1.821561,1.821561,DEU,CPI,TOT,AGRWTH,Q,Germany,Inflation (CPI),Total,Annual growth rate (%),Quarterly
quarterly,OECD,DP_LIVE,OECD Data Live dataset,DEU.CPI.TOT.AGRWTH.Q,Germany – Inflation (CPI) – Total – Annual growth rate (%) – Quarterly,2004-Q4,2004-10-01,2.006689,2.006689,DEU,CPI,TOT,AGRWTH,Q,Germany,Inflation (CPI),Total,Annual growth rate (%),Quarterly
quarterly,OECD,DP_LIVE,OECD Data Live dataset,DEU.CPI.TOT.AGRWTH.Q,Germany – Inflation (CPI) – Total – Annual growth rate (%) – Quarterly,2005-Q1,2005-01-01,1.623616,1.623616,DEU,CPI,TOT,AGRWTH,Q,Germany,Inflation (CPI),Total,Annual growth rate (%),Quarterly
quarterly,OECD,DP_LIVE,OECD Data Live dataset,DEU.CPI.TOT.AGRWTH.Q,Germany – Inflation (CPI) – Total – Annual growth rate (%) – Quarterly,2005-Q2,2005-04-01,1.244965,1.244965,DEU,CPI,TOT,AGRWTH,Q,Germany,Inflation (CPI),Total,Annual growth rate (%),Quarterly
quarterly,OECD,DP_LIVE,OECD Data Live dataset,DEU.CPI.TOT.AGRWTH.Q,Germany – Inflation (CPI) – Total – Annual growth rate (%) – Quarterly,2005-Q3,2005-07-01,1.642935,1.642935,DEU,CPI,TOT,AGRWTH,Q,Germany,Inflation (CPI),Total,Annual growth rate (%),Quarterly
quarterly,OECD,DP_LIVE,OECD Data Live dataset,DEU.CPI.TOT.AGRWTH.Q,Germany – Inflation (CPI) – Total – Annual growth rate (%) – Quarterly,2005-Q4,2005-10-01,1.675774,1.675774,DEU,CPI,TOT,AGRWTH,Q,Germany,Inflation (CPI),Total,Annual growth rate (%),Quarterly
quarterly,OECD,DP_LIVE,OECD Data Live dataset,DEU.CPI.TOT.AGRWTH.Q,Germany – Inflation (CPI) – Total – Annual growth rate (%) – Quarterly,2006-Q1,2006-01-01,1.706609,1.706609,DEU,CPI,TOT,AGRWTH,Q,Germany,Inflation (CPI),Total,Annual growth rate (%),Quarterly
quarterly,OECD,DP_LIVE,OECD Data Live dataset,DEU.CPI.TOT.AGRWTH.Q,Germany – Inflation (CPI) – Total – Annual growth rate (%) – Quarterly,2006-Q2,2006-04-01,1.844485,1.844485,DEU,CPI,TOT,AGRWTH,Q,Germany,Inflation (CPI),Total,Annual growth rate (%),Quarterly
quarterly,OECD,DP_LIVE,OECD Data Live dataset,DEU.CPI.TOT.AGRWTH.Q,Germany – Inflation (CPI) – Total – Annual growth rate (%) – Quarterly,2006-Q3,2006-07-01,1.472701,1.472701,DEU,CPI,TOT,AGRWTH,Q,Germany,Inflation (CPI),Total,Annual growth rate (%),Quarterly
quarterly,OECD,DP_LIVE,OECD Data Live dataset,DEU.CPI.TOT.AGRWTH.Q,Germany – Inflation (CPI) – Total – Annual growth rate (%) – Quarterly,2006-Q4,2006-10-01,1.28986,1.28986,DEU,CPI,TOT,AGRWTH,Q,Germany,Inflation (CPI),Total,Annual growth rate (%),Quarterly
quarterly,OECD,DP_LIVE,OECD Data Live dataset,DEU.CPI.TOT.AGRWTH.Q,Germany – Inflation (CPI) – Total – Annual growth rate (%) – Quarterly,2007-Q1,2007-01-01,1.785077,1.785077,DEU,CPI,TOT,AGRWTH,Q,Germany,Inflation (CPI),Total,Annual growth rate (%),Quarterly
quarterly,OECD,DP_LIVE,OECD Data Live dataset,DEU.CPI.TOT.AGRWTH.Q,Germany – Inflation (CPI) – Total – Annual growth rate (%) – Quarterly,2007-Q2,2007-04-01,2.059659,2.059659,DEU,CPI,TOT,AGRWTH,Q,Germany,Inflation (CPI),Total,Annual growth rate (%),Quarterly
quarterly,OECD,DP_LIVE,OECD Data Live dataset,DEU.CPI.TOT.AGRWTH.Q,Germany – Inflation (CPI) – Total – Annual growth rate (%) – Quarterly,2007-Q3,2007-07-01,2.265487,2.265487,DEU,CPI,TOT,AGRWTH,Q,Germany,Inflation (CPI),Total,Annual growth rate (%),Quarterly
quarterly,OECD,DP_LIVE,OECD Data Live dataset,DEU.CPI.TOT.AGRWTH.Q,Germany – Inflation (CPI) – Total – Annual growth rate (%) – Quarterly,2007-Q4,2007-10-01,3.077467,3.077467,DEU,CPI,TOT,AGRWTH,Q,Germany,Inflation (CPI),Total,Annual growth rate (%),Quarterly
quarterly,OECD,DP_LIVE,OECD Data Live dataset,DEU.CPI.TOT.AGRWTH.Q,Germany – Inflation (CPI) – Total – Annual growth rate (%) – Quarterly,2008-Q1,2008-01-01,2.946335,2.946335,DEU,CPI,TOT,AGRWTH,Q,Germany,Inflation (CPI),Total,Annual growth rate (%),Quarterly
quarterly,OECD,DP_LIVE,OECD Data Live dataset,DEU.CPI.TOT.AGRWTH.Q,Germany – Inflation (CPI) – Total – Annual growth rate (%) – Quarterly,2008-Q2,2008-04-01,2.887961,2.887961,DEU,CPI,TOT,AGRWTH,Q,Germany,Inflation (CPI),Total,Annual growth rate (%),Quarterly
quarterly,OECD,DP_LIVE,OECD Data Live dataset,DEU.CPI.TOT.AGRWTH.Q,Germany – Inflation (CPI) – Total – Annual growth rate (%) – Quarterly,2008-Q3,2008-07-01,3.080651,3.080651,DEU,CPI,TOT,AGRWTH,Q,Germany,Inflation (CPI),Total,Annual growth rate (%),Quarterly
quarterly,OECD,DP_LIVE,OECD Data Live dataset,DEU.CPI.TOT.AGRWTH.Q,Germany – Inflation (CPI) – Total – Annual growth rate (%) – Quarterly,2008-Q4,2008-10-01,1.612903,1.612903,DEU,CPI,TOT,AGRWTH,Q,Germany,Inflation (CPI),Total,Annual growth rate (%),Quarterly
quarterly,OECD,DP_LIVE,OECD Data Live dataset,DEU.CPI.TOT.AGRWTH.Q,Germany – Inflation (CPI) – Total – Annual growth rate (%) – Quarterly,2009-Q1,2009-01-01,0.8177172,0.8177172,DEU,CPI,TOT,AGRWTH,Q,Germany,Inflation (CPI),Total,Annual growth rate (%),Quarterly
quarterly,OECD,DP_LIVE,OECD Data Live dataset,DEU.CPI.TOT.AGRWTH.Q,Germany – Inflation (CPI) – Total – Annual growth rate (%) – Quarterly,2009-Q2,2009-04-01,0.2705445,0.2705445,DEU,CPI,TOT,AGRWTH,Q,Germany,Inflation (CPI),Total,Annual growth rate (%),Quarterly
quarterly,OECD,DP_LIVE,OECD Data Live dataset,DEU.CPI.TOT.AGRWTH.Q,Germany – Inflation (CPI) – Total – Annual growth rate (%) – Quarterly,2009-Q3,2009-07-01,-0.2350571,-0.2350571,DEU,CPI,TOT,AGRWTH,Q,Germany,Inflation (CPI),Total,Annual growth rate (%),Quarterly
quarterly,OECD,DP_LIVE,OECD Data Live dataset,DEU.CPI.TOT.AGRWTH.Q,Germany – Inflation (CPI) – Total – Annual growth rate (%) – Quarterly,2009-Q4,2009-10-01,0.4052685,0.4052685,DEU,CPI,TOT,AGRWTH,Q,Germany,Inflation (CPI),Total,Annual growth rate (%),Quarterly
quarterly,OECD,DP_LIVE,OECD Data Live dataset,DEU.CPI.TOT.AGRWTH.Q,Germany – Inflation (CPI) – Total – Annual growth rate (%) – Quarterly,2010-Q1,2010-01-01,0.8110848,0.8110848,DEU,CPI,TOT,AGRWTH,Q,Germany,Inflation (CPI),Total,Annual growth rate (%),Quarterly
quarterly,OECD,DP_LIVE,OECD Data Live dataset,DEU.CPI.TOT.AGRWTH.Q,Germany – Inflation (CPI) – Total – Annual growth rate (%) – Quarterly,2010-Q2,2010-04-01,1.112985,1.112985,DEU,CPI,TOT,AGRWTH,Q,Germany,Inflation (CPI),Total,Annual growth rate (%),Quarterly
quarterly,OECD,DP_LIVE,OECD Data Live dataset,DEU.CPI.TOT.AGRWTH.Q,Germany – Inflation (CPI) – Total – Annual growth rate (%) – Quarterly,2010-Q3,2010-07-01,1.110737,1.110737,DEU,CPI,TOT,AGRWTH,Q,Germany,Inflation (CPI),Total,Annual growth rate (%),Quarterly
quarterly,OECD,DP_LIVE,OECD Data Live dataset,DEU.CPI.TOT.AGRWTH.Q,Germany – Inflation (CPI) – Total – Annual growth rate (%) – Quarterly,2010-Q4,2010-10-01,1.379078,1.379078,DEU,CPI,TOT,AGRWTH,Q,Germany,Inflation (CPI),Total,Annual growth rate (%),Quarterly
quarterly,OECD,DP_LIVE,OECD Data Live dataset,DEU.CPI.TOT.AGRWTH.Q,Germany – Inflation (CPI) – Total – Annual growth rate (%) – Quarterly,2011-Q1,2011-01-01,1.877305,1.877305,DEU,CPI,TOT,AGRWTH,Q,Germany,Inflation (CPI),Total,Annual growth rate (%),Quarterly
quarterly,OECD,DP_LIVE,OECD Data Live dataset,DEU.CPI.TOT.AGRWTH.Q,Germany – Inflation (CPI) – Total – Annual growth rate (%) – Quarterly,2011-Q2,2011-04-01,2.001334,2.001334,DEU,CPI,TOT,AGRWTH,Q,Germany,Inflation (CPI),Total,Annual growth rate (%),Quarterly
quarterly,OECD,DP_LIVE,OECD Data Live dataset,DEU.CPI.TOT.AGRWTH.Q,Germany – Inflation (CPI) – Total – Annual growth rate (%) – Quarterly,2011-Q3,2011-07-01,2.197071,2.197071,DEU,CPI,TOT,AGRWTH,Q,Germany,Inflation (CPI),Total,Annual growth rate (%),Quarterly
quarterly,OECD,DP_LIVE,OECD Data Live dataset,DEU.CPI.TOT.AGRWTH.Q,Germany – Inflation (CPI) – Total – Annual growth rate (%) – Quarterly,2011-Q4,2011-10-01,2.22296,2.22296,DEU,CPI,TOT,AGRWTH,Q,Germany,Inflation (CPI),Total,Annual growth rate (%),Quarterly
quarterly,OECD,DP_LIVE,OECD Data Live dataset,DEU.CPI.TOT.AGRWTH.Q,Germany – Inflation (CPI) – Total – Annual growth rate (%) – Quarterly,2012-Q1,2012-01-01,2.138861,2.138861,DEU,CPI,TOT,AGRWTH,Q,Germany,Inflation (CPI),Total,Annual growth rate (%),Quarterly
quarterly,OECD,DP_LIVE,OECD Data Live dataset,DEU.CPI.TOT.AGRWTH.Q,Germany – Inflation (CPI) – Total – Annual growth rate (%) – Quarterly,2012-Q2,2012-04-01,1.863963,1.863963,DEU,CPI,TOT,AGRWTH,Q,Germany,Inflation (CPI),Total,Annual growth rate (%),Quarterly
quarterly,OECD,DP_LIVE,OECD Data Live dataset,DEU.CPI.TOT.AGRWTH.Q,Germany – Inflation (CPI) – Total – Annual growth rate (%) – Quarterly,2012-Q3,2012-07-01,2.019544,2.019544,DEU,CPI,TOT,AGRWTH,Q,Germany,Inflation (CPI),Total,Annual growth rate (%),Quarterly
quarterly,OECD,DP_LIVE,OECD Data Live dataset,DEU.CPI.TOT.AGRWTH.Q,Germany – Inflation (CPI) – Total – Annual growth rate (%) – Quarterly,2012-Q4,2012-10-01,2.012334,2.012334,DEU,CPI,TOT,AGRWTH,Q,Germany,Inflation (CPI),Total,Annual growth rate (%),Quarterly
quarterly,OECD,DP_LIVE,OECD Data Live dataset,DEU.CPI.TOT.AGRWTH.Q,Germany – Inflation (CPI) – Total – Annual growth rate (%) – Quarterly,2013-Q1,2013-01-01,1.546392,1.546392,DEU,CPI,TOT,AGRWTH,Q,Germany,Inflation (CPI),Total,Annual growth rate (%),Quarterly
quarterly,OECD,DP_LIVE,OECD Data Live dataset,DEU.CPI.TOT.AGRWTH.Q,Germany – Inflation (CPI) – Total – Annual growth rate (%) – Quarterly,2013-Q2,2013-04-01,1.508828,1.508828,DEU,CPI,TOT,AGRWTH,Q,Germany,Inflation (CPI),Total,Annual growth rate (%),Quarterly
quarterly,OECD,DP_LIVE,OECD Data Live dataset,DEU.CPI.TOT.AGRWTH.Q,Germany – Inflation (CPI) – Total – Annual growth rate (%) – Quarterly,2013-Q3,2013-07-01,1.628353,1.628353,DEU,CPI,TOT,AGRWTH,Q,Germany,Inflation (CPI),Total,Annual growth rate (%),Quarterly
quarterly,OECD,DP_LIVE,OECD Data Live dataset,DEU.CPI.TOT.AGRWTH.Q,Germany – Inflation (CPI) – Total – Annual growth rate (%) – Quarterly,2013-Q4,2013-10-01,1.336303,1.336303,DEU,CPI,TOT,AGRWTH,Q,Germany,Inflation (CPI),Total,Annual growth rate (%),Quarterly
quarterly,OECD,DP_LIVE,OECD Data Live dataset,DEU.CPI.TOT.AGRWTH.Q,Germany – Inflation (CPI) – Total – Annual growth rate (%) – Quarterly,2014-Q1,2014-01-01,1.205584,1.205584,DEU,CPI,TOT,AGRWTH,Q,Germany,Inflation (CPI),Total,Annual growth rate (%),Quarterly
quarterly,OECD,DP_LIVE,OECD Data Live dataset,DEU.CPI.TOT.AGRWTH.Q,Germany – Inflation (CPI) – Total – Annual growth rate (%) – Quarterly,2014-Q2,2014-04-01,1.075269,1.075269,DEU,CPI,TOT,AGRWTH,Q,Germany,Inflation (CPI),Total,Annual growth rate (%),Quarterly
quarterly,OECD,DP_LIVE,OECD Data Live dataset,DEU.CPI.TOT.AGRWTH.Q,Germany – Inflation (CPI) – Total – Annual growth rate (%) – Quarterly,2014-Q3,2014-07-01,0.8482563,0.8482563,DEU,CPI,TOT,AGRWTH,Q,Germany,Inflation (CPI),Total,Annual growth rate (%),Quarterly
quarterly,OECD,DP_LIVE,OECD Data Live dataset,DEU.CPI.TOT.AGRWTH.Q,Germany – Inflation (CPI) – Total – Annual growth rate (%) – Quarterly,2014-Q4,2014-10-01,0.5023548,0.5023548,DEU,CPI,TOT,AGRWTH,Q,Germany,Inflation (CPI),Total,Annual growth rate (%),Quarterly
quarterly,OECD,DP_LIVE,OECD Data Live dataset,DEU.CPI.TOT.AGRWTH.Q,Germany – Inflation (CPI) – Total – Annual growth rate (%) – Quarterly,2015-Q1,2015-01-01,-0.0511115,-0.0511115,DEU,CPI,TOT,AGRWTH,Q,Germany,Inflation (CPI),Total,Annual growth rate (%),Quarterly
quarterly,OECD,DP_LIVE,OECD Data Live dataset,DEU.CPI.TOT.AGRWTH.Q,Germany – Inflation (CPI) – Total – Annual growth rate (%) – Quarterly,2015-Q2,2015-04-01,0.9688507,0.9688507,DEU,CPI,TOT,AGRWTH,Q,Germany,Inflation (CPI),Total,Annual growth rate (%),Quarterly
quarterly,OECD,DP_LIVE,OECD Data Live dataset,DEU.CPI.TOT.AGRWTH.Q,Germany – Inflation (CPI) – Total – Annual growth rate (%) – Quarterly,2015-Q3,2015-07-01,0.7288771,0.7288771,DEU,CPI,TOT,AGRWTH,Q,Germany,Inflation (CPI),Total,Annual growth rate (%),Quarterly
quarterly,OECD,DP_LIVE,OECD Data Live dataset,DEU.CPI.TOT.AGRWTH.Q,Germany – Inflation (CPI) – Total – Annual growth rate (%) – Quarterly,2015-Q4,2015-10-01,0.4092312,0.4092312,DEU,CPI,TOT,AGRWTH,Q,Germany,Inflation (CPI),Total,Annual growth rate (%),Quarterly
quarterly,OECD,DP_LIVE,OECD Data Live dataset,DEU.CPI.TOT.AGRWTH.Q,Germany – Inflation (CPI) – Total – Annual growth rate (%) – Quarterly,2016-Q1,2016-01-01,0.3026227,0.3026227,DEU,CPI,TOT,AGRWTH,Q,Germany,Inflation (CPI),Total,Annual growth rate (%),Quarterly
quarterly,OECD,DP_LIVE,OECD Data Live dataset,DEU.CPI.TOT.AGRWTH.Q,Germany – Inflation (CPI) – Total – Annual growth rate (%) – Quarterly,2016-Q2,2016-04-01,0.1328904,0.1328904,DEU,CPI,TOT,AGRWTH,Q,Germany,Inflation (CPI),Total,Annual growth rate (%),Quarterly
quarterly,OECD,DP_LIVE,OECD Data Live dataset,DEU.CPI.TOT.AGRWTH.Q,Germany – Inflation (CPI) – Total – Annual growth rate (%) – Quarterly,2016-Q3,2016-07-01,0.4973475,0.4973475,DEU,CPI,TOT,AGRWTH,Q,Germany,Inflation (CPI),Total,Annual growth rate (%),Quarterly
quarterly,OECD,DP_LIVE,OECD Data Live dataset,DEU.CPI.TOT.AGRWTH.Q,Germany – Inflation (CPI) – Total – Annual growth rate (%) – Quarterly,2016-Q4,2016-10-01,1.034023,1.034023,DEU,CPI,TOT,AGRWTH,Q,Germany,Inflation (CPI),Total,Annual growth rate (%),Quarterly
quarterly,OECD,DP_LIVE,OECD Data Live dataset,DEU.CPI.TOT.AGRWTH.Q,Germany – Inflation (CPI) – Total – Annual growth rate (%) – Quarterly,2017-Q1,2017-01-01,1.642642,1.642642,DEU,CPI,TOT,AGRWTH,Q,Germany,Inflation (CPI),Total,Annual growth rate (%),Quarterly
quarterly,OECD,DP_LIVE,OECD Data Live dataset,DEU.CPI.TOT.AGRWTH.Q,Germany – Inflation (CPI) – Total – Annual growth rate (%) – Quarterly,2017-Q2,2017-04-01,1.426676,1.426676,DEU,CPI,TOT,AGRWTH,Q,Germany,Inflation (CPI),Total,Annual growth rate (%),Quarterly
quarterly,OECD,DP_LIVE,OECD Data Live dataset,DEU.CPI.TOT.AGRWTH.Q,Germany – Inflation (CPI) – Total – Annual growth rate (%) – Quarterly,2017-Q3,2017-07-01,1.550643,1.550643,DEU,CPI,TOT,AGRWTH,Q,Germany,Inflation (CPI),Total,Annual growth rate (%),Quarterly
quarterly,OECD,DP_LIVE,OECD Data Live dataset,DEU.CPI.TOT.AGRWTH.Q,Germany – Inflation (CPI) – Total – Annual growth rate (%) – Quarterly,2017-Q4,2017-10-01,1.41961,1.41961,DEU,CPI,TOT,AGRWTH,Q,Germany,Inflation (CPI),Total,Annual growth rate (%),Quarterly
quarterly,OECD,DP_LIVE,OECD Data Live dataset,DEU.CPI.TOT.AGRWTH.Q,Germany – Inflation (CPI) – Total – Annual growth rate (%) – Quarterly,2018-Q1,2018-01-01,1.319261,1.319261,DEU,CPI,TOT,AGRWTH,Q,Germany,Inflation (CPI),Total,Annual growth rate (%),Quarterly
quarterly,OECD,DP_LIVE,OECD Data Live dataset,DEU.CPI.TOT.AGRWTH.Q,Germany – Inflation (CPI) – Total – Annual growth rate (%) – Quarterly,2018-Q2,2018-04-01,1.733726,1.733726,DEU,CPI,TOT,AGRWTH,Q,Germany,Inflation (CPI),Total,Annual growth rate (%),Quarterly
quarterly,OECD,DP_LIVE,OECD Data Live dataset,DEU.CPI.TOT.AGRWTH.Q,Germany – Inflation (CPI) – Total – Annual growth rate (%) – Quarterly,2018-Q3,2018-07-01,1.884341,1.884341,DEU,CPI,TOT,AGRWTH,Q,Germany,Inflation (CPI),Total,Annual growth rate (%),Quarterly
quarterly,OECD,DP_LIVE,OECD Data Live dataset,DEU.CPI.TOT.AGRWTH.Q,Germany – Inflation (CPI) – Total – Annual growth rate (%) – Quarterly,2018-Q4,2018-10-01,1.985677,1.985677,DEU,CPI,TOT,AGRWTH,Q,Germany,Inflation (CPI),Total,Annual growth rate (%),Quarterly
quarterly,OECD,DP_LIVE,OECD Data Live dataset,DEU.CPI.TOT.AGRWTH.Q,Germany – Inflation (CPI) – Total – Annual growth rate (%) – Quarterly,2019-Q1,2019-01-01,1.367188,1.367188,DEU,CPI,TOT,AGRWTH,Q,Germany,Inflation (CPI),Total,Annual growth rate (%),Quarterly
quarterly,OECD,DP_LIVE,OECD Data Live dataset,DEU.CPI.TOT.AGRWTH.Q,Germany – Inflation (CPI) – Total – Annual growth rate (%) – Quarterly,2019-Q2,2019-04-01,1.70418,1.70418,DEU,CPI,TOT,AGRWTH,Q,Germany,Inflation (CPI),Total,Annual growth rate (%),Quarterly
quarterly,OECD,DP_LIVE,OECD Data Live dataset,DEU.CPI.TOT.AGRWTH.Q,Germany – Inflation (CPI) – Total – Annual growth rate (%) – Quarterly,2019-Q3,2019-07-01,1.466837,1.466837,DEU,CPI,TOT,AGRWTH,Q,Germany,Inflation (CPI),Total,Annual growth rate (%),Quarterly
quarterly,OECD,DP_LIVE,OECD Data Live dataset,DEU.CPI.TOT.AGRWTH.Q,Germany – Inflation (CPI) – Total – Annual growth rate (%) – Quarterly,2019-Q4,2019-10-01,1.244813,1.244813,DEU,CPI,TOT,AGRWTH,Q,Germany,Inflation (CPI),Total,Annual growth rate (%),Quarterly
quarterly,OECD,DP_LIVE,OECD Data Live dataset,DEU.CPI.TOT.AGRWTH.Q,Germany – Inflation (CPI) – Total – Annual growth rate (%) – Quarterly,2020-Q1,2020-01-01,1.619552,1.619552,DEU,CPI,TOT,AGRWTH,Q,Germany,Inflation (CPI),Total,Annual growth rate (%),Quarterly
quarterly,OECD,DP_LIVE,OECD Data Live dataset,DEU.CPI.TOT.AGRWTH.Q,Germany – Inflation (CPI) – Total – Annual growth rate (%) – Quarterly,2020-Q2,2020-04-01,0.4118892,0.4118892,DEU,CPI,TOT,AGRWTH,Q,Germany,Inflation (CPI),Total,Annual growth rate (%),Quarterly
quarterly,OECD,DP_LIVE,OECD Data Live dataset,DEU.CPI.TOT.AGRWTH.Q,Germany – Inflation (CPI) – Total – Annual growth rate (%) – Quarterly,2020-Q3,2020-07-01,-0.9164779,-0.9164779,DEU,CPI,TOT,AGRWTH,Q,Germany,Inflation (CPI),Total,Annual growth rate (%),Quarterly
quarterly,OECD,DP_LIVE,OECD Data Live dataset,DEU.CPI.TOT.AGRWTH.Q,Germany – Inflation (CPI) – Total – Annual growth rate (%) – Quarterly,2020-Q4,2020-10-01,-0.5044136,-0.5044136,DEU,CPI,TOT,AGRWTH,Q,Germany,Inflation (CPI),Total,Annual growth rate (%),Quarterly
quarterly,OECD,DP_LIVE,OECD Data Live dataset,DEU.CPI.TOT.AGRWTH.Q,Germany – Inflation (CPI) – Total – Annual growth rate (%) – Quarterly,2021-Q1,2021-01-01,1.499001,1.499001,DEU,CPI,TOT,AGRWTH,Q,Germany,Inflation (CPI),Total,Annual growth rate (%),Quarterly
quarterly,OECD,DP_LIVE,OECD Data Live dataset,DEU.CPI.TOT.AGRWTH.Q,Germany – Inflation (CPI) – Total – Annual growth rate (%) – Quarterly,2021-Q2,2021-04-01,2.190508,2.190508,DEU,CPI,TOT,AGRWTH,Q,Germany,Inflation (CPI),Total,Annual growth rate (%),Quarterly
quarterly,OECD,DP_LIVE,OECD Data Live dataset,DEU.CPI.TOT.AGRWTH.Q,Germany – Inflation (CPI) – Total – Annual growth rate (%) – Quarterly,2021-Q3,2021-07-01,3.878302,3.878302,DEU,CPI,TOT,AGRWTH,Q,Germany,Inflation (CPI),Total,Annual growth rate (%),Quarterly
quarterly,OECD,DP_LIVE,OECD Data Live dataset,DEU.CPI.TOT.AGRWTH.Q,Germany – Inflation (CPI) – Total – Annual growth rate (%) – Quarterly,2021-Q4,2021-10-01,4.709419,4.709419,DEU,CPI,TOT,AGRWTH,Q,Germany,Inflation (CPI),Total,Annual growth rate (%),Quarterly
quarterly,OECD,DP_LIVE,OECD Data Live dataset,DEU.CPI.TOT.AGRWTH.Q,Germany – Inflation (CPI) – Total – Annual growth rate (%) – Quarterly,2022-Q1,2022-01-01,4.791598,4.791598,DEU,CPI,TOT,AGRWTH,Q,Germany,Inflation (CPI),Total,Annual growth rate (%),Quarterly
quarterly,OECD,DP_LIVE,OECD Data Live dataset,DEU.CPI.TOT.AGRWTH.Q,Germany – Inflation (CPI) – Total – Annual growth rate (%) – Quarterly,2022-Q2,2022-04-01,6.658006,6.658006,DEU,CPI,TOT,AGRWTH,Q,Germany,Inflation (CPI),Total,Annual growth rate (%),Quarterly
quarterly,OECD,DP_LIVE,OECD Data Live dataset,DEU.CPI.TOT.AGRWTH.Q,Germany – Inflation (CPI) – Total – Annual growth rate (%) – Quarterly,2022-Q3,2022-07-01,7.402639,7.402639,DEU,CPI,TOT,AGRWTH,Q,Germany,Inflation (CPI),Total,Annual growth rate (%),Quarterly
quarterly,OECD,DP_LIVE,OECD Data Live dataset,DEU.CPI.TOT.AGRWTH.Q,Germany – Inflation (CPI) – Total – Annual growth rate (%) – Quarterly,2022-Q4,2022-10-01,8.580543,8.580543,DEU,CPI,TOT,AGRWTH,Q,Germany,Inflation (CPI),Total,Annual growth rate (%),Quarterly
quarterly,OECD,DP_LIVE,OECD Data Live dataset,DEU.CPI.TOT.AGRWTH.Q,Germany – Inflation (CPI) – Total – Annual growth rate (%) – Quarterly,2023-Q1,2023-01-01,8.236768,8.236768,DEU,CPI,TOT,AGRWTH,Q,Germany,Inflation (CPI),Total,Annual growth rate (%),Quarterly
quarterly,OECD,DP_LIVE,OECD Data Live dataset,DEU.CPI.TOT.AGRWTH.Q,Germany – Inflation (CPI) – Total – Annual growth rate (%) – Quarterly,2023-Q2,2023-04-01,6.546894,6.546894,DEU,CPI,TOT,AGRWTH,Q,Germany,Inflation (CPI),Total,Annual growth rate (%),Quarterly
quarterly,OECD,DP_LIVE,OECD Data Live dataset,DEU.CPI.TOT.AGRWTH.Q,Germany – Inflation (CPI) – Total – Annual growth rate (%) – Quarterly,2023-Q3,2023-07-01,5.603836,5.603836,DEU,CPI,TOT,AGRWTH,Q,Germany,Inflation (CPI),Total,Annual growth rate (%),Quarterly
