@frequency,provider_code,dataset_code,dataset_name,series_code,series_name,original_period,period,original_value,value,LOCATION,SUBJECT,MEASURE,FREQUENCY,Country,Subject,Measure,Frequency
quarterly,OECD,MEI,Main Economic Indicators Publication,DEU.LRUNTTTT.STSA.Q,"Germany – Labour Force Survey - quarterly rates > Unemployment rate > Aged 15 and over > All persons – Level, rate or national currency, s.a. – Quarterly",1962-Q1,1962-01-01,0.442249051840477,0.442249051840477,DEU,LRUNTTTT,STSA,Q,Germany,Labour Force Survey - quarterly rates > Unemployment rate > Aged 15 and over > All persons,"Level, rate or national currency, s.a.",Quarterly
quarterly,OECD,MEI,Main Economic Indicators Publication,DEU.LRUNTTTT.STSA.Q,"Germany – Labour Force Survey - quarterly rates > Unemployment rate > Aged 15 and over > All persons – Level, rate or national currency, s.a. – Quarterly",1962-Q2,1962-04-01,0.444882404277633,0.444882404277633,DEU,LRUNTTTT,STSA,Q,Germany,Labour Force Survey - quarterly rates > Unemployment rate > Aged 15 and over > All persons,"Level, rate or national currency, s.a.",Quarterly
quarterly,OECD,MEI,Main Economic Indicators Publication,DEU.LRUNTTTT.STSA.Q,"Germany – Labour Force Survey - quarterly rates > Unemployment rate > Aged 15 and over > All persons – Level, rate or national currency, s.a. – Quarterly",1962-Q3,1962-07-01,0.450347274953219,0.450347274953219,DEU,LRUNTTTT,STSA,Q,Germany,Labour Force Survey - quarterly rates > Unemployment rate > Aged 15 and over > All persons,"Level, rate or national currency, s.a.",Quarterly
quarterly,OECD,MEI,Main Economic Indicators Publication,DEU.LRUNTTTT.STSA.Q,"Germany – Labour Force Survey - quarterly rates > Unemployment rate > Aged 15 and over > All persons – Level, rate or national currency, s.a. – Quarterly",1962-Q4,1962-10-01,0.474050814018013,0.474050814018013,DEU,LRUNTTTT,STSA,Q,Germany,Labour Force Survey - quarterly rates > Unemployment rate > Aged 15 and over > All persons,"Level, rate or national currency, s.a.",Quarterly
quarterly,OECD,MEI,Main Economic Indicators Publication,DEU.LRUNTTTT.STSA.Q,"Germany – Labour Force Survey - quarterly rates > Unemployment rate > Aged 15 and over > All persons – Level, rate or national currency, s.a. – Quarterly",1963-Q1,1963-01-01,0.614018081796328,0.614018081796328,DEU,LRUNTTTT,STSA,Q,Germany,Labour Force Survey - quarterly rates > Unemployment rate > Aged 15 and over > All persons,"Level, rate or national currency, s.a.",Quarterly
quarterly,OECD,MEI,Main Economic Indicators Publication,DEU.LRUNTTTT.STSA.Q,"Germany – Labour Force Survey - quarterly rates > Unemployment rate > Aged 15 and over > All persons – Level, rate or national currency, s.a. – Quarterly",1963-Q2,1963-04-01,0.509772214639439,0.509772214639439,DEU,LRUNTTTT,STSA,Q,Germany,Labour Force Survey - quarterly rates > Unemployment rate > Aged 15 and over > All persons,"Level, rate or national currency, s.a.",Quarterly
quarterly,OECD,MEI,Main Economic Indicators Publication,DEU.LRUNTTTT.STSA.Q,"Germany – Labour Force Survey - quarterly rates > Unemployment rate > Aged 15 and over > All persons – Level, rate or national currency, s.a. – Quarterly",1963-Q3,1963-07-01,0.523180150446093,0.523180150446093,DEU,LRUNTTTT,STSA,Q,Germany,Labour Force Survey - quarterly rates > Unemployment rate > Aged 15 and over > All persons,"Level, rate or national currency, s.a.",Quarterly
quarterly,OECD,MEI,Main Economic Indicators Publication,DEU.LRUNTTTT.STSA.Q,"Germany – Labour Force Survey - quarterly rates > Unemployment rate > Aged 15 and over > All persons – Level, rate or national currency, s.a. – Quarterly",1963-Q4,1963-10-01,0.520361803253459,0.520361803253459,DEU,LRUNTTTT,STSA,Q,Germany,Labour Force Survey - quarterly rates > Unemployment rate > Aged 15 and over > All persons,"Level, rate or national currency, s.a.",Quarterly
quarterly,OECD,MEI,Main Economic Indicators Publication,DEU.LRUNTTTT.STSA.Q,"Germany – Labour Force Survey - quarterly rates > Unemployment rate > Aged 15 and over > All persons – Level, rate or national currency, s.a. – Quarterly",1964-Q1,1964-01-01,0.519860985601932,0.519860985601932,DEU,LRUNTTTT,STSA,Q,Germany,Labour Force Survey - quarterly rates > Unemployment rate > Aged 15 and over > All persons,"Level, rate or national currency, s.a.",Quarterly
quarterly,OECD,MEI,Main Economic Indicators Publication,DEU.LRUNTTTT.STSA.Q,"Germany – Labour Force Survey - quarterly rates > Unemployment rate > Aged 15 and over > All persons – Level, rate or national currency, s.a. – Quarterly",1964-Q2,1964-04-01,0.502113259143758,0.502113259143758,DEU,LRUNTTTT,STSA,Q,Germany,Labour Force Survey - quarterly rates > Unemployment rate > Aged 15 and over > All persons,"Level, rate or national currency, s.a.",Quarterly
quarterly,OECD,MEI,Main Economic Indicators Publication,DEU.LRUNTTTT.STSA.Q,"Germany – Labour Force Survey - quarterly rates > Unemployment rate > Aged 15 and over > All persons – Level, rate or national currency, s.a. – Quarterly",1964-Q3,1964-07-01,0.492173092054357,0.492173092054357,DEU,LRUNTTTT,STSA,Q,Germany,Labour Force Survey - quarterly rates > Unemployment rate > Aged 15 and over > All persons,"Level, rate or national currency, s.a.",Quarterly
quarterly,OECD,MEI,Main Economic Indicators Publication,DEU.LRUNTTTT.STSA.Q,"Germany – Labour Force Survey - quarterly rates > Unemployment rate > Aged 15 and over > All persons – Level, rate or national currency, s.a. – Quarterly",1964-Q4,1964-10-01,0.465922659087106,0.465922659087106,DEU,LRUNTTTT,STSA,Q,Germany,Labour Force Survey - quarterly rates > Unemployment rate > Aged 15 and over > All persons,"Level, rate or national currency, s.a.",Quarterly
quarterly,OECD,MEI,Main Economic Indicators Publication,DEU.LRUNTTTT.STSA.Q,"Germany – Labour Force Survey - quarterly rates > Unemployment rate > Aged 15 and over > All persons – Level, rate or national currency, s.a. – Quarterly",1965-Q1,1965-01-01,0.460320906947598,0.460320906947598,DEU,LRUNTTTT,STSA,Q,Germany,Labour Force Survey - quarterly rates > Unemployment rate > Aged 15 and over > All persons,"Level, rate or national currency, s.a.",Quarterly
quarterly,OECD,MEI,Main Economic Indicators Publication,DEU.LRUNTTTT.STSA.Q,"Germany – Labour Force Survey - quarterly rates > Unemployment rate > Aged 15 and over > All persons – Level, rate or national currency, s.a. – Quarterly",1965-Q2,1965-04-01,0.442622698645194,0.442622698645194,DEU,LRUNTTTT,STSA,Q,Germany,Labour Force Survey - quarterly rates > Unemployment rate > Aged 15 and over > All persons,"Level, rate or national currency, s.a.",Quarterly
quarterly,OECD,MEI,Main Economic Indicators Publication,DEU.LRUNTTTT.STSA.Q,"Germany – Labour Force Survey - quarterly rates > Unemployment rate > Aged 15 and over > All persons – Level, rate or national currency, s.a. – Quarterly",1965-Q3,1965-07-01,0.418074929020068,0.418074929020068,DEU,LRUNTTTT,STSA,Q,Germany,Labour Force Survey - quarterly rates > Unemployment rate > Aged 15 and over > All persons,"Level, rate or national currency, s.a.",Quarterly
quarterly,OECD,MEI,Main Economic Indicators Publication,DEU.LRUNTTTT.STSA.Q,"Germany – Labour Force Survey - quarterly rates > Unemployment rate > Aged 15 and over > All persons – Level, rate or national currency, s.a. – Quarterly",1965-Q4,1965-10-01,0.39766588147028,0.39766588147028,DEU,LRUNTTTT,STSA,Q,Germany,Labour Force Survey - quarterly rates > Unemployment rate > Aged 15 and over > All persons,"Level, rate or national currency, s.a.",Quarterly
quarterly,OECD,MEI,Main Economic Indicators Publication,DEU.LRUNTTTT.STSA.Q,"Germany – Labour Force Survey - quarterly rates > Unemployment rate > Aged 15 and over > All persons – Level, rate or national currency, s.a. – Quarterly",1966-Q1,1966-01-01,0.373774286554048,0.373774286554048,DEU,LRUNTTTT,STSA,Q,Germany,Labour Force Survey - quarterly rates > Unemployment rate > Aged 15 and over > All persons,"Level, rate or national currency, s.a.",Quarterly
quarterly,OECD,MEI,Main Economic Indicators Publication,DEU.LRUNTTTT.STSA.Q,"Germany – Labour Force Survey - quarterly rates > Unemployment rate > Aged 15 and over > All persons – Level, rate or national currency, s.a. – Quarterly",1966-Q2,1966-04-01,0.387320836886012,0.387320836886012,DEU,LRUNTTTT,STSA,Q,Germany,Labour Force Survey - quarterly rates > Unemployment rate > Aged 15 and over > All persons,"Level, rate or national currency, s.a.",Quarterly
quarterly,OECD,MEI,Main Economic Indicators Publication,DEU.LRUNTTTT.STSA.Q,"Germany – Labour Force Survey - quarterly rates > Unemployment rate > Aged 15 and over > All persons – Level, rate or national currency, s.a. – Quarterly",1966-Q3,1966-07-01,0.4647381796767,0.4647381796767,DEU,LRUNTTTT,STSA,Q,Germany,Labour Force Survey - quarterly rates > Unemployment rate > Aged 15 and over > All persons,"Level, rate or national currency, s.a.",Quarterly
quarterly,OECD,MEI,Main Economic Indicators Publication,DEU.LRUNTTTT.STSA.Q,"Germany – Labour Force Survey - quarterly rates > Unemployment rate > Aged 15 and over > All persons – Level, rate or national currency, s.a. – Quarterly",1966-Q4,1966-10-01,0.664943712223918,0.664943712223918,DEU,LRUNTTTT,STSA,Q,Germany,Labour Force Survey - quarterly rates > Unemployment rate > Aged 15 and over > All persons,"Level, rate or national currency, s.a.",Quarterly
quarterly,OECD,MEI,Main Economic Indicators Publication,DEU.LRUNTTTT.STSA.Q,"Germany – Labour Force Survey - quarterly rates > Unemployment rate > Aged 15 and over > All persons – Level, rate or national currency, s.a. – Quarterly",1967-Q1,1967-01-01,0.946419742990714,0.946419742990714,DEU,LRUNTTTT,STSA,Q,Germany,Labour Force Survey - quarterly rates > Unemployment rate > Aged 15 and over > All persons,"Level, rate or national currency, s.a.",Quarterly
quarterly,OECD,MEI,Main Economic Indicators Publication,DEU.LRUNTTTT.STSA.Q,"Germany – Labour Force Survey - quarterly rates > Unemployment rate > Aged 15 and over > All persons – Level, rate or national currency, s.a. – Quarterly",1967-Q2,1967-04-01,1.52121077503042,1.52121077503042,DEU,LRUNTTTT,STSA,Q,Germany,Labour Force Survey - quarterly rates > Unemployment rate > Aged 15 and over > All persons,"Level, rate or national currency, s.a.",Quarterly
quarterly,OECD,MEI,Main Economic Indicators Publication,DEU.LRUNTTTT.STSA.Q,"Germany – Labour Force Survey - quarterly rates > Unemployment rate > Aged 15 and over > All persons – Level, rate or national currency, s.a. – Quarterly",1967-Q3,1967-07-01,1.60012749829486,1.60012749829486,DEU,LRUNTTTT,STSA,Q,Germany,Labour Force Survey - quarterly rates > Unemployment rate > Aged 15 and over > All persons,"Level, rate or national currency, s.a.",Quarterly
quarterly,OECD,MEI,Main Economic Indicators Publication,DEU.LRUNTTTT.STSA.Q,"Germany – Labour Force Survey - quarterly rates > Unemployment rate > Aged 15 and over > All persons – Level, rate or national currency, s.a. – Quarterly",1967-Q4,1967-10-01,1.43085616751155,1.43085616751155,DEU,LRUNTTTT,STSA,Q,Germany,Labour Force Survey - quarterly rates > Unemployment rate > Aged 15 and over > All persons,"Level, rate or national currency, s.a.",Quarterly
quarterly,OECD,MEI,Main Economic Indicators Publication,DEU.LRUNTTTT.STSA.Q,"Germany – Labour Force Survey - quarterly rates > Unemployment rate > Aged 15 and over > All persons – Level, rate or national currency, s.a. – Quarterly",1968-Q1,1968-01-01,1.0889765660915,1.0889765660915,DEU,LRUNTTTT,STSA,Q,Germany,Labour Force Survey - quarterly rates > Unemployment rate > Aged 15 and over > All persons,"Level, rate or national currency, s.a.",Quarterly
quarterly,OECD,MEI,Main Economic Indicators Publication,DEU.LRUNTTTT.STSA.Q,"Germany – Labour Force Survey - quarterly rates > Unemployment rate > Aged 15 and over > All persons – Level, rate or national currency, s.a. – Quarterly",1968-Q2,1968-04-01,1.1089052410928,1.1089052410928,DEU,LRUNTTTT,STSA,Q,Germany,Labour Force Survey - quarterly rates > Unemployment rate > Aged 15 and over > All persons,"Level, rate or national currency, s.a.",Quarterly
quarterly,OECD,MEI,Main Economic Indicators Publication,DEU.LRUNTTTT.STSA.Q,"Germany – Labour Force Survey - quarterly rates > Unemployment rate > Aged 15 and over > All persons – Level, rate or national currency, s.a. – Quarterly",1968-Q3,1968-07-01,0.927472053523735,0.927472053523735,DEU,LRUNTTTT,STSA,Q,Germany,Labour Force Survey - quarterly rates > Unemployment rate > Aged 15 and over > All persons,"Level, rate or national currency, s.a.",Quarterly
quarterly,OECD,MEI,Main Economic Indicators Publication,DEU.LRUNTTTT.STSA.Q,"Germany – Labour Force Survey - quarterly rates > Unemployment rate > Aged 15 and over > All persons – Level, rate or national currency, s.a. – Quarterly",1968-Q4,1968-10-01,0.762350784597182,0.762350784597182,DEU,LRUNTTTT,STSA,Q,Germany,Labour Force Survey - quarterly rates > Unemployment rate > Aged 15 and over > All persons,"Level, rate or national currency, s.a.",Quarterly
quarterly,OECD,MEI,Main Economic Indicators Publication,DEU.LRUNTTTT.STSA.Q,"Germany – Labour Force Survey - quarterly rates > Unemployment rate > Aged 15 and over > All persons – Level, rate or national currency, s.a. – Quarterly",1969-Q1,1969-01-01,0.637453571445587,0.637453571445587,DEU,LRUNTTTT,STSA,Q,Germany,Labour Force Survey - quarterly rates > Unemployment rate > Aged 15 and over > All persons,"Level, rate or national currency, s.a.",Quarterly
quarterly,OECD,MEI,Main Economic Indicators Publication,DEU.LRUNTTTT.STSA.Q,"Germany – Labour Force Survey - quarterly rates > Unemployment rate > Aged 15 and over > All persons – Level, rate or national currency, s.a. – Quarterly",1969-Q2,1969-04-01,0.543713852889541,0.543713852889541,DEU,LRUNTTTT,STSA,Q,Germany,Labour Force Survey - quarterly rates > Unemployment rate > Aged 15 and over > All persons,"Level, rate or national currency, s.a.",Quarterly
quarterly,OECD,MEI,Main Economic Indicators Publication,DEU.LRUNTTTT.STSA.Q,"Germany – Labour Force Survey - quarterly rates > Unemployment rate > Aged 15 and over > All persons – Level, rate or national currency, s.a. – Quarterly",1969-Q3,1969-07-01,0.487607491368362,0.487607491368362,DEU,LRUNTTTT,STSA,Q,Germany,Labour Force Survey - quarterly rates > Unemployment rate > Aged 15 and over > All persons,"Level, rate or national currency, s.a.",Quarterly
quarterly,OECD,MEI,Main Economic Indicators Publication,DEU.LRUNTTTT.STSA.Q,"Germany – Labour Force Survey - quarterly rates > Unemployment rate > Aged 15 and over > All persons – Level, rate or national currency, s.a. – Quarterly",1969-Q4,1969-10-01,0.45642650668413,0.45642650668413,DEU,LRUNTTTT,STSA,Q,Germany,Labour Force Survey - quarterly rates > Unemployment rate > Aged 15 and over > All persons,"Level, rate or national currency, s.a.",Quarterly
quarterly,OECD,MEI,Main Economic Indicators Publication,DEU.LRUNTTTT.STSA.Q,"Germany – Labour Force Survey - quarterly rates > Unemployment rate > Aged 15 and over > All persons – Level, rate or national currency, s.a. – Quarterly",1970-Q1,1970-01-01,0.477199547323912,0.477199547323912,DEU,LRUNTTTT,STSA,Q,Germany,Labour Force Survey - quarterly rates > Unemployment rate > Aged 15 and over > All persons,"Level, rate or national currency, s.a.",Quarterly
quarterly,OECD,MEI,Main Economic Indicators Publication,DEU.LRUNTTTT.STSA.Q,"Germany – Labour Force Survey - quarterly rates > Unemployment rate > Aged 15 and over > All persons – Level, rate or national currency, s.a. – Quarterly",1970-Q2,1970-04-01,0.422336088837766,0.422336088837766,DEU,LRUNTTTT,STSA,Q,Germany,Labour Force Survey - quarterly rates > Unemployment rate > Aged 15 and over > All persons,"Level, rate or national currency, s.a.",Quarterly
quarterly,OECD,MEI,Main Economic Indicators Publication,DEU.LRUNTTTT.STSA.Q,"Germany – Labour Force Survey - quarterly rates > Unemployment rate > Aged 15 and over > All persons – Level, rate or national currency, s.a. – Quarterly",1970-Q3,1970-07-01,0.420025200837588,0.420025200837588,DEU,LRUNTTTT,STSA,Q,Germany,Labour Force Survey - quarterly rates > Unemployment rate > Aged 15 and over > All persons,"Level, rate or national currency, s.a.",Quarterly
quarterly,OECD,MEI,Main Economic Indicators Publication,DEU.LRUNTTTT.STSA.Q,"Germany – Labour Force Survey - quarterly rates > Unemployment rate > Aged 15 and over > All persons – Level, rate or national currency, s.a. – Quarterly",1970-Q4,1970-10-01,0.430314079428253,0.430314079428253,DEU,LRUNTTTT,STSA,Q,Germany,Labour Force Survey - quarterly rates > Unemployment rate > Aged 15 and over > All persons,"Level, rate or national currency, s.a.",Quarterly
quarterly,OECD,MEI,Main Economic Indicators Publication,DEU.LRUNTTTT.STSA.Q,"Germany – Labour Force Survey - quarterly rates > Unemployment rate > Aged 15 and over > All persons – Level, rate or national currency, s.a. – Quarterly",1971-Q1,1971-01-01,0.473758710951945,0.473758710951945,DEU,LRUNTTTT,STSA,Q,Germany,Labour Force Survey - quarterly rates > Unemployment rate > Aged 15 and over > All persons,"Level, rate or national currency, s.a.",Quarterly
quarterly,OECD,MEI,Main Economic Indicators Publication,DEU.LRUNTTTT.STSA.Q,"Germany – Labour Force Survey - quarterly rates > Unemployment rate > Aged 15 and over > All persons – Level, rate or national currency, s.a. – Quarterly",1971-Q2,1971-04-01,0.508103003202617,0.508103003202617,DEU,LRUNTTTT,STSA,Q,Germany,Labour Force Survey - quarterly rates > Unemployment rate > Aged 15 and over > All persons,"Level, rate or national currency, s.a.",Quarterly
quarterly,OECD,MEI,Main Economic Indicators Publication,DEU.LRUNTTTT.STSA.Q,"Germany – Labour Force Survey - quarterly rates > Unemployment rate > Aged 15 and over > All persons – Level, rate or national currency, s.a. – Quarterly",1971-Q3,1971-07-01,0.556798736135026,0.556798736135026,DEU,LRUNTTTT,STSA,Q,Germany,Labour Force Survey - quarterly rates > Unemployment rate > Aged 15 and over > All persons,"Level, rate or national currency, s.a.",Quarterly
quarterly,OECD,MEI,Main Economic Indicators Publication,DEU.LRUNTTTT.STSA.Q,"Germany – Labour Force Survey - quarterly rates > Unemployment rate > Aged 15 and over > All persons – Level, rate or national currency, s.a. – Quarterly",1971-Q4,1971-10-01,0.62586608017624,0.62586608017624,DEU,LRUNTTTT,STSA,Q,Germany,Labour Force Survey - quarterly rates > Unemployment rate > Aged 15 and over > All persons,"Level, rate or national currency, s.a.",Quarterly
quarterly,OECD,MEI,Main Economic Indicators Publication,DEU.LRUNTTTT.STSA.Q,"Germany – Labour Force Survey - quarterly rates > Unemployment rate > Aged 15 and over > All persons – Level, rate or national currency, s.a. – Quarterly",1972-Q1,1972-01-01,0.68468469027983,0.68468469027983,DEU,LRUNTTTT,STSA,Q,Germany,Labour Force Survey - quarterly rates > Unemployment rate > Aged 15 and over > All persons,"Level, rate or national currency, s.a.",Quarterly
quarterly,OECD,MEI,Main Economic Indicators Publication,DEU.LRUNTTTT.STSA.Q,"Germany – Labour Force Survey - quarterly rates > Unemployment rate > Aged 15 and over > All persons – Level, rate or national currency, s.a. – Quarterly",1972-Q2,1972-04-01,0.72159168804787,0.72159168804787,DEU,LRUNTTTT,STSA,Q,Germany,Labour Force Survey - quarterly rates > Unemployment rate > Aged 15 and over > All persons,"Level, rate or national currency, s.a.",Quarterly
quarterly,OECD,MEI,Main Economic Indicators Publication,DEU.LRUNTTTT.STSA.Q,"Germany – Labour Force Survey - quarterly rates > Unemployment rate > Aged 15 and over > All persons – Level, rate or national currency, s.a. – Quarterly",1972-Q3,1972-07-01,0.752494416043164,0.752494416043164,DEU,LRUNTTTT,STSA,Q,Germany,Labour Force Survey - quarterly rates > Unemployment rate > Aged 15 and over > All persons,"Level, rate or national currency, s.a.",Quarterly
quarterly,OECD,MEI,Main Economic Indicators Publication,DEU.LRUNTTTT.STSA.Q,"Germany – Labour Force Survey - quarterly rates > Unemployment rate > Aged 15 and over > All persons – Level, rate or national currency, s.a. – Quarterly",1972-Q4,1972-10-01,0.727452350162816,0.727452350162816,DEU,LRUNTTTT,STSA,Q,Germany,Labour Force Survey - quarterly rates > Unemployment rate > Aged 15 and over > All persons,"Level, rate or national currency, s.a.",Quarterly
quarterly,OECD,MEI,Main Economic Indicators Publication,DEU.LRUNTTTT.STSA.Q,"Germany – Labour Force Survey - quarterly rates > Unemployment rate > Aged 15 and over > All persons – Level, rate or national currency, s.a. – Quarterly",1973-Q1,1973-01-01,0.692656194883382,0.692656194883382,DEU,LRUNTTTT,STSA,Q,Germany,Labour Force Survey - quarterly rates > Unemployment rate > Aged 15 and over > All persons,"Level, rate or national currency, s.a.",Quarterly
quarterly,OECD,MEI,Main Economic Indicators Publication,DEU.LRUNTTTT.STSA.Q,"Germany – Labour Force Survey - quarterly rates > Unemployment rate > Aged 15 and over > All persons – Level, rate or national currency, s.a. – Quarterly",1973-Q2,1973-04-01,0.728006549406261,0.728006549406261,DEU,LRUNTTTT,STSA,Q,Germany,Labour Force Survey - quarterly rates > Unemployment rate > Aged 15 and over > All persons,"Level, rate or national currency, s.a.",Quarterly
quarterly,OECD,MEI,Main Economic Indicators Publication,DEU.LRUNTTTT.STSA.Q,"Germany – Labour Force Survey - quarterly rates > Unemployment rate > Aged 15 and over > All persons – Level, rate or national currency, s.a. – Quarterly",1973-Q3,1973-07-01,0.790566827466896,0.790566827466896,DEU,LRUNTTTT,STSA,Q,Germany,Labour Force Survey - quarterly rates > Unemployment rate > Aged 15 and over > All persons,"Level, rate or national currency, s.a.",Quarterly
quarterly,OECD,MEI,Main Economic Indicators Publication,DEU.LRUNTTTT.STSA.Q,"Germany – Labour Force Survey - quarterly rates > Unemployment rate > Aged 15 and over > All persons – Level, rate or national currency, s.a. – Quarterly",1973-Q4,1973-10-01,0.964669159545226,0.964669159545226,DEU,LRUNTTTT,STSA,Q,Germany,Labour Force Survey - quarterly rates > Unemployment rate > Aged 15 and over > All persons,"Level, rate or national currency, s.a.",Quarterly
quarterly,OECD,MEI,Main Economic Indicators Publication,DEU.LRUNTTTT.STSA.Q,"Germany – Labour Force Survey - quarterly rates > Unemployment rate > Aged 15 and over > All persons – Level, rate or national currency, s.a. – Quarterly",1974-Q1,1974-01-01,1.2297514704155,1.2297514704155,DEU,LRUNTTTT,STSA,Q,Germany,Labour Force Survey - quarterly rates > Unemployment rate > Aged 15 and over > All persons,"Level, rate or national currency, s.a.",Quarterly
quarterly,OECD,MEI,Main Economic Indicators Publication,DEU.LRUNTTTT.STSA.Q,"Germany – Labour Force Survey - quarterly rates > Unemployment rate > Aged 15 and over > All persons – Level, rate or national currency, s.a. – Quarterly",1974-Q2,1974-04-01,1.48774084793459,1.48774084793459,DEU,LRUNTTTT,STSA,Q,Germany,Labour Force Survey - quarterly rates > Unemployment rate > Aged 15 and over > All persons,"Level, rate or national currency, s.a.",Quarterly
quarterly,OECD,MEI,Main Economic Indicators Publication,DEU.LRUNTTTT.STSA.Q,"Germany – Labour Force Survey - quarterly rates > Unemployment rate > Aged 15 and over > All persons – Level, rate or national currency, s.a. – Quarterly",1974-Q3,1974-07-01,1.80044075199512,1.80044075199512,DEU,LRUNTTTT,STSA,Q,Germany,Labour Force Survey - quarterly rates > Unemployment rate > Aged 15 and over > All persons,"Level, rate or national currency, s.a.",Quarterly
quarterly,OECD,MEI,Main Economic Indicators Publication,DEU.LRUNTTTT.STSA.Q,"Germany – Labour Force Survey - quarterly rates > Unemployment rate > Aged 15 and over > All persons – Level, rate or national currency, s.a. – Quarterly",1974-Q4,1974-10-01,2.28656913520791,2.28656913520791,DEU,LRUNTTTT,STSA,Q,Germany,Labour Force Survey - quarterly rates > Unemployment rate > Aged 15 and over > All persons,"Level, rate or national currency, s.a.",Quarterly
quarterly,OECD,MEI,Main Economic Indicators Publication,DEU.LRUNTTTT.STSA.Q,"Germany – Labour Force Survey - quarterly rates > Unemployment rate > Aged 15 and over > All persons – Level, rate or national currency, s.a. – Quarterly",1975-Q1,1975-01-01,2.54672332298019,2.54672332298019,DEU,LRUNTTTT,STSA,Q,Germany,Labour Force Survey - quarterly rates > Unemployment rate > Aged 15 and over > All persons,"Level, rate or national currency, s.a.",Quarterly
quarterly,OECD,MEI,Main Economic Indicators Publication,DEU.LRUNTTTT.STSA.Q,"Germany – Labour Force Survey - quarterly rates > Unemployment rate > Aged 15 and over > All persons – Level, rate or national currency, s.a. – Quarterly",1975-Q2,1975-04-01,3.19906517174327,3.19906517174327,DEU,LRUNTTTT,STSA,Q,Germany,Labour Force Survey - quarterly rates > Unemployment rate > Aged 15 and over > All persons,"Level, rate or national currency, s.a.",Quarterly
quarterly,OECD,MEI,Main Economic Indicators Publication,DEU.LRUNTTTT.STSA.Q,"Germany – Labour Force Survey - quarterly rates > Unemployment rate > Aged 15 and over > All persons – Level, rate or national currency, s.a. – Quarterly",1975-Q3,1975-07-01,3.5095198706366,3.5095198706366,DEU,LRUNTTTT,STSA,Q,Germany,Labour Force Survey - quarterly rates > Unemployment rate > Aged 15 and over > All persons,"Level, rate or national currency, s.a.",Quarterly
quarterly,OECD,MEI,Main Economic Indicators Publication,DEU.LRUNTTTT.STSA.Q,"Germany – Labour Force Survey - quarterly rates > Unemployment rate > Aged 15 and over > All persons – Level, rate or national currency, s.a. – Quarterly",1975-Q4,1975-10-01,3.46879977222897,3.46879977222897,DEU,LRUNTTTT,STSA,Q,Germany,Labour Force Survey - quarterly rates > Unemployment rate > Aged 15 and over > All persons,"Level, rate or national currency, s.a.",Quarterly
quarterly,OECD,MEI,Main Economic Indicators Publication,DEU.LRUNTTTT.STSA.Q,"Germany – Labour Force Survey - quarterly rates > Unemployment rate > Aged 15 and over > All persons – Level, rate or national currency, s.a. – Quarterly",1976-Q1,1976-01-01,3.26617403634104,3.26617403634104,DEU,LRUNTTTT,STSA,Q,Germany,Labour Force Survey - quarterly rates > Unemployment rate > Aged 15 and over > All persons,"Level, rate or national currency, s.a.",Quarterly
quarterly,OECD,MEI,Main Economic Indicators Publication,DEU.LRUNTTTT.STSA.Q,"Germany – Labour Force Survey - quarterly rates > Unemployment rate > Aged 15 and over > All persons – Level, rate or national currency, s.a. – Quarterly",1976-Q2,1976-04-01,3.21942674056778,3.21942674056778,DEU,LRUNTTTT,STSA,Q,Germany,Labour Force Survey - quarterly rates > Unemployment rate > Aged 15 and over > All persons,"Level, rate or national currency, s.a.",Quarterly
quarterly,OECD,MEI,Main Economic Indicators Publication,DEU.LRUNTTTT.STSA.Q,"Germany – Labour Force Survey - quarterly rates > Unemployment rate > Aged 15 and over > All persons – Level, rate or national currency, s.a. – Quarterly",1976-Q3,1976-07-01,3.11920301538656,3.11920301538656,DEU,LRUNTTTT,STSA,Q,Germany,Labour Force Survey - quarterly rates > Unemployment rate > Aged 15 and over > All persons,"Level, rate or national currency, s.a.",Quarterly
quarterly,OECD,MEI,Main Economic Indicators Publication,DEU.LRUNTTTT.STSA.Q,"Germany – Labour Force Survey - quarterly rates > Unemployment rate > Aged 15 and over > All persons – Level, rate or national currency, s.a. – Quarterly",1976-Q4,1976-10-01,3.06757610442601,3.06757610442601,DEU,LRUNTTTT,STSA,Q,Germany,Labour Force Survey - quarterly rates > Unemployment rate > Aged 15 and over > All persons,"Level, rate or national currency, s.a.",Quarterly
quarterly,OECD,MEI,Main Economic Indicators Publication,DEU.LRUNTTTT.STSA.Q,"Germany – Labour Force Survey - quarterly rates > Unemployment rate > Aged 15 and over > All persons – Level, rate or national currency, s.a. – Quarterly",1977-Q1,1977-01-01,3.02836787673577,3.02836787673577,DEU,LRUNTTTT,STSA,Q,Germany,Labour Force Survey - quarterly rates > Unemployment rate > Aged 15 and over > All persons,"Level, rate or national currency, s.a.",Quarterly
quarterly,OECD,MEI,Main Economic Indicators Publication,DEU.LRUNTTTT.STSA.Q,"Germany – Labour Force Survey - quarterly rates > Unemployment rate > Aged 15 and over > All persons – Level, rate or national currency, s.a. – Quarterly",1977-Q2,1977-04-01,3.10014273861301,3.10014273861301,DEU,LRUNTTTT,STSA,Q,Germany,Labour Force Survey - quarterly rates > Unemployment rate > Aged 15 and over > All persons,"Level, rate or national currency, s.a.",Quarterly
quarterly,OECD,MEI,Main Economic Indicators Publication,DEU.LRUNTTTT.STSA.Q,"Germany – Labour Force Survey - quarterly rates > Unemployment rate > Aged 15 and over > All persons – Level, rate or national currency, s.a. – Quarterly",1977-Q3,1977-07-01,3.12337380710164,3.12337380710164,DEU,LRUNTTTT,STSA,Q,Germany,Labour Force Survey - quarterly rates > Unemployment rate > Aged 15 and over > All persons,"Level, rate or national currency, s.a.",Quarterly
quarterly,OECD,MEI,Main Economic Indicators Publication,DEU.LRUNTTTT.STSA.Q,"Germany – Labour Force Survey - quarterly rates > Unemployment rate > Aged 15 and over > All persons – Level, rate or national currency, s.a. – Quarterly",1977-Q4,1977-10-01,3.08309034869218,3.08309034869218,DEU,LRUNTTTT,STSA,Q,Germany,Labour Force Survey - quarterly rates > Unemployment rate > Aged 15 and over > All persons,"Level, rate or national currency, s.a.",Quarterly
quarterly,OECD,MEI,Main Economic Indicators Publication,DEU.LRUNTTTT.STSA.Q,"Germany – Labour Force Survey - quarterly rates > Unemployment rate > Aged 15 and over > All persons – Level, rate or national currency, s.a. – Quarterly",1978-Q1,1978-01-01,3.01851245932055,3.01851245932055,DEU,LRUNTTTT,STSA,Q,Germany,Labour Force Survey - quarterly rates > Unemployment rate > Aged 15 and over > All persons,"Level, rate or national currency, s.a.",Quarterly
quarterly,OECD,MEI,Main Economic Indicators Publication,DEU.LRUNTTTT.STSA.Q,"Germany – Labour Force Survey - quarterly rates > Unemployment rate > Aged 15 and over > All persons – Level, rate or national currency, s.a. – Quarterly",1978-Q2,1978-04-01,3.01297703968129,3.01297703968129,DEU,LRUNTTTT,STSA,Q,Germany,Labour Force Survey - quarterly rates > Unemployment rate > Aged 15 and over > All persons,"Level, rate or national currency, s.a.",Quarterly
quarterly,OECD,MEI,Main Economic Indicators Publication,DEU.LRUNTTTT.STSA.Q,"Germany – Labour Force Survey - quarterly rates > Unemployment rate > Aged 15 and over > All persons – Level, rate or national currency, s.a. – Quarterly",1978-Q3,1978-07-01,2.94416149764266,2.94416149764266,DEU,LRUNTTTT,STSA,Q,Germany,Labour Force Survey - quarterly rates > Unemployment rate > Aged 15 and over > All persons,"Level, rate or national currency, s.a.",Quarterly
quarterly,OECD,MEI,Main Economic Indicators Publication,DEU.LRUNTTTT.STSA.Q,"Germany – Labour Force Survey - quarterly rates > Unemployment rate > Aged 15 and over > All persons – Level, rate or national currency, s.a. – Quarterly",1978-Q4,1978-10-01,2.86162892026043,2.86162892026043,DEU,LRUNTTTT,STSA,Q,Germany,Labour Force Survey - quarterly rates > Unemployment rate > Aged 15 and over > All persons,"Level, rate or national currency, s.a.",Quarterly
quarterly,OECD,MEI,Main Economic Indicators Publication,DEU.LRUNTTTT.STSA.Q,"Germany – Labour Force Survey - quarterly rates > Unemployment rate > Aged 15 and over > All persons – Level, rate or national currency, s.a. – Quarterly",1979-Q1,1979-01-01,2.77891671676762,2.77891671676762,DEU,LRUNTTTT,STSA,Q,Germany,Labour Force Survey - quarterly rates > Unemployment rate > Aged 15 and over > All persons,"Level, rate or national currency, s.a.",Quarterly
quarterly,OECD,MEI,Main Economic Indicators Publication,DEU.LRUNTTTT.STSA.Q,"Germany – Labour Force Survey - quarterly rates > Unemployment rate > Aged 15 and over > All persons – Level, rate or national currency, s.a. – Quarterly",1979-Q2,1979-04-01,2.61587164247647,2.61587164247647,DEU,LRUNTTTT,STSA,Q,Germany,Labour Force Survey - quarterly rates > Unemployment rate > Aged 15 and over > All persons,"Level, rate or national currency, s.a.",Quarterly
quarterly,OECD,MEI,Main Economic Indicators Publication,DEU.LRUNTTTT.STSA.Q,"Germany – Labour Force Survey - quarterly rates > Unemployment rate > Aged 15 and over > All persons – Level, rate or national currency, s.a. – Quarterly",1979-Q3,1979-07-01,2.52527401887681,2.52527401887681,DEU,LRUNTTTT,STSA,Q,Germany,Labour Force Survey - quarterly rates > Unemployment rate > Aged 15 and over > All persons,"Level, rate or national currency, s.a.",Quarterly
quarterly,OECD,MEI,Main Economic Indicators Publication,DEU.LRUNTTTT.STSA.Q,"Germany – Labour Force Survey - quarterly rates > Unemployment rate > Aged 15 and over > All persons – Level, rate or national currency, s.a. – Quarterly",1979-Q4,1979-10-01,2.42447082440099,2.42447082440099,DEU,LRUNTTTT,STSA,Q,Germany,Labour Force Survey - quarterly rates > Unemployment rate > Aged 15 and over > All persons,"Level, rate or national currency, s.a.",Quarterly
quarterly,OECD,MEI,Main Economic Indicators Publication,DEU.LRUNTTTT.STSA.Q,"Germany – Labour Force Survey - quarterly rates > Unemployment rate > Aged 15 and over > All persons – Level, rate or national currency, s.a. – Quarterly",1980-Q1,1980-01-01,2.43891656707484,2.43891656707484,DEU,LRUNTTTT,STSA,Q,Germany,Labour Force Survey - quarterly rates > Unemployment rate > Aged 15 and over > All persons,"Level, rate or national currency, s.a.",Quarterly
quarterly,OECD,MEI,Main Economic Indicators Publication,DEU.LRUNTTTT.STSA.Q,"Germany – Labour Force Survey - quarterly rates > Unemployment rate > Aged 15 and over > All persons – Level, rate or national currency, s.a. – Quarterly",1980-Q2,1980-04-01,2.4746698352798,2.4746698352798,DEU,LRUNTTTT,STSA,Q,Germany,Labour Force Survey - quarterly rates > Unemployment rate > Aged 15 and over > All persons,"Level, rate or national currency, s.a.",Quarterly
quarterly,OECD,MEI,Main Economic Indicators Publication,DEU.LRUNTTTT.STSA.Q,"Germany – Labour Force Survey - quarterly rates > Unemployment rate > Aged 15 and over > All persons – Level, rate or national currency, s.a. – Quarterly",1980-Q3,1980-07-01,2.63843689994395,2.63843689994395,DEU,LRUNTTTT,STSA,Q,Germany,Labour Force Survey - quarterly rates > Unemployment rate > Aged 15 and over > All persons,"Level, rate or national currency, s.a.",Quarterly
quarterly,OECD,MEI,Main Economic Indicators Publication,DEU.LRUNTTTT.STSA.Q,"Germany – Labour Force Survey - quarterly rates > Unemployment rate > Aged 15 and over > All persons – Level, rate or national currency, s.a. – Quarterly",1980-Q4,1980-10-01,2.83215846130809,2.83215846130809,DEU,LRUNTTTT,STSA,Q,Germany,Labour Force Survey - quarterly rates > Unemployment rate > Aged 15 and over > All persons,"Level, rate or national currency, s.a.",Quarterly
quarterly,OECD,MEI,Main Economic Indicators Publication,DEU.LRUNTTTT.STSA.Q,"Germany – Labour Force Survey - quarterly rates > Unemployment rate > Aged 15 and over > All persons – Level, rate or national currency, s.a. – Quarterly",1981-Q1,1981-01-01,3.13414802543669,3.13414802543669,DEU,LRUNTTTT,STSA,Q,Germany,Labour Force Survey - quarterly rates > Unemployment rate > Aged 15 and over > All persons,"Level, rate or national currency, s.a.",Quarterly
quarterly,OECD,MEI,Main Economic Indicators Publication,DEU.LRUNTTTT.STSA.Q,"Germany – Labour Force Survey - quarterly rates > Unemployment rate > Aged 15 and over > All persons – Level, rate or national currency, s.a. – Quarterly",1981-Q2,1981-04-01,3.47175551628057,3.47175551628057,DEU,LRUNTTTT,STSA,Q,Germany,Labour Force Survey - quarterly rates > Unemployment rate > Aged 15 and over > All persons,"Level, rate or national currency, s.a.",Quarterly
quarterly,OECD,MEI,Main Economic Indicators Publication,DEU.LRUNTTTT.STSA.Q,"Germany – Labour Force Survey - quarterly rates > Unemployment rate > Aged 15 and over > All persons – Level, rate or national currency, s.a. – Quarterly",1981-Q3,1981-07-01,3.88218927103709,3.88218927103709,DEU,LRUNTTTT,STSA,Q,Germany,Labour Force Survey - quarterly rates > Unemployment rate > Aged 15 and over > All persons,"Level, rate or national currency, s.a.",Quarterly
quarterly,OECD,MEI,Main Economic Indicators Publication,DEU.LRUNTTTT.STSA.Q,"Germany – Labour Force Survey - quarterly rates > Unemployment rate > Aged 15 and over > All persons – Level, rate or national currency, s.a. – Quarterly",1981-Q4,1981-10-01,4.32183693167506,4.32183693167506,DEU,LRUNTTTT,STSA,Q,Germany,Labour Force Survey - quarterly rates > Unemployment rate > Aged 15 and over > All persons,"Level, rate or national currency, s.a.",Quarterly
quarterly,OECD,MEI,Main Economic Indicators Publication,DEU.LRUNTTTT.STSA.Q,"Germany – Labour Force Survey - quarterly rates > Unemployment rate > Aged 15 and over > All persons – Level, rate or national currency, s.a. – Quarterly",1982-Q1,1982-01-01,4.7319098466274,4.7319098466274,DEU,LRUNTTTT,STSA,Q,Germany,Labour Force Survey - quarterly rates > Unemployment rate > Aged 15 and over > All persons,"Level, rate or national currency, s.a.",Quarterly
quarterly,OECD,MEI,Main Economic Indicators Publication,DEU.LRUNTTTT.STSA.Q,"Germany – Labour Force Survey - quarterly rates > Unemployment rate > Aged 15 and over > All persons – Level, rate or national currency, s.a. – Quarterly",1982-Q2,1982-04-01,5.11639793455536,5.11639793455536,DEU,LRUNTTTT,STSA,Q,Germany,Labour Force Survey - quarterly rates > Unemployment rate > Aged 15 and over > All persons,"Level, rate or national currency, s.a.",Quarterly
quarterly,OECD,MEI,Main Economic Indicators Publication,DEU.LRUNTTTT.STSA.Q,"Germany – Labour Force Survey - quarterly rates > Unemployment rate > Aged 15 and over > All persons – Level, rate or national currency, s.a. – Quarterly",1982-Q3,1982-07-01,5.48533599674087,5.48533599674087,DEU,LRUNTTTT,STSA,Q,Germany,Labour Force Survey - quarterly rates > Unemployment rate > Aged 15 and over > All persons,"Level, rate or national currency, s.a.",Quarterly
quarterly,OECD,MEI,Main Economic Indicators Publication,DEU.LRUNTTTT.STSA.Q,"Germany – Labour Force Survey - quarterly rates > Unemployment rate > Aged 15 and over > All persons – Level, rate or national currency, s.a. – Quarterly",1982-Q4,1982-10-01,5.99654366217518,5.99654366217518,DEU,LRUNTTTT,STSA,Q,Germany,Labour Force Survey - quarterly rates > Unemployment rate > Aged 15 and over > All persons,"Level, rate or national currency, s.a.",Quarterly
quarterly,OECD,MEI,Main Economic Indicators Publication,DEU.LRUNTTTT.STSA.Q,"Germany – Labour Force Survey - quarterly rates > Unemployment rate > Aged 15 and over > All persons – Level, rate or national currency, s.a. – Quarterly",1983-Q1,1983-01-01,6.31021812287511,6.31021812287511,DEU,LRUNTTTT,STSA,Q,Germany,Labour Force Survey - quarterly rates > Unemployment rate > Aged 15 and over > All persons,"Level, rate or national currency, s.a.",Quarterly
quarterly,OECD,MEI,Main Economic Indicators Publication,DEU.LRUNTTTT.STSA.Q,"Germany – Labour Force Survey - quarterly rates > Unemployment rate > Aged 15 and over > All persons – Level, rate or national currency, s.a. – Quarterly",1983-Q2,1983-04-01,6.64325158892034,6.64325158892034,DEU,LRUNTTTT,STSA,Q,Germany,Labour Force Survey - quarterly rates > Unemployment rate > Aged 15 and over > All persons,"Level, rate or national currency, s.a.",Quarterly
quarterly,OECD,MEI,Main Economic Indicators Publication,DEU.LRUNTTTT.STSA.Q,"Germany – Labour Force Survey - quarterly rates > Unemployment rate > Aged 15 and over > All persons – Level, rate or national currency, s.a. – Quarterly",1983-Q3,1983-07-01,6.70538790076794,6.70538790076794,DEU,LRUNTTTT,STSA,Q,Germany,Labour Force Survey - quarterly rates > Unemployment rate > Aged 15 and over > All persons,"Level, rate or national currency, s.a.",Quarterly
quarterly,OECD,MEI,Main Economic Indicators Publication,DEU.LRUNTTTT.STSA.Q,"Germany – Labour Force Survey - quarterly rates > Unemployment rate > Aged 15 and over > All persons – Level, rate or national currency, s.a. – Quarterly",1983-Q4,1983-10-01,6.64857337678437,6.64857337678437,DEU,LRUNTTTT,STSA,Q,Germany,Labour Force Survey - quarterly rates > Unemployment rate > Aged 15 and over > All persons,"Level, rate or national currency, s.a.",Quarterly
quarterly,OECD,MEI,Main Economic Indicators Publication,DEU.LRUNTTTT.STSA.Q,"Germany – Labour Force Survey - quarterly rates > Unemployment rate > Aged 15 and over > All persons – Level, rate or national currency, s.a. – Quarterly",1984-Q1,1984-01-01,6.55732115475161,6.55732115475161,DEU,LRUNTTTT,STSA,Q,Germany,Labour Force Survey - quarterly rates > Unemployment rate > Aged 15 and over > All persons,"Level, rate or national currency, s.a.",Quarterly
quarterly,OECD,MEI,Main Economic Indicators Publication,DEU.LRUNTTTT.STSA.Q,"Germany – Labour Force Survey - quarterly rates > Unemployment rate > Aged 15 and over > All persons – Level, rate or national currency, s.a. – Quarterly",1984-Q2,1984-04-01,6.5674797222385,6.5674797222385,DEU,LRUNTTTT,STSA,Q,Germany,Labour Force Survey - quarterly rates > Unemployment rate > Aged 15 and over > All persons,"Level, rate or national currency, s.a.",Quarterly
quarterly,OECD,MEI,Main Economic Indicators Publication,DEU.LRUNTTTT.STSA.Q,"Germany – Labour Force Survey - quarterly rates > Unemployment rate > Aged 15 and over > All persons – Level, rate or national currency, s.a. – Quarterly",1984-Q3,1984-07-01,6.60595124671594,6.60595124671594,DEU,LRUNTTTT,STSA,Q,Germany,Labour Force Survey - quarterly rates > Unemployment rate > Aged 15 and over > All persons,"Level, rate or national currency, s.a.",Quarterly
quarterly,OECD,MEI,Main Economic Indicators Publication,DEU.LRUNTTTT.STSA.Q,"Germany – Labour Force Survey - quarterly rates > Unemployment rate > Aged 15 and over > All persons – Level, rate or national currency, s.a. – Quarterly",1984-Q4,1984-10-01,6.60783567521627,6.60783567521627,DEU,LRUNTTTT,STSA,Q,Germany,Labour Force Survey - quarterly rates > Unemployment rate > Aged 15 and over > All persons,"Level, rate or national currency, s.a.",Quarterly
quarterly,OECD,MEI,Main Economic Indicators Publication,DEU.LRUNTTTT.STSA.Q,"Germany – Labour Force Survey - quarterly rates > Unemployment rate > Aged 15 and over > All persons – Level, rate or national currency, s.a. – Quarterly",1985-Q1,1985-01-01,6.63632212533484,6.63632212533484,DEU,LRUNTTTT,STSA,Q,Germany,Labour Force Survey - quarterly rates > Unemployment rate > Aged 15 and over > All persons,"Level, rate or national currency, s.a.",Quarterly
quarterly,OECD,MEI,Main Economic Indicators Publication,DEU.LRUNTTTT.STSA.Q,"Germany – Labour Force Survey - quarterly rates > Unemployment rate > Aged 15 and over > All persons – Level, rate or national currency, s.a. – Quarterly",1985-Q2,1985-04-01,6.68543343029023,6.68543343029023,DEU,LRUNTTTT,STSA,Q,Germany,Labour Force Survey - quarterly rates > Unemployment rate > Aged 15 and over > All persons,"Level, rate or national currency, s.a.",Quarterly
quarterly,OECD,MEI,Main Economic Indicators Publication,DEU.LRUNTTTT.STSA.Q,"Germany – Labour Force Survey - quarterly rates > Unemployment rate > Aged 15 and over > All persons – Level, rate or national currency, s.a. – Quarterly",1985-Q3,1985-07-01,6.64023768443695,6.64023768443695,DEU,LRUNTTTT,STSA,Q,Germany,Labour Force Survey - quarterly rates > Unemployment rate > Aged 15 and over > All persons,"Level, rate or national currency, s.a.",Quarterly
quarterly,OECD,MEI,Main Economic Indicators Publication,DEU.LRUNTTTT.STSA.Q,"Germany – Labour Force Survey - quarterly rates > Unemployment rate > Aged 15 and over > All persons – Level, rate or national currency, s.a. – Quarterly",1985-Q4,1985-10-01,6.62629590372654,6.62629590372654,DEU,LRUNTTTT,STSA,Q,Germany,Labour Force Survey - quarterly rates > Unemployment rate > Aged 15 and over > All persons,"Level, rate or national currency, s.a.",Quarterly
quarterly,OECD,MEI,Main Economic Indicators Publication,DEU.LRUNTTTT.STSA.Q,"Germany – Labour Force Survey - quarterly rates > Unemployment rate > Aged 15 and over > All persons – Level, rate or national currency, s.a. – Quarterly",1986-Q1,1986-01-01,6.55262359667634,6.55262359667634,DEU,LRUNTTTT,STSA,Q,Germany,Labour Force Survey - quarterly rates > Unemployment rate > Aged 15 and over > All persons,"Level, rate or national currency, s.a.",Quarterly
quarterly,OECD,MEI,Main Economic Indicators Publication,DEU.LRUNTTTT.STSA.Q,"Germany – Labour Force Survey - quarterly rates > Unemployment rate > Aged 15 and over > All persons – Level, rate or national currency, s.a. – Quarterly",1986-Q2,1986-04-01,6.43252316013354,6.43252316013354,DEU,LRUNTTTT,STSA,Q,Germany,Labour Force Survey - quarterly rates > Unemployment rate > Aged 15 and over > All persons,"Level, rate or national currency, s.a.",Quarterly
quarterly,OECD,MEI,Main Economic Indicators Publication,DEU.LRUNTTTT.STSA.Q,"Germany – Labour Force Survey - quarterly rates > Unemployment rate > Aged 15 and over > All persons – Level, rate or national currency, s.a. – Quarterly",1986-Q3,1986-07-01,6.3072263781091,6.3072263781091,DEU,LRUNTTTT,STSA,Q,Germany,Labour Force Survey - quarterly rates > Unemployment rate > Aged 15 and over > All persons,"Level, rate or national currency, s.a.",Quarterly
quarterly,OECD,MEI,Main Economic Indicators Publication,DEU.LRUNTTTT.STSA.Q,"Germany – Labour Force Survey - quarterly rates > Unemployment rate > Aged 15 and over > All persons – Level, rate or national currency, s.a. – Quarterly",1986-Q4,1986-10-01,6.22288568529124,6.22288568529124,DEU,LRUNTTTT,STSA,Q,Germany,Labour Force Survey - quarterly rates > Unemployment rate > Aged 15 and over > All persons,"Level, rate or national currency, s.a.",Quarterly
quarterly,OECD,MEI,Main Economic Indicators Publication,DEU.LRUNTTTT.STSA.Q,"Germany – Labour Force Survey - quarterly rates > Unemployment rate > Aged 15 and over > All persons – Level, rate or national currency, s.a. – Quarterly",1987-Q1,1987-01-01,6.28496416503048,6.28496416503048,DEU,LRUNTTTT,STSA,Q,Germany,Labour Force Survey - quarterly rates > Unemployment rate > Aged 15 and over > All persons,"Level, rate or national currency, s.a.",Quarterly
quarterly,OECD,MEI,Main Economic Indicators Publication,DEU.LRUNTTTT.STSA.Q,"Germany – Labour Force Survey - quarterly rates > Unemployment rate > Aged 15 and over > All persons – Level, rate or national currency, s.a. – Quarterly",1987-Q2,1987-04-01,6.31932070166461,6.31932070166461,DEU,LRUNTTTT,STSA,Q,Germany,Labour Force Survey - quarterly rates > Unemployment rate > Aged 15 and over > All persons,"Level, rate or national currency, s.a.",Quarterly
quarterly,OECD,MEI,Main Economic Indicators Publication,DEU.LRUNTTTT.STSA.Q,"Germany – Labour Force Survey - quarterly rates > Unemployment rate > Aged 15 and over > All persons – Level, rate or national currency, s.a. – Quarterly",1987-Q3,1987-07-01,6.35191612050616,6.35191612050616,DEU,LRUNTTTT,STSA,Q,Germany,Labour Force Survey - quarterly rates > Unemployment rate > Aged 15 and over > All persons,"Level, rate or national currency, s.a.",Quarterly
quarterly,OECD,MEI,Main Economic Indicators Publication,DEU.LRUNTTTT.STSA.Q,"Germany – Labour Force Survey - quarterly rates > Unemployment rate > Aged 15 and over > All persons – Level, rate or national currency, s.a. – Quarterly",1987-Q4,1987-10-01,6.38035866262818,6.38035866262818,DEU,LRUNTTTT,STSA,Q,Germany,Labour Force Survey - quarterly rates > Unemployment rate > Aged 15 and over > All persons,"Level, rate or national currency, s.a.",Quarterly
quarterly,OECD,MEI,Main Economic Indicators Publication,DEU.LRUNTTTT.STSA.Q,"Germany – Labour Force Survey - quarterly rates > Unemployment rate > Aged 15 and over > All persons – Level, rate or national currency, s.a. – Quarterly",1988-Q1,1988-01-01,6.18431913390967,6.18431913390967,DEU,LRUNTTTT,STSA,Q,Germany,Labour Force Survey - quarterly rates > Unemployment rate > Aged 15 and over > All persons,"Level, rate or national currency, s.a.",Quarterly
quarterly,OECD,MEI,Main Economic Indicators Publication,DEU.LRUNTTTT.STSA.Q,"Germany – Labour Force Survey - quarterly rates > Unemployment rate > Aged 15 and over > All persons – Level, rate or national currency, s.a. – Quarterly",1988-Q2,1988-04-01,6.16252096485312,6.16252096485312,DEU,LRUNTTTT,STSA,Q,Germany,Labour Force Survey - quarterly rates > Unemployment rate > Aged 15 and over > All persons,"Level, rate or national currency, s.a.",Quarterly
quarterly,OECD,MEI,Main Economic Indicators Publication,DEU.LRUNTTTT.STSA.Q,"Germany – Labour Force Survey - quarterly rates > Unemployment rate > Aged 15 and over > All persons – Level, rate or national currency, s.a. – Quarterly",1988-Q3,1988-07-01,6.04717393470409,6.04717393470409,DEU,LRUNTTTT,STSA,Q,Germany,Labour Force Survey - quarterly rates > Unemployment rate > Aged 15 and over > All persons,"Level, rate or national currency, s.a.",Quarterly
quarterly,OECD,MEI,Main Economic Indicators Publication,DEU.LRUNTTTT.STSA.Q,"Germany – Labour Force Survey - quarterly rates > Unemployment rate > Aged 15 and over > All persons – Level, rate or national currency, s.a. – Quarterly",1988-Q4,1988-10-01,5.91428387854809,5.91428387854809,DEU,LRUNTTTT,STSA,Q,Germany,Labour Force Survey - quarterly rates > Unemployment rate > Aged 15 and over > All persons,"Level, rate or national currency, s.a.",Quarterly
quarterly,OECD,MEI,Main Economic Indicators Publication,DEU.LRUNTTTT.STSA.Q,"Germany – Labour Force Survey - quarterly rates > Unemployment rate > Aged 15 and over > All persons – Level, rate or national currency, s.a. – Quarterly",1989-Q1,1989-01-01,5.69138112386458,5.69138112386458,DEU,LRUNTTTT,STSA,Q,Germany,Labour Force Survey - quarterly rates > Unemployment rate > Aged 15 and over > All persons,"Level, rate or national currency, s.a.",Quarterly
quarterly,OECD,MEI,Main Economic Indicators Publication,DEU.LRUNTTTT.STSA.Q,"Germany – Labour Force Survey - quarterly rates > Unemployment rate > Aged 15 and over > All persons – Level, rate or national currency, s.a. – Quarterly",1989-Q2,1989-04-01,5.55089457295137,5.55089457295137,DEU,LRUNTTTT,STSA,Q,Germany,Labour Force Survey - quarterly rates > Unemployment rate > Aged 15 and over > All persons,"Level, rate or national currency, s.a.",Quarterly
quarterly,OECD,MEI,Main Economic Indicators Publication,DEU.LRUNTTTT.STSA.Q,"Germany – Labour Force Survey - quarterly rates > Unemployment rate > Aged 15 and over > All persons – Level, rate or national currency, s.a. – Quarterly",1989-Q3,1989-07-01,5.38106783738775,5.38106783738775,DEU,LRUNTTTT,STSA,Q,Germany,Labour Force Survey - quarterly rates > Unemployment rate > Aged 15 and over > All persons,"Level, rate or national currency, s.a.",Quarterly
quarterly,OECD,MEI,Main Economic Indicators Publication,DEU.LRUNTTTT.STSA.Q,"Germany – Labour Force Survey - quarterly rates > Unemployment rate > Aged 15 and over > All persons – Level, rate or national currency, s.a. – Quarterly",1989-Q4,1989-10-01,5.36740954881972,5.36740954881972,DEU,LRUNTTTT,STSA,Q,Germany,Labour Force Survey - quarterly rates > Unemployment rate > Aged 15 and over > All persons,"Level, rate or national currency, s.a.",Quarterly
quarterly,OECD,MEI,Main Economic Indicators Publication,DEU.LRUNTTTT.STSA.Q,"Germany – Labour Force Survey - quarterly rates > Unemployment rate > Aged 15 and over > All persons – Level, rate or national currency, s.a. – Quarterly",1990-Q1,1990-01-01,5.05985123381007,5.05985123381007,DEU,LRUNTTTT,STSA,Q,Germany,Labour Force Survey - quarterly rates > Unemployment rate > Aged 15 and over > All persons,"Level, rate or national currency, s.a.",Quarterly
quarterly,OECD,MEI,Main Economic Indicators Publication,DEU.LRUNTTTT.STSA.Q,"Germany – Labour Force Survey - quarterly rates > Unemployment rate > Aged 15 and over > All persons – Level, rate or national currency, s.a. – Quarterly",1990-Q2,1990-04-01,4.91484253232251,4.91484253232251,DEU,LRUNTTTT,STSA,Q,Germany,Labour Force Survey - quarterly rates > Unemployment rate > Aged 15 and over > All persons,"Level, rate or national currency, s.a.",Quarterly
quarterly,OECD,MEI,Main Economic Indicators Publication,DEU.LRUNTTTT.STSA.Q,"Germany – Labour Force Survey - quarterly rates > Unemployment rate > Aged 15 and over > All persons – Level, rate or national currency, s.a. – Quarterly",1990-Q3,1990-07-01,4.71423148484384,4.71423148484384,DEU,LRUNTTTT,STSA,Q,Germany,Labour Force Survey - quarterly rates > Unemployment rate > Aged 15 and over > All persons,"Level, rate or national currency, s.a.",Quarterly
quarterly,OECD,MEI,Main Economic Indicators Publication,DEU.LRUNTTTT.STSA.Q,"Germany – Labour Force Survey - quarterly rates > Unemployment rate > Aged 15 and over > All persons – Level, rate or national currency, s.a. – Quarterly",1990-Q4,1990-10-01,4.57732851805029,4.57732851805029,DEU,LRUNTTTT,STSA,Q,Germany,Labour Force Survey - quarterly rates > Unemployment rate > Aged 15 and over > All persons,"Level, rate or national currency, s.a.",Quarterly
quarterly,OECD,MEI,Main Economic Indicators Publication,DEU.LRUNTTTT.STSA.Q,"Germany – Labour Force Survey - quarterly rates > Unemployment rate > Aged 15 and over > All persons – Level, rate or national currency, s.a. – Quarterly",1991-Q1,1991-01-01,5.20502795668186,5.20502795668186,DEU,LRUNTTTT,STSA,Q,Germany,Labour Force Survey - quarterly rates > Unemployment rate > Aged 15 and over > All persons,"Level, rate or national currency, s.a.",Quarterly
quarterly,OECD,MEI,Main Economic Indicators Publication,DEU.LRUNTTTT.STSA.Q,"Germany – Labour Force Survey - quarterly rates > Unemployment rate > Aged 15 and over > All persons – Level, rate or national currency, s.a. – Quarterly",1991-Q2,1991-04-01,5.39442604789333,5.39442604789333,DEU,LRUNTTTT,STSA,Q,Germany,Labour Force Survey - quarterly rates > Unemployment rate > Aged 15 and over > All persons,"Level, rate or national currency, s.a.",Quarterly
quarterly,OECD,MEI,Main Economic Indicators Publication,DEU.LRUNTTTT.STSA.Q,"Germany – Labour Force Survey - quarterly rates > Unemployment rate > Aged 15 and over > All persons – Level, rate or national currency, s.a. – Quarterly",1991-Q3,1991-07-01,5.90834794538491,5.90834794538491,DEU,LRUNTTTT,STSA,Q,Germany,Labour Force Survey - quarterly rates > Unemployment rate > Aged 15 and over > All persons,"Level, rate or national currency, s.a.",Quarterly
quarterly,OECD,MEI,Main Economic Indicators Publication,DEU.LRUNTTTT.STSA.Q,"Germany – Labour Force Survey - quarterly rates > Unemployment rate > Aged 15 and over > All persons – Level, rate or national currency, s.a. – Quarterly",1991-Q4,1991-10-01,6.05918964457802,6.05918964457802,DEU,LRUNTTTT,STSA,Q,Germany,Labour Force Survey - quarterly rates > Unemployment rate > Aged 15 and over > All persons,"Level, rate or national currency, s.a.",Quarterly
quarterly,OECD,MEI,Main Economic Indicators Publication,DEU.LRUNTTTT.STSA.Q,"Germany – Labour Force Survey - quarterly rates > Unemployment rate > Aged 15 and over > All persons – Level, rate or national currency, s.a. – Quarterly",1992-Q1,1992-01-01,6.43229268815766,6.43229268815766,DEU,LRUNTTTT,STSA,Q,Germany,Labour Force Survey - quarterly rates > Unemployment rate > Aged 15 and over > All persons,"Level, rate or national currency, s.a.",Quarterly
quarterly,OECD,MEI,Main Economic Indicators Publication,DEU.LRUNTTTT.STSA.Q,"Germany – Labour Force Survey - quarterly rates > Unemployment rate > Aged 15 and over > All persons – Level, rate or national currency, s.a. – Quarterly",1992-Q2,1992-04-01,6.54903856559371,6.54903856559371,DEU,LRUNTTTT,STSA,Q,Germany,Labour Force Survey - quarterly rates > Unemployment rate > Aged 15 and over > All persons,"Level, rate or national currency, s.a.",Quarterly
quarterly,OECD,MEI,Main Economic Indicators Publication,DEU.LRUNTTTT.STSA.Q,"Germany – Labour Force Survey - quarterly rates > Unemployment rate > Aged 15 and over > All persons – Level, rate or national currency, s.a. – Quarterly",1992-Q3,1992-07-01,6.76038394473812,6.76038394473812,DEU,LRUNTTTT,STSA,Q,Germany,Labour Force Survey - quarterly rates > Unemployment rate > Aged 15 and over > All persons,"Level, rate or national currency, s.a.",Quarterly
quarterly,OECD,MEI,Main Economic Indicators Publication,DEU.LRUNTTTT.STSA.Q,"Germany – Labour Force Survey - quarterly rates > Unemployment rate > Aged 15 and over > All persons – Level, rate or national currency, s.a. – Quarterly",1992-Q4,1992-10-01,7.07352660128464,7.07352660128464,DEU,LRUNTTTT,STSA,Q,Germany,Labour Force Survey - quarterly rates > Unemployment rate > Aged 15 and over > All persons,"Level, rate or national currency, s.a.",Quarterly
quarterly,OECD,MEI,Main Economic Indicators Publication,DEU.LRUNTTTT.STSA.Q,"Germany – Labour Force Survey - quarterly rates > Unemployment rate > Aged 15 and over > All persons – Level, rate or national currency, s.a. – Quarterly",1993-Q1,1993-01-01,7.37362895973398,7.37362895973398,DEU,LRUNTTTT,STSA,Q,Germany,Labour Force Survey - quarterly rates > Unemployment rate > Aged 15 and over > All persons,"Level, rate or national currency, s.a.",Quarterly
quarterly,OECD,MEI,Main Economic Indicators Publication,DEU.LRUNTTTT.STSA.Q,"Germany – Labour Force Survey - quarterly rates > Unemployment rate > Aged 15 and over > All persons – Level, rate or national currency, s.a. – Quarterly",1993-Q2,1993-04-01,7.7812003634503,7.7812003634503,DEU,LRUNTTTT,STSA,Q,Germany,Labour Force Survey - quarterly rates > Unemployment rate > Aged 15 and over > All persons,"Level, rate or national currency, s.a.",Quarterly
quarterly,OECD,MEI,Main Economic Indicators Publication,DEU.LRUNTTTT.STSA.Q,"Germany – Labour Force Survey - quarterly rates > Unemployment rate > Aged 15 and over > All persons – Level, rate or national currency, s.a. – Quarterly",1993-Q3,1993-07-01,8.16891482273833,8.16891482273833,DEU,LRUNTTTT,STSA,Q,Germany,Labour Force Survey - quarterly rates > Unemployment rate > Aged 15 and over > All persons,"Level, rate or national currency, s.a.",Quarterly
quarterly,OECD,MEI,Main Economic Indicators Publication,DEU.LRUNTTTT.STSA.Q,"Germany – Labour Force Survey - quarterly rates > Unemployment rate > Aged 15 and over > All persons – Level, rate or national currency, s.a. – Quarterly",1993-Q4,1993-10-01,8.5204723378075,8.5204723378075,DEU,LRUNTTTT,STSA,Q,Germany,Labour Force Survey - quarterly rates > Unemployment rate > Aged 15 and over > All persons,"Level, rate or national currency, s.a.",Quarterly
quarterly,OECD,MEI,Main Economic Indicators Publication,DEU.LRUNTTTT.STSA.Q,"Germany – Labour Force Survey - quarterly rates > Unemployment rate > Aged 15 and over > All persons – Level, rate or national currency, s.a. – Quarterly",1994-Q1,1994-01-01,8.59621589740809,8.59621589740809,DEU,LRUNTTTT,STSA,Q,Germany,Labour Force Survey - quarterly rates > Unemployment rate > Aged 15 and over > All persons,"Level, rate or national currency, s.a.",Quarterly
quarterly,OECD,MEI,Main Economic Indicators Publication,DEU.LRUNTTTT.STSA.Q,"Germany – Labour Force Survey - quarterly rates > Unemployment rate > Aged 15 and over > All persons – Level, rate or national currency, s.a. – Quarterly",1994-Q2,1994-04-01,8.6572464347625,8.6572464347625,DEU,LRUNTTTT,STSA,Q,Germany,Labour Force Survey - quarterly rates > Unemployment rate > Aged 15 and over > All persons,"Level, rate or national currency, s.a.",Quarterly
quarterly,OECD,MEI,Main Economic Indicators Publication,DEU.LRUNTTTT.STSA.Q,"Germany – Labour Force Survey - quarterly rates > Unemployment rate > Aged 15 and over > All persons – Level, rate or national currency, s.a. – Quarterly",1994-Q3,1994-07-01,8.46660182768792,8.46660182768792,DEU,LRUNTTTT,STSA,Q,Germany,Labour Force Survey - quarterly rates > Unemployment rate > Aged 15 and over > All persons,"Level, rate or national currency, s.a.",Quarterly
quarterly,OECD,MEI,Main Economic Indicators Publication,DEU.LRUNTTTT.STSA.Q,"Germany – Labour Force Survey - quarterly rates > Unemployment rate > Aged 15 and over > All persons – Level, rate or national currency, s.a. – Quarterly",1994-Q4,1994-10-01,8.24586808008004,8.24586808008004,DEU,LRUNTTTT,STSA,Q,Germany,Labour Force Survey - quarterly rates > Unemployment rate > Aged 15 and over > All persons,"Level, rate or national currency, s.a.",Quarterly
quarterly,OECD,MEI,Main Economic Indicators Publication,DEU.LRUNTTTT.STSA.Q,"Germany – Labour Force Survey - quarterly rates > Unemployment rate > Aged 15 and over > All persons – Level, rate or national currency, s.a. – Quarterly",1995-Q1,1995-01-01,8.08325823592824,8.08325823592824,DEU,LRUNTTTT,STSA,Q,Germany,Labour Force Survey - quarterly rates > Unemployment rate > Aged 15 and over > All persons,"Level, rate or national currency, s.a.",Quarterly
quarterly,OECD,MEI,Main Economic Indicators Publication,DEU.LRUNTTTT.STSA.Q,"Germany – Labour Force Survey - quarterly rates > Unemployment rate > Aged 15 and over > All persons – Level, rate or national currency, s.a. – Quarterly",1995-Q2,1995-04-01,8.12475295952074,8.12475295952074,DEU,LRUNTTTT,STSA,Q,Germany,Labour Force Survey - quarterly rates > Unemployment rate > Aged 15 and over > All persons,"Level, rate or national currency, s.a.",Quarterly
quarterly,OECD,MEI,Main Economic Indicators Publication,DEU.LRUNTTTT.STSA.Q,"Germany – Labour Force Survey - quarterly rates > Unemployment rate > Aged 15 and over > All persons – Level, rate or national currency, s.a. – Quarterly",1995-Q3,1995-07-01,8.23630429973539,8.23630429973539,DEU,LRUNTTTT,STSA,Q,Germany,Labour Force Survey - quarterly rates > Unemployment rate > Aged 15 and over > All persons,"Level, rate or national currency, s.a.",Quarterly
quarterly,OECD,MEI,Main Economic Indicators Publication,DEU.LRUNTTTT.STSA.Q,"Germany – Labour Force Survey - quarterly rates > Unemployment rate > Aged 15 and over > All persons – Level, rate or national currency, s.a. – Quarterly",1995-Q4,1995-10-01,8.38982660987273,8.38982660987273,DEU,LRUNTTTT,STSA,Q,Germany,Labour Force Survey - quarterly rates > Unemployment rate > Aged 15 and over > All persons,"Level, rate or national currency, s.a.",Quarterly
quarterly,OECD,MEI,Main Economic Indicators Publication,DEU.LRUNTTTT.STSA.Q,"Germany – Labour Force Survey - quarterly rates > Unemployment rate > Aged 15 and over > All persons – Level, rate or national currency, s.a. – Quarterly",1996-Q1,1996-01-01,8.71695834381552,8.71695834381552,DEU,LRUNTTTT,STSA,Q,Germany,Labour Force Survey - quarterly rates > Unemployment rate > Aged 15 and over > All persons,"Level, rate or national currency, s.a.",Quarterly
quarterly,OECD,MEI,Main Economic Indicators Publication,DEU.LRUNTTTT.STSA.Q,"Germany – Labour Force Survey - quarterly rates > Unemployment rate > Aged 15 and over > All persons – Level, rate or national currency, s.a. – Quarterly",1996-Q2,1996-04-01,8.78083572935459,8.78083572935459,DEU,LRUNTTTT,STSA,Q,Germany,Labour Force Survey - quarterly rates > Unemployment rate > Aged 15 and over > All persons,"Level, rate or national currency, s.a.",Quarterly
quarterly,OECD,MEI,Main Economic Indicators Publication,DEU.LRUNTTTT.STSA.Q,"Germany – Labour Force Survey - quarterly rates > Unemployment rate > Aged 15 and over > All persons – Level, rate or national currency, s.a. – Quarterly",1996-Q3,1996-07-01,9.0193551677497,9.0193551677497,DEU,LRUNTTTT,STSA,Q,Germany,Labour Force Survey - quarterly rates > Unemployment rate > Aged 15 and over > All persons,"Level, rate or national currency, s.a.",Quarterly
quarterly,OECD,MEI,Main Economic Indicators Publication,DEU.LRUNTTTT.STSA.Q,"Germany – Labour Force Survey - quarterly rates > Unemployment rate > Aged 15 and over > All persons – Level, rate or national currency, s.a. – Quarterly",1996-Q4,1996-10-01,9.30178221653342,9.30178221653342,DEU,LRUNTTTT,STSA,Q,Germany,Labour Force Survey - quarterly rates > Unemployment rate > Aged 15 and over > All persons,"Level, rate or national currency, s.a.",Quarterly
quarterly,OECD,MEI,Main Economic Indicators Publication,DEU.LRUNTTTT.STSA.Q,"Germany – Labour Force Survey - quarterly rates > Unemployment rate > Aged 15 and over > All persons – Level, rate or national currency, s.a. – Quarterly",1997-Q1,1997-01-01,9.67741750337834,9.67741750337834,DEU,LRUNTTTT,STSA,Q,Germany,Labour Force Survey - quarterly rates > Unemployment rate > Aged 15 and over > All persons,"Level, rate or national currency, s.a.",Quarterly
quarterly,OECD,MEI,Main Economic Indicators Publication,DEU.LRUNTTTT.STSA.Q,"Germany – Labour Force Survey - quarterly rates > Unemployment rate > Aged 15 and over > All persons – Level, rate or national currency, s.a. – Quarterly",1997-Q2,1997-04-01,9.88618861080405,9.88618861080405,DEU,LRUNTTTT,STSA,Q,Germany,Labour Force Survey - quarterly rates > Unemployment rate > Aged 15 and over > All persons,"Level, rate or national currency, s.a.",Quarterly
quarterly,OECD,MEI,Main Economic Indicators Publication,DEU.LRUNTTTT.STSA.Q,"Germany – Labour Force Survey - quarterly rates > Unemployment rate > Aged 15 and over > All persons – Level, rate or national currency, s.a. – Quarterly",1997-Q3,1997-07-01,10.0419106599213,10.0419106599213,DEU,LRUNTTTT,STSA,Q,Germany,Labour Force Survey - quarterly rates > Unemployment rate > Aged 15 and over > All persons,"Level, rate or national currency, s.a.",Quarterly
quarterly,OECD,MEI,Main Economic Indicators Publication,DEU.LRUNTTTT.STSA.Q,"Germany – Labour Force Survey - quarterly rates > Unemployment rate > Aged 15 and over > All persons – Level, rate or national currency, s.a. – Quarterly",1997-Q4,1997-10-01,10.0450035151831,10.0450035151831,DEU,LRUNTTTT,STSA,Q,Germany,Labour Force Survey - quarterly rates > Unemployment rate > Aged 15 and over > All persons,"Level, rate or national currency, s.a.",Quarterly
quarterly,OECD,MEI,Main Economic Indicators Publication,DEU.LRUNTTTT.STSA.Q,"Germany – Labour Force Survey - quarterly rates > Unemployment rate > Aged 15 and over > All persons – Level, rate or national currency, s.a. – Quarterly",1998-Q1,1998-01-01,9.7493933041744,9.7493933041744,DEU,LRUNTTTT,STSA,Q,Germany,Labour Force Survey - quarterly rates > Unemployment rate > Aged 15 and over > All persons,"Level, rate or national currency, s.a.",Quarterly
quarterly,OECD,MEI,Main Economic Indicators Publication,DEU.LRUNTTTT.STSA.Q,"Germany – Labour Force Survey - quarterly rates > Unemployment rate > Aged 15 and over > All persons – Level, rate or national currency, s.a. – Quarterly",1998-Q2,1998-04-01,9.41774698081851,9.41774698081851,DEU,LRUNTTTT,STSA,Q,Germany,Labour Force Survey - quarterly rates > Unemployment rate > Aged 15 and over > All persons,"Level, rate or national currency, s.a.",Quarterly
quarterly,OECD,MEI,Main Economic Indicators Publication,DEU.LRUNTTTT.STSA.Q,"Germany – Labour Force Survey - quarterly rates > Unemployment rate > Aged 15 and over > All persons – Level, rate or national currency, s.a. – Quarterly",1998-Q3,1998-07-01,9.10788273808886,9.10788273808886,DEU,LRUNTTTT,STSA,Q,Germany,Labour Force Survey - quarterly rates > Unemployment rate > Aged 15 and over > All persons,"Level, rate or national currency, s.a.",Quarterly
quarterly,OECD,MEI,Main Economic Indicators Publication,DEU.LRUNTTTT.STSA.Q,"Germany – Labour Force Survey - quarterly rates > Unemployment rate > Aged 15 and over > All persons – Level, rate or national currency, s.a. – Quarterly",1998-Q4,1998-10-01,8.87921373571753,8.87921373571753,DEU,LRUNTTTT,STSA,Q,Germany,Labour Force Survey - quarterly rates > Unemployment rate > Aged 15 and over > All persons,"Level, rate or national currency, s.a.",Quarterly
quarterly,OECD,MEI,Main Economic Indicators Publication,DEU.LRUNTTTT.STSA.Q,"Germany – Labour Force Survey - quarterly rates > Unemployment rate > Aged 15 and over > All persons – Level, rate or national currency, s.a. – Quarterly",1999-Q1,1999-01-01,8.65037910093826,8.65037910093826,DEU,LRUNTTTT,STSA,Q,Germany,Labour Force Survey - quarterly rates > Unemployment rate > Aged 15 and over > All persons,"Level, rate or national currency, s.a.",Quarterly
quarterly,OECD,MEI,Main Economic Indicators Publication,DEU.LRUNTTTT.STSA.Q,"Germany – Labour Force Survey - quarterly rates > Unemployment rate > Aged 15 and over > All persons – Level, rate or national currency, s.a. – Quarterly",1999-Q2,1999-04-01,8.57180761054429,8.57180761054429,DEU,LRUNTTTT,STSA,Q,Germany,Labour Force Survey - quarterly rates > Unemployment rate > Aged 15 and over > All persons,"Level, rate or national currency, s.a.",Quarterly
quarterly,OECD,MEI,Main Economic Indicators Publication,DEU.LRUNTTTT.STSA.Q,"Germany – Labour Force Survey - quarterly rates > Unemployment rate > Aged 15 and over > All persons – Level, rate or national currency, s.a. – Quarterly",1999-Q3,1999-07-01,8.41781566098656,8.41781566098656,DEU,LRUNTTTT,STSA,Q,Germany,Labour Force Survey - quarterly rates > Unemployment rate > Aged 15 and over > All persons,"Level, rate or national currency, s.a.",Quarterly
quarterly,OECD,MEI,Main Economic Indicators Publication,DEU.LRUNTTTT.STSA.Q,"Germany – Labour Force Survey - quarterly rates > Unemployment rate > Aged 15 and over > All persons – Level, rate or national currency, s.a. – Quarterly",1999-Q4,1999-10-01,8.21808818722824,8.21808818722824,DEU,LRUNTTTT,STSA,Q,Germany,Labour Force Survey - quarterly rates > Unemployment rate > Aged 15 and over > All persons,"Level, rate or national currency, s.a.",Quarterly
quarterly,OECD,MEI,Main Economic Indicators Publication,DEU.LRUNTTTT.STSA.Q,"Germany – Labour Force Survey - quarterly rates > Unemployment rate > Aged 15 and over > All persons – Level, rate or national currency, s.a. – Quarterly",2000-Q1,2000-01-01,8.03971932990089,8.03971932990089,DEU,LRUNTTTT,STSA,Q,Germany,Labour Force Survey - quarterly rates > Unemployment rate > Aged 15 and over > All persons,"Level, rate or national currency, s.a.",Quarterly
quarterly,OECD,MEI,Main Economic Indicators Publication,DEU.LRUNTTTT.STSA.Q,"Germany – Labour Force Survey - quarterly rates > Unemployment rate > Aged 15 and over > All persons – Level, rate or national currency, s.a. – Quarterly",2000-Q2,2000-04-01,7.84017658574683,7.84017658574683,DEU,LRUNTTTT,STSA,Q,Germany,Labour Force Survey - quarterly rates > Unemployment rate > Aged 15 and over > All persons,"Level, rate or national currency, s.a.",Quarterly
quarterly,OECD,MEI,Main Economic Indicators Publication,DEU.LRUNTTTT.STSA.Q,"Germany – Labour Force Survey - quarterly rates > Unemployment rate > Aged 15 and over > All persons – Level, rate or national currency, s.a. – Quarterly",2000-Q3,2000-07-01,7.71742869680762,7.71742869680762,DEU,LRUNTTTT,STSA,Q,Germany,Labour Force Survey - quarterly rates > Unemployment rate > Aged 15 and over > All persons,"Level, rate or national currency, s.a.",Quarterly
quarterly,OECD,MEI,Main Economic Indicators Publication,DEU.LRUNTTTT.STSA.Q,"Germany – Labour Force Survey - quarterly rates > Unemployment rate > Aged 15 and over > All persons – Level, rate or national currency, s.a. – Quarterly",2000-Q4,2000-10-01,7.60112212588784,7.60112212588784,DEU,LRUNTTTT,STSA,Q,Germany,Labour Force Survey - quarterly rates > Unemployment rate > Aged 15 and over > All persons,"Level, rate or national currency, s.a.",Quarterly
quarterly,OECD,MEI,Main Economic Indicators Publication,DEU.LRUNTTTT.STSA.Q,"Germany – Labour Force Survey - quarterly rates > Unemployment rate > Aged 15 and over > All persons – Level, rate or national currency, s.a. – Quarterly",2001-Q1,2001-01-01,7.68081477448145,7.68081477448145,DEU,LRUNTTTT,STSA,Q,Germany,Labour Force Survey - quarterly rates > Unemployment rate > Aged 15 and over > All persons,"Level, rate or national currency, s.a.",Quarterly
quarterly,OECD,MEI,Main Economic Indicators Publication,DEU.LRUNTTTT.STSA.Q,"Germany – Labour Force Survey - quarterly rates > Unemployment rate > Aged 15 and over > All persons – Level, rate or national currency, s.a. – Quarterly",2001-Q2,2001-04-01,7.75928149010527,7.75928149010527,DEU,LRUNTTTT,STSA,Q,Germany,Labour Force Survey - quarterly rates > Unemployment rate > Aged 15 and over > All persons,"Level, rate or national currency, s.a.",Quarterly
quarterly,OECD,MEI,Main Economic Indicators Publication,DEU.LRUNTTTT.STSA.Q,"Germany – Labour Force Survey - quarterly rates > Unemployment rate > Aged 15 and over > All persons – Level, rate or national currency, s.a. – Quarterly",2001-Q3,2001-07-01,7.92563925677853,7.92563925677853,DEU,LRUNTTTT,STSA,Q,Germany,Labour Force Survey - quarterly rates > Unemployment rate > Aged 15 and over > All persons,"Level, rate or national currency, s.a.",Quarterly
quarterly,OECD,MEI,Main Economic Indicators Publication,DEU.LRUNTTTT.STSA.Q,"Germany – Labour Force Survey - quarterly rates > Unemployment rate > Aged 15 and over > All persons – Level, rate or national currency, s.a. – Quarterly",2001-Q4,2001-10-01,8.15614178596228,8.15614178596228,DEU,LRUNTTTT,STSA,Q,Germany,Labour Force Survey - quarterly rates > Unemployment rate > Aged 15 and over > All persons,"Level, rate or national currency, s.a.",Quarterly
quarterly,OECD,MEI,Main Economic Indicators Publication,DEU.LRUNTTTT.STSA.Q,"Germany – Labour Force Survey - quarterly rates > Unemployment rate > Aged 15 and over > All persons – Level, rate or national currency, s.a. – Quarterly",2002-Q1,2002-01-01,8.2924008329534,8.2924008329534,DEU,LRUNTTTT,STSA,Q,Germany,Labour Force Survey - quarterly rates > Unemployment rate > Aged 15 and over > All persons,"Level, rate or national currency, s.a.",Quarterly
quarterly,OECD,MEI,Main Economic Indicators Publication,DEU.LRUNTTTT.STSA.Q,"Germany – Labour Force Survey - quarterly rates > Unemployment rate > Aged 15 and over > All persons – Level, rate or national currency, s.a. – Quarterly",2002-Q2,2002-04-01,8.53354674344854,8.53354674344854,DEU,LRUNTTTT,STSA,Q,Germany,Labour Force Survey - quarterly rates > Unemployment rate > Aged 15 and over > All persons,"Level, rate or national currency, s.a.",Quarterly
quarterly,OECD,MEI,Main Economic Indicators Publication,DEU.LRUNTTTT.STSA.Q,"Germany – Labour Force Survey - quarterly rates > Unemployment rate > Aged 15 and over > All persons – Level, rate or national currency, s.a. – Quarterly",2002-Q3,2002-07-01,8.83683890603115,8.83683890603115,DEU,LRUNTTTT,STSA,Q,Germany,Labour Force Survey - quarterly rates > Unemployment rate > Aged 15 and over > All persons,"Level, rate or national currency, s.a.",Quarterly
quarterly,OECD,MEI,Main Economic Indicators Publication,DEU.LRUNTTTT.STSA.Q,"Germany – Labour Force Survey - quarterly rates > Unemployment rate > Aged 15 and over > All persons – Level, rate or national currency, s.a. – Quarterly",2002-Q4,2002-10-01,9.15105122597664,9.15105122597664,DEU,LRUNTTTT,STSA,Q,Germany,Labour Force Survey - quarterly rates > Unemployment rate > Aged 15 and over > All persons,"Level, rate or national currency, s.a.",Quarterly
quarterly,OECD,MEI,Main Economic Indicators Publication,DEU.LRUNTTTT.STSA.Q,"Germany – Labour Force Survey - quarterly rates > Unemployment rate > Aged 15 and over > All persons – Level, rate or national currency, s.a. – Quarterly",2003-Q1,2003-01-01,9.52878905576483,9.52878905576483,DEU,LRUNTTTT,STSA,Q,Germany,Labour Force Survey - quarterly rates > Unemployment rate > Aged 15 and over > All persons,"Level, rate or national currency, s.a.",Quarterly
quarterly,OECD,MEI,Main Economic Indicators Publication,DEU.LRUNTTTT.STSA.Q,"Germany – Labour Force Survey - quarterly rates > Unemployment rate > Aged 15 and over > All persons – Level, rate or national currency, s.a. – Quarterly",2003-Q2,2003-04-01,9.72453589516122,9.72453589516122,DEU,LRUNTTTT,STSA,Q,Germany,Labour Force Survey - quarterly rates > Unemployment rate > Aged 15 and over > All persons,"Level, rate or national currency, s.a.",Quarterly
quarterly,OECD,MEI,Main Economic Indicators Publication,DEU.LRUNTTTT.STSA.Q,"Germany – Labour Force Survey - quarterly rates > Unemployment rate > Aged 15 and over > All persons – Level, rate or national currency, s.a. – Quarterly",2003-Q3,2003-07-01,9.7779463902863,9.7779463902863,DEU,LRUNTTTT,STSA,Q,Germany,Labour Force Survey - quarterly rates > Unemployment rate > Aged 15 and over > All persons,"Level, rate or national currency, s.a.",Quarterly
quarterly,OECD,MEI,Main Economic Indicators Publication,DEU.LRUNTTTT.STSA.Q,"Germany – Labour Force Survey - quarterly rates > Unemployment rate > Aged 15 and over > All persons – Level, rate or national currency, s.a. – Quarterly",2003-Q4,2003-10-01,9.74218062942334,9.74218062942334,DEU,LRUNTTTT,STSA,Q,Germany,Labour Force Survey - quarterly rates > Unemployment rate > Aged 15 and over > All persons,"Level, rate or national currency, s.a.",Quarterly
quarterly,OECD,MEI,Main Economic Indicators Publication,DEU.LRUNTTTT.STSA.Q,"Germany – Labour Force Survey - quarterly rates > Unemployment rate > Aged 15 and over > All persons – Level, rate or national currency, s.a. – Quarterly",2004-Q1,2004-01-01,9.71970683382038,9.71970683382038,DEU,LRUNTTTT,STSA,Q,Germany,Labour Force Survey - quarterly rates > Unemployment rate > Aged 15 and over > All persons,"Level, rate or national currency, s.a.",Quarterly
quarterly,OECD,MEI,Main Economic Indicators Publication,DEU.LRUNTTTT.STSA.Q,"Germany – Labour Force Survey - quarterly rates > Unemployment rate > Aged 15 and over > All persons – Level, rate or national currency, s.a. – Quarterly",2004-Q2,2004-04-01,9.68897006352809,9.68897006352809,DEU,LRUNTTTT,STSA,Q,Germany,Labour Force Survey - quarterly rates > Unemployment rate > Aged 15 and over > All persons,"Level, rate or national currency, s.a.",Quarterly
quarterly,OECD,MEI,Main Economic Indicators Publication,DEU.LRUNTTTT.STSA.Q,"Germany – Labour Force Survey - quarterly rates > Unemployment rate > Aged 15 and over > All persons – Level, rate or national currency, s.a. – Quarterly",2004-Q3,2004-07-01,9.92554752752272,9.92554752752272,DEU,LRUNTTTT,STSA,Q,Germany,Labour Force Survey - quarterly rates > Unemployment rate > Aged 15 and over > All persons,"Level, rate or national currency, s.a.",Quarterly
quarterly,OECD,MEI,Main Economic Indicators Publication,DEU.LRUNTTTT.STSA.Q,"Germany – Labour Force Survey - quarterly rates > Unemployment rate > Aged 15 and over > All persons – Level, rate or national currency, s.a. – Quarterly",2004-Q4,2004-10-01,10.0638036921673,10.0638036921673,DEU,LRUNTTTT,STSA,Q,Germany,Labour Force Survey - quarterly rates > Unemployment rate > Aged 15 and over > All persons,"Level, rate or national currency, s.a.",Quarterly
quarterly,OECD,MEI,Main Economic Indicators Publication,DEU.LRUNTTTT.STSA.Q,"Germany – Labour Force Survey - quarterly rates > Unemployment rate > Aged 15 and over > All persons – Level, rate or national currency, s.a. – Quarterly",2005-Q1,2005-01-01,10.8341379850843,10.8341379850843,DEU,LRUNTTTT,STSA,Q,Germany,Labour Force Survey - quarterly rates > Unemployment rate > Aged 15 and over > All persons,"Level, rate or national currency, s.a.",Quarterly
quarterly,OECD,MEI,Main Economic Indicators Publication,DEU.LRUNTTTT.STSA.Q,"Germany – Labour Force Survey - quarterly rates > Unemployment rate > Aged 15 and over > All persons – Level, rate or national currency, s.a. – Quarterly",2005-Q2,2005-04-01,11.2959286531004,11.2959286531004,DEU,LRUNTTTT,STSA,Q,Germany,Labour Force Survey - quarterly rates > Unemployment rate > Aged 15 and over > All persons,"Level, rate or national currency, s.a.",Quarterly
quarterly,OECD,MEI,Main Economic Indicators Publication,DEU.LRUNTTTT.STSA.Q,"Germany – Labour Force Survey - quarterly rates > Unemployment rate > Aged 15 and over > All persons – Level, rate or national currency, s.a. – Quarterly",2005-Q3,2005-07-01,11.339887477965,11.339887477965,DEU,LRUNTTTT,STSA,Q,Germany,Labour Force Survey - quarterly rates > Unemployment rate > Aged 15 and over > All persons,"Level, rate or national currency, s.a.",Quarterly
quarterly,OECD,MEI,Main Economic Indicators Publication,DEU.LRUNTTTT.STSA.Q,"Germany – Labour Force Survey - quarterly rates > Unemployment rate > Aged 15 and over > All persons – Level, rate or national currency, s.a. – Quarterly",2005-Q4,2005-10-01,11.195527782097,11.195527782097,DEU,LRUNTTTT,STSA,Q,Germany,Labour Force Survey - quarterly rates > Unemployment rate > Aged 15 and over > All persons,"Level, rate or national currency, s.a.",Quarterly
quarterly,OECD,MEI,Main Economic Indicators Publication,DEU.LRUNTTTT.STSA.Q,"Germany – Labour Force Survey - quarterly rates > Unemployment rate > Aged 15 and over > All persons – Level, rate or national currency, s.a. – Quarterly",2006-Q1,2006-01-01,10.8032639743277,10.8032639743277,DEU,LRUNTTTT,STSA,Q,Germany,Labour Force Survey - quarterly rates > Unemployment rate > Aged 15 and over > All persons,"Level, rate or national currency, s.a.",Quarterly
quarterly,OECD,MEI,Main Economic Indicators Publication,DEU.LRUNTTTT.STSA.Q,"Germany – Labour Force Survey - quarterly rates > Unemployment rate > Aged 15 and over > All persons – Level, rate or national currency, s.a. – Quarterly",2006-Q2,2006-04-01,10.353017020376,10.353017020376,DEU,LRUNTTTT,STSA,Q,Germany,Labour Force Survey - quarterly rates > Unemployment rate > Aged 15 and over > All persons,"Level, rate or national currency, s.a.",Quarterly
quarterly,OECD,MEI,Main Economic Indicators Publication,DEU.LRUNTTTT.STSA.Q,"Germany – Labour Force Survey - quarterly rates > Unemployment rate > Aged 15 and over > All persons – Level, rate or national currency, s.a. – Quarterly",2006-Q3,2006-07-01,9.96532155202146,9.96532155202146,DEU,LRUNTTTT,STSA,Q,Germany,Labour Force Survey - quarterly rates > Unemployment rate > Aged 15 and over > All persons,"Level, rate or national currency, s.a.",Quarterly
quarterly,OECD,MEI,Main Economic Indicators Publication,DEU.LRUNTTTT.STSA.Q,"Germany – Labour Force Survey - quarterly rates > Unemployment rate > Aged 15 and over > All persons – Level, rate or national currency, s.a. – Quarterly",2006-Q4,2006-10-01,9.88143747101157,9.88143747101157,DEU,LRUNTTTT,STSA,Q,Germany,Labour Force Survey - quarterly rates > Unemployment rate > Aged 15 and over > All persons,"Level, rate or national currency, s.a.",Quarterly
quarterly,OECD,MEI,Main Economic Indicators Publication,DEU.LRUNTTTT.STSA.Q,"Germany – Labour Force Survey - quarterly rates > Unemployment rate > Aged 15 and over > All persons – Level, rate or national currency, s.a. – Quarterly",2007-Q1,2007-01-01,9.08929733631184,9.08929733631184,DEU,LRUNTTTT,STSA,Q,Germany,Labour Force Survey - quarterly rates > Unemployment rate > Aged 15 and over > All persons,"Level, rate or national currency, s.a.",Quarterly
quarterly,OECD,MEI,Main Economic Indicators Publication,DEU.LRUNTTTT.STSA.Q,"Germany – Labour Force Survey - quarterly rates > Unemployment rate > Aged 15 and over > All persons – Level, rate or national currency, s.a. – Quarterly",2007-Q2,2007-04-01,8.7234394499786,8.7234394499786,DEU,LRUNTTTT,STSA,Q,Germany,Labour Force Survey - quarterly rates > Unemployment rate > Aged 15 and over > All persons,"Level, rate or national currency, s.a.",Quarterly
quarterly,OECD,MEI,Main Economic Indicators Publication,DEU.LRUNTTTT.STSA.Q,"Germany – Labour Force Survey - quarterly rates > Unemployment rate > Aged 15 and over > All persons – Level, rate or national currency, s.a. – Quarterly",2007-Q3,2007-07-01,8.52883118622178,8.52883118622178,DEU,LRUNTTTT,STSA,Q,Germany,Labour Force Survey - quarterly rates > Unemployment rate > Aged 15 and over > All persons,"Level, rate or national currency, s.a.",Quarterly
quarterly,OECD,MEI,Main Economic Indicators Publication,DEU.LRUNTTTT.STSA.Q,"Germany – Labour Force Survey - quarterly rates > Unemployment rate > Aged 15 and over > All persons – Level, rate or national currency, s.a. – Quarterly",2007-Q4,2007-10-01,8.2948511797682,8.2948511797682,DEU,LRUNTTTT,STSA,Q,Germany,Labour Force Survey - quarterly rates > Unemployment rate > Aged 15 and over > All persons,"Level, rate or national currency, s.a.",Quarterly
quarterly,OECD,MEI,Main Economic Indicators Publication,DEU.LRUNTTTT.STSA.Q,"Germany – Labour Force Survey - quarterly rates > Unemployment rate > Aged 15 and over > All persons – Level, rate or national currency, s.a. – Quarterly",2008-Q1,2008-01-01,7.80698731456953,7.80698731456953,DEU,LRUNTTTT,STSA,Q,Germany,Labour Force Survey - quarterly rates > Unemployment rate > Aged 15 and over > All persons,"Level, rate or national currency, s.a.",Quarterly
quarterly,OECD,MEI,Main Economic Indicators Publication,DEU.LRUNTTTT.STSA.Q,"Germany – Labour Force Survey - quarterly rates > Unemployment rate > Aged 15 and over > All persons – Level, rate or national currency, s.a. – Quarterly",2008-Q2,2008-04-01,7.76927624285052,7.76927624285052,DEU,LRUNTTTT,STSA,Q,Germany,Labour Force Survey - quarterly rates > Unemployment rate > Aged 15 and over > All persons,"Level, rate or national currency, s.a.",Quarterly
quarterly,OECD,MEI,Main Economic Indicators Publication,DEU.LRUNTTTT.STSA.Q,"Germany – Labour Force Survey - quarterly rates > Unemployment rate > Aged 15 and over > All persons – Level, rate or national currency, s.a. – Quarterly",2008-Q3,2008-07-01,7.28311718630988,7.28311718630988,DEU,LRUNTTTT,STSA,Q,Germany,Labour Force Survey - quarterly rates > Unemployment rate > Aged 15 and over > All persons,"Level, rate or national currency, s.a.",Quarterly
quarterly,OECD,MEI,Main Economic Indicators Publication,DEU.LRUNTTTT.STSA.Q,"Germany – Labour Force Survey - quarterly rates > Unemployment rate > Aged 15 and over > All persons – Level, rate or national currency, s.a. – Quarterly",2008-Q4,2008-10-01,7.24232421934602,7.24232421934602,DEU,LRUNTTTT,STSA,Q,Germany,Labour Force Survey - quarterly rates > Unemployment rate > Aged 15 and over > All persons,"Level, rate or national currency, s.a.",Quarterly
quarterly,OECD,MEI,Main Economic Indicators Publication,DEU.LRUNTTTT.STSA.Q,"Germany – Labour Force Survey - quarterly rates > Unemployment rate > Aged 15 and over > All persons – Level, rate or national currency, s.a. – Quarterly",2009-Q1,2009-01-01,7.77851432146886,7.77851432146886,DEU,LRUNTTTT,STSA,Q,Germany,Labour Force Survey - quarterly rates > Unemployment rate > Aged 15 and over > All persons,"Level, rate or national currency, s.a.",Quarterly
quarterly,OECD,MEI,Main Economic Indicators Publication,DEU.LRUNTTTT.STSA.Q,"Germany – Labour Force Survey - quarterly rates > Unemployment rate > Aged 15 and over > All persons – Level, rate or national currency, s.a. – Quarterly",2009-Q2,2009-04-01,7.85334410700819,7.85334410700819,DEU,LRUNTTTT,STSA,Q,Germany,Labour Force Survey - quarterly rates > Unemployment rate > Aged 15 and over > All persons,"Level, rate or national currency, s.a.",Quarterly
quarterly,OECD,MEI,Main Economic Indicators Publication,DEU.LRUNTTTT.STSA.Q,"Germany – Labour Force Survey - quarterly rates > Unemployment rate > Aged 15 and over > All persons – Level, rate or national currency, s.a. – Quarterly",2009-Q3,2009-07-01,7.87139652986456,7.87139652986456,DEU,LRUNTTTT,STSA,Q,Germany,Labour Force Survey - quarterly rates > Unemployment rate > Aged 15 and over > All persons,"Level, rate or national currency, s.a.",Quarterly
quarterly,OECD,MEI,Main Economic Indicators Publication,DEU.LRUNTTTT.STSA.Q,"Germany – Labour Force Survey - quarterly rates > Unemployment rate > Aged 15 and over > All persons – Level, rate or national currency, s.a. – Quarterly",2009-Q4,2009-10-01,7.46603624151496,7.46603624151496,DEU,LRUNTTTT,STSA,Q,Germany,Labour Force Survey - quarterly rates > Unemployment rate > Aged 15 and over > All persons,"Level, rate or national currency, s.a.",Quarterly
quarterly,OECD,MEI,Main Economic Indicators Publication,DEU.LRUNTTTT.STSA.Q,"Germany – Labour Force Survey - quarterly rates > Unemployment rate > Aged 15 and over > All persons – Level, rate or national currency, s.a. – Quarterly",2010-Q1,2010-01-01,7.49228968937845,7.49228968937845,DEU,LRUNTTTT,STSA,Q,Germany,Labour Force Survey - quarterly rates > Unemployment rate > Aged 15 and over > All persons,"Level, rate or national currency, s.a.",Quarterly
quarterly,OECD,MEI,Main Economic Indicators Publication,DEU.LRUNTTTT.STSA.Q,"Germany – Labour Force Survey - quarterly rates > Unemployment rate > Aged 15 and over > All persons – Level, rate or national currency, s.a. – Quarterly",2010-Q2,2010-04-01,7.04459869927123,7.04459869927123,DEU,LRUNTTTT,STSA,Q,Germany,Labour Force Survey - quarterly rates > Unemployment rate > Aged 15 and over > All persons,"Level, rate or national currency, s.a.",Quarterly
quarterly,OECD,MEI,Main Economic Indicators Publication,DEU.LRUNTTTT.STSA.Q,"Germany – Labour Force Survey - quarterly rates > Unemployment rate > Aged 15 and over > All persons – Level, rate or national currency, s.a. – Quarterly",2010-Q3,2010-07-01,6.71365464561453,6.71365464561453,DEU,LRUNTTTT,STSA,Q,Germany,Labour Force Survey - quarterly rates > Unemployment rate > Aged 15 and over > All persons,"Level, rate or national currency, s.a.",Quarterly
quarterly,OECD,MEI,Main Economic Indicators Publication,DEU.LRUNTTTT.STSA.Q,"Germany – Labour Force Survey - quarterly rates > Unemployment rate > Aged 15 and over > All persons – Level, rate or national currency, s.a. – Quarterly",2010-Q4,2010-10-01,6.6159088153865,6.6159088153865,DEU,LRUNTTTT,STSA,Q,Germany,Labour Force Survey - quarterly rates > Unemployment rate > Aged 15 and over > All persons,"Level, rate or national currency, s.a.",Quarterly
quarterly,OECD,MEI,Main Economic Indicators Publication,DEU.LRUNTTTT.STSA.Q,"Germany – Labour Force Survey - quarterly rates > Unemployment rate > Aged 15 and over > All persons – Level, rate or national currency, s.a. – Quarterly",2011-Q1,2011-01-01,6.19173134116339,6.19173134116339,DEU,LRUNTTTT,STSA,Q,Germany,Labour Force Survey - quarterly rates > Unemployment rate > Aged 15 and over > All persons,"Level, rate or national currency, s.a.",Quarterly
quarterly,OECD,MEI,Main Economic Indicators Publication,DEU.LRUNTTTT.STSA.Q,"Germany – Labour Force Survey - quarterly rates > Unemployment rate > Aged 15 and over > All persons – Level, rate or national currency, s.a. – Quarterly",2011-Q2,2011-04-01,5.86640678621151,5.86640678621151,DEU,LRUNTTTT,STSA,Q,Germany,Labour Force Survey - quarterly rates > Unemployment rate > Aged 15 and over > All persons,"Level, rate or national currency, s.a.",Quarterly
quarterly,OECD,MEI,Main Economic Indicators Publication,DEU.LRUNTTTT.STSA.Q,"Germany – Labour Force Survey - quarterly rates > Unemployment rate > Aged 15 and over > All persons – Level, rate or national currency, s.a. – Quarterly",2011-Q3,2011-07-01,5.74332720975059,5.74332720975059,DEU,LRUNTTTT,STSA,Q,Germany,Labour Force Survey - quarterly rates > Unemployment rate > Aged 15 and over > All persons,"Level, rate or national currency, s.a.",Quarterly
quarterly,OECD,MEI,Main Economic Indicators Publication,DEU.LRUNTTTT.STSA.Q,"Germany – Labour Force Survey - quarterly rates > Unemployment rate > Aged 15 and over > All persons – Level, rate or national currency, s.a. – Quarterly",2011-Q4,2011-10-01,5.50098404254641,5.50098404254641,DEU,LRUNTTTT,STSA,Q,Germany,Labour Force Survey - quarterly rates > Unemployment rate > Aged 15 and over > All persons,"Level, rate or national currency, s.a.",Quarterly
quarterly,OECD,MEI,Main Economic Indicators Publication,DEU.LRUNTTTT.STSA.Q,"Germany – Labour Force Survey - quarterly rates > Unemployment rate > Aged 15 and over > All persons – Level, rate or national currency, s.a. – Quarterly",2012-Q1,2012-01-01,5.42538391545433,5.42538391545433,DEU,LRUNTTTT,STSA,Q,Germany,Labour Force Survey - quarterly rates > Unemployment rate > Aged 15 and over > All persons,"Level, rate or national currency, s.a.",Quarterly
quarterly,OECD,MEI,Main Economic Indicators Publication,DEU.LRUNTTTT.STSA.Q,"Germany – Labour Force Survey - quarterly rates > Unemployment rate > Aged 15 and over > All persons – Level, rate or national currency, s.a. – Quarterly",2012-Q2,2012-04-01,5.37504066344994,5.37504066344994,DEU,LRUNTTTT,STSA,Q,Germany,Labour Force Survey - quarterly rates > Unemployment rate > Aged 15 and over > All persons,"Level, rate or national currency, s.a.",Quarterly
quarterly,OECD,MEI,Main Economic Indicators Publication,DEU.LRUNTTTT.STSA.Q,"Germany – Labour Force Survey - quarterly rates > Unemployment rate > Aged 15 and over > All persons – Level, rate or national currency, s.a. – Quarterly",2012-Q3,2012-07-01,5.3607576135999,5.3607576135999,DEU,LRUNTTTT,STSA,Q,Germany,Labour Force Survey - quarterly rates > Unemployment rate > Aged 15 and over > All persons,"Level, rate or national currency, s.a.",Quarterly
quarterly,OECD,MEI,Main Economic Indicators Publication,DEU.LRUNTTTT.STSA.Q,"Germany – Labour Force Survey - quarterly rates > Unemployment rate > Aged 15 and over > All persons – Level, rate or national currency, s.a. – Quarterly",2012-Q4,2012-10-01,5.35678838272944,5.35678838272944,DEU,LRUNTTTT,STSA,Q,Germany,Labour Force Survey - quarterly rates > Unemployment rate > Aged 15 and over > All persons,"Level, rate or national currency, s.a.",Quarterly
quarterly,OECD,MEI,Main Economic Indicators Publication,DEU.LRUNTTTT.STSA.Q,"Germany – Labour Force Survey - quarterly rates > Unemployment rate > Aged 15 and over > All persons – Level, rate or national currency, s.a. – Quarterly",2013-Q1,2013-01-01,5.33953053078527,5.33953053078527,DEU,LRUNTTTT,STSA,Q,Germany,Labour Force Survey - quarterly rates > Unemployment rate > Aged 15 and over > All persons,"Level, rate or national currency, s.a.",Quarterly
quarterly,OECD,MEI,Main Economic Indicators Publication,DEU.LRUNTTTT.STSA.Q,"Germany – Labour Force Survey - quarterly rates > Unemployment rate > Aged 15 and over > All persons – Level, rate or national currency, s.a. – Quarterly",2013-Q2,2013-04-01,5.26134366200613,5.26134366200613,DEU,LRUNTTTT,STSA,Q,Germany,Labour Force Survey - quarterly rates > Unemployment rate > Aged 15 and over > All persons,"Level, rate or national currency, s.a.",Quarterly
quarterly,OECD,MEI,Main Economic Indicators Publication,DEU.LRUNTTTT.STSA.Q,"Germany – Labour Force Survey - quarterly rates > Unemployment rate > Aged 15 and over > All persons – Level, rate or national currency, s.a. – Quarterly",2013-Q3,2013-07-01,5.16260484846637,5.16260484846637,DEU,LRUNTTTT,STSA,Q,Germany,Labour Force Survey - quarterly rates > Unemployment rate > Aged 15 and over > All persons,"Level, rate or national currency, s.a.",Quarterly
quarterly,OECD,MEI,Main Economic Indicators Publication,DEU.LRUNTTTT.STSA.Q,"Germany – Labour Force Survey - quarterly rates > Unemployment rate > Aged 15 and over > All persons – Level, rate or national currency, s.a. – Quarterly",2013-Q4,2013-10-01,5.16036208209556,5.16036208209556,DEU,LRUNTTTT,STSA,Q,Germany,Labour Force Survey - quarterly rates > Unemployment rate > Aged 15 and over > All persons,"Level, rate or national currency, s.a.",Quarterly
quarterly,OECD,MEI,Main Economic Indicators Publication,DEU.LRUNTTTT.STSA.Q,"Germany – Labour Force Survey - quarterly rates > Unemployment rate > Aged 15 and over > All persons – Level, rate or national currency, s.a. – Quarterly",2014-Q1,2014-01-01,5.10671959494501,5.10671959494501,DEU,LRUNTTTT,STSA,Q,Germany,Labour Force Survey - quarterly rates > Unemployment rate > Aged 15 and over > All persons,"Level, rate or national currency, s.a.",Quarterly
quarterly,OECD,MEI,Main Economic Indicators Publication,DEU.LRUNTTTT.STSA.Q,"Germany – Labour Force Survey - quarterly rates > Unemployment rate > Aged 15 and over > All persons – Level, rate or national currency, s.a. – Quarterly",2014-Q2,2014-04-01,4.949937932243,4.949937932243,DEU,LRUNTTTT,STSA,Q,Germany,Labour Force Survey - quarterly rates > Unemployment rate > Aged 15 and over > All persons,"Level, rate or national currency, s.a.",Quarterly
quarterly,OECD,MEI,Main Economic Indicators Publication,DEU.LRUNTTTT.STSA.Q,"Germany – Labour Force Survey - quarterly rates > Unemployment rate > Aged 15 and over > All persons – Level, rate or national currency, s.a. – Quarterly",2014-Q3,2014-07-01,4.94065792022422,4.94065792022422,DEU,LRUNTTTT,STSA,Q,Germany,Labour Force Survey - quarterly rates > Unemployment rate > Aged 15 and over > All persons,"Level, rate or national currency, s.a.",Quarterly
quarterly,OECD,MEI,Main Economic Indicators Publication,DEU.LRUNTTTT.STSA.Q,"Germany – Labour Force Survey - quarterly rates > Unemployment rate > Aged 15 and over > All persons – Level, rate or national currency, s.a. – Quarterly",2014-Q4,2014-10-01,4.92648862869134,4.92648862869134,DEU,LRUNTTTT,STSA,Q,Germany,Labour Force Survey - quarterly rates > Unemployment rate > Aged 15 and over > All persons,"Level, rate or national currency, s.a.",Quarterly
quarterly,OECD,MEI,Main Economic Indicators Publication,DEU.LRUNTTTT.STSA.Q,"Germany – Labour Force Survey - quarterly rates > Unemployment rate > Aged 15 and over > All persons – Level, rate or national currency, s.a. – Quarterly",2015-Q1,2015-01-01,4.75176652008965,4.75176652008965,DEU,LRUNTTTT,STSA,Q,Germany,Labour Force Survey - quarterly rates > Unemployment rate > Aged 15 and over > All persons,"Level, rate or national currency, s.a.",Quarterly
quarterly,OECD,MEI,Main Economic Indicators Publication,DEU.LRUNTTTT.STSA.Q,"Germany – Labour Force Survey - quarterly rates > Unemployment rate > Aged 15 and over > All persons – Level, rate or national currency, s.a. – Quarterly",2015-Q2,2015-04-01,4.68359374397524,4.68359374397524,DEU,LRUNTTTT,STSA,Q,Germany,Labour Force Survey - quarterly rates > Unemployment rate > Aged 15 and over > All persons,"Level, rate or national currency, s.a.",Quarterly
quarterly,OECD,MEI,Main Economic Indicators Publication,DEU.LRUNTTTT.STSA.Q,"Germany – Labour Force Survey - quarterly rates > Unemployment rate > Aged 15 and over > All persons – Level, rate or national currency, s.a. – Quarterly",2015-Q3,2015-07-01,4.47253334628267,4.47253334628267,DEU,LRUNTTTT,STSA,Q,Germany,Labour Force Survey - quarterly rates > Unemployment rate > Aged 15 and over > All persons,"Level, rate or national currency, s.a.",Quarterly
quarterly,OECD,MEI,Main Economic Indicators Publication,DEU.LRUNTTTT.STSA.Q,"Germany – Labour Force Survey - quarterly rates > Unemployment rate > Aged 15 and over > All persons – Level, rate or national currency, s.a. – Quarterly",2015-Q4,2015-10-01,4.58981585076312,4.58981585076312,DEU,LRUNTTTT,STSA,Q,Germany,Labour Force Survey - quarterly rates > Unemployment rate > Aged 15 and over > All persons,"Level, rate or national currency, s.a.",Quarterly
quarterly,OECD,MEI,Main Economic Indicators Publication,DEU.LRUNTTTT.STSA.Q,"Germany – Labour Force Survey - quarterly rates > Unemployment rate > Aged 15 and over > All persons – Level, rate or national currency, s.a. – Quarterly",2016-Q1,2016-01-01,4.3236801503818,4.3236801503818,DEU,LRUNTTTT,STSA,Q,Germany,Labour Force Survey - quarterly rates > Unemployment rate > Aged 15 and over > All persons,"Level, rate or national currency, s.a.",Quarterly
quarterly,OECD,MEI,Main Economic Indicators Publication,DEU.LRUNTTTT.STSA.Q,"Germany – Labour Force Survey - quarterly rates > Unemployment rate > Aged 15 and over > All persons – Level, rate or national currency, s.a. – Quarterly",2016-Q2,2016-04-01,4.19648682191445,4.19648682191445,DEU,LRUNTTTT,STSA,Q,Germany,Labour Force Survey - quarterly rates > Unemployment rate > Aged 15 and over > All persons,"Level, rate or national currency, s.a.",Quarterly
quarterly,OECD,MEI,Main Economic Indicators Publication,DEU.LRUNTTTT.STSA.Q,"Germany – Labour Force Survey - quarterly rates > Unemployment rate > Aged 15 and over > All persons – Level, rate or national currency, s.a. – Quarterly",2016-Q3,2016-07-01,4.07634275798625,4.07634275798625,DEU,LRUNTTTT,STSA,Q,Germany,Labour Force Survey - quarterly rates > Unemployment rate > Aged 15 and over > All persons,"Level, rate or national currency, s.a.",Quarterly
quarterly,OECD,MEI,Main Economic Indicators Publication,DEU.LRUNTTTT.STSA.Q,"Germany – Labour Force Survey - quarterly rates > Unemployment rate > Aged 15 and over > All persons – Level, rate or national currency, s.a. – Quarterly",2016-Q4,2016-10-01,3.89163424722967,3.89163424722967,DEU,LRUNTTTT,STSA,Q,Germany,Labour Force Survey - quarterly rates > Unemployment rate > Aged 15 and over > All persons,"Level, rate or national currency, s.a.",Quarterly
quarterly,OECD,MEI,Main Economic Indicators Publication,DEU.LRUNTTTT.STSA.Q,"Germany – Labour Force Survey - quarterly rates > Unemployment rate > Aged 15 and over > All persons – Level, rate or national currency, s.a. – Quarterly",2017-Q1,2017-01-01,3.89719258546549,3.89719258546549,DEU,LRUNTTTT,STSA,Q,Germany,Labour Force Survey - quarterly rates > Unemployment rate > Aged 15 and over > All persons,"Level, rate or national currency, s.a.",Quarterly
quarterly,OECD,MEI,Main Economic Indicators Publication,DEU.LRUNTTTT.STSA.Q,"Germany – Labour Force Survey - quarterly rates > Unemployment rate > Aged 15 and over > All persons – Level, rate or national currency, s.a. – Quarterly",2017-Q2,2017-04-01,3.75018434149443,3.75018434149443,DEU,LRUNTTTT,STSA,Q,Germany,Labour Force Survey - quarterly rates > Unemployment rate > Aged 15 and over > All persons,"Level, rate or national currency, s.a.",Quarterly
quarterly,OECD,MEI,Main Economic Indicators Publication,DEU.LRUNTTTT.STSA.Q,"Germany – Labour Force Survey - quarterly rates > Unemployment rate > Aged 15 and over > All persons – Level, rate or national currency, s.a. – Quarterly",2017-Q3,2017-07-01,3.69594169184836,3.69594169184836,DEU,LRUNTTTT,STSA,Q,Germany,Labour Force Survey - quarterly rates > Unemployment rate > Aged 15 and over > All persons,"Level, rate or national currency, s.a.",Quarterly
quarterly,OECD,MEI,Main Economic Indicators Publication,DEU.LRUNTTTT.STSA.Q,"Germany – Labour Force Survey - quarterly rates > Unemployment rate > Aged 15 and over > All persons – Level, rate or national currency, s.a. – Quarterly",2017-Q4,2017-10-01,3.63950716647548,3.63950716647548,DEU,LRUNTTTT,STSA,Q,Germany,Labour Force Survey - quarterly rates > Unemployment rate > Aged 15 and over > All persons,"Level, rate or national currency, s.a.",Quarterly
quarterly,OECD,MEI,Main Economic Indicators Publication,DEU.LRUNTTTT.STSA.Q,"Germany – Labour Force Survey - quarterly rates > Unemployment rate > Aged 15 and over > All persons – Level, rate or national currency, s.a. – Quarterly",2018-Q1,2018-01-01,3.45917879762475,3.45917879762475,DEU,LRUNTTTT,STSA,Q,Germany,Labour Force Survey - quarterly rates > Unemployment rate > Aged 15 and over > All persons,"Level, rate or national currency, s.a.",Quarterly
quarterly,OECD,MEI,Main Economic Indicators Publication,DEU.LRUNTTTT.STSA.Q,"Germany – Labour Force Survey - quarterly rates > Unemployment rate > Aged 15 and over > All persons – Level, rate or national currency, s.a. – Quarterly",2018-Q2,2018-04-01,3.46288126956101,3.46288126956101,DEU,LRUNTTTT,STSA,Q,Germany,Labour Force Survey - quarterly rates > Unemployment rate > Aged 15 and over > All persons,"Level, rate or national currency, s.a.",Quarterly
quarterly,OECD,MEI,Main Economic Indicators Publication,DEU.LRUNTTTT.STSA.Q,"Germany – Labour Force Survey - quarterly rates > Unemployment rate > Aged 15 and over > All persons – Level, rate or national currency, s.a. – Quarterly",2018-Q3,2018-07-01,3.33560600707887,3.33560600707887,DEU,LRUNTTTT,STSA,Q,Germany,Labour Force Survey - quarterly rates > Unemployment rate > Aged 15 and over > All persons,"Level, rate or national currency, s.a.",Quarterly
quarterly,OECD,MEI,Main Economic Indicators Publication,DEU.LRUNTTTT.STSA.Q,"Germany – Labour Force Survey - quarterly rates > Unemployment rate > Aged 15 and over > All persons – Level, rate or national currency, s.a. – Quarterly",2018-Q4,2018-10-01,3.27679625070436,3.27679625070436,DEU,LRUNTTTT,STSA,Q,Germany,Labour Force Survey - quarterly rates > Unemployment rate > Aged 15 and over > All persons,"Level, rate or national currency, s.a.",Quarterly
quarterly,OECD,MEI,Main Economic Indicators Publication,DEU.LRUNTTTT.STSA.Q,"Germany – Labour Force Survey - quarterly rates > Unemployment rate > Aged 15 and over > All persons – Level, rate or national currency, s.a. – Quarterly",2019-Q1,2019-01-01,3.19614903065048,3.19614903065048,DEU,LRUNTTTT,STSA,Q,Germany,Labour Force Survey - quarterly rates > Unemployment rate > Aged 15 and over > All persons,"Level, rate or national currency, s.a.",Quarterly
quarterly,OECD,MEI,Main Economic Indicators Publication,DEU.LRUNTTTT.STSA.Q,"Germany – Labour Force Survey - quarterly rates > Unemployment rate > Aged 15 and over > All persons – Level, rate or national currency, s.a. – Quarterly",2019-Q2,2019-04-01,3.09304883889921,3.09304883889921,DEU,LRUNTTTT,STSA,Q,Germany,Labour Force Survey - quarterly rates > Unemployment rate > Aged 15 and over > All persons,"Level, rate or national currency, s.a.",Quarterly
quarterly,OECD,MEI,Main Economic Indicators Publication,DEU.LRUNTTTT.STSA.Q,"Germany – Labour Force Survey - quarterly rates > Unemployment rate > Aged 15 and over > All persons – Level, rate or national currency, s.a. – Quarterly",2019-Q3,2019-07-01,3.07486118724558,3.07486118724558,DEU,LRUNTTTT,STSA,Q,Germany,Labour Force Survey - quarterly rates > Unemployment rate > Aged 15 and over > All persons,"Level, rate or national currency, s.a.",Quarterly
quarterly,OECD,MEI,Main Economic Indicators Publication,DEU.LRUNTTTT.STSA.Q,"Germany – Labour Force Survey - quarterly rates > Unemployment rate > Aged 15 and over > All persons – Level, rate or national currency, s.a. – Quarterly",2019-Q4,2019-10-01,3.18142983800205,3.18142983800205,DEU,LRUNTTTT,STSA,Q,Germany,Labour Force Survey - quarterly rates > Unemployment rate > Aged 15 and over > All persons,"Level, rate or national currency, s.a.",Quarterly
quarterly,OECD,MEI,Main Economic Indicators Publication,DEU.LRUNTTTT.STSA.Q,"Germany – Labour Force Survey - quarterly rates > Unemployment rate > Aged 15 and over > All persons – Level, rate or national currency, s.a. – Quarterly",2020-Q1,2020-01-01,3.50998255484821,3.50998255484821,DEU,LRUNTTTT,STSA,Q,Germany,Labour Force Survey - quarterly rates > Unemployment rate > Aged 15 and over > All persons,"Level, rate or national currency, s.a.",Quarterly
quarterly,OECD,MEI,Main Economic Indicators Publication,DEU.LRUNTTTT.STSA.Q,"Germany – Labour Force Survey - quarterly rates > Unemployment rate > Aged 15 and over > All persons – Level, rate or national currency, s.a. – Quarterly",2020-Q2,2020-04-01,3.84918387186456,3.84918387186456,DEU,LRUNTTTT,STSA,Q,Germany,Labour Force Survey - quarterly rates > Unemployment rate > Aged 15 and over > All persons,"Level, rate or national currency, s.a.",Quarterly
quarterly,OECD,MEI,Main Economic Indicators Publication,DEU.LRUNTTTT.STSA.Q,"Germany – Labour Force Survey - quarterly rates > Unemployment rate > Aged 15 and over > All persons – Level, rate or national currency, s.a. – Quarterly",2020-Q3,2020-07-01,4.05285547457242,4.05285547457242,DEU,LRUNTTTT,STSA,Q,Germany,Labour Force Survey - quarterly rates > Unemployment rate > Aged 15 and over > All persons,"Level, rate or national currency, s.a.",Quarterly
quarterly,OECD,MEI,Main Economic Indicators Publication,DEU.LRUNTTTT.STSA.Q,"Germany – Labour Force Survey - quarterly rates > Unemployment rate > Aged 15 and over > All persons – Level, rate or national currency, s.a. – Quarterly",2020-Q4,2020-10-01,3.82612301121555,3.82612301121555,DEU,LRUNTTTT,STSA,Q,Germany,Labour Force Survey - quarterly rates > Unemployment rate > Aged 15 and over > All persons,"Level, rate or national currency, s.a.",Quarterly
quarterly,OECD,MEI,Main Economic Indicators Publication,DEU.LRUNTTTT.STSA.Q,"Germany – Labour Force Survey - quarterly rates > Unemployment rate > Aged 15 and over > All persons – Level, rate or national currency, s.a. – Quarterly",2021-Q1,2021-01-01,4.00093930088418,4.00093930088418,DEU,LRUNTTTT,STSA,Q,Germany,Labour Force Survey - quarterly rates > Unemployment rate > Aged 15 and over > All persons,"Level, rate or national currency, s.a.",Quarterly
quarterly,OECD,MEI,Main Economic Indicators Publication,DEU.LRUNTTTT.STSA.Q,"Germany – Labour Force Survey - quarterly rates > Unemployment rate > Aged 15 and over > All persons – Level, rate or national currency, s.a. – Quarterly",2021-Q2,2021-04-01,3.75749102105014,3.75749102105014,DEU,LRUNTTTT,STSA,Q,Germany,Labour Force Survey - quarterly rates > Unemployment rate > Aged 15 and over > All persons,"Level, rate or national currency, s.a.",Quarterly
quarterly,OECD,MEI,Main Economic Indicators Publication,DEU.LRUNTTTT.STSA.Q,"Germany – Labour Force Survey - quarterly rates > Unemployment rate > Aged 15 and over > All persons – Level, rate or national currency, s.a. – Quarterly",2021-Q3,2021-07-01,3.41916938667826,3.41916938667826,DEU,LRUNTTTT,STSA,Q,Germany,Labour Force Survey - quarterly rates > Unemployment rate > Aged 15 and over > All persons,"Level, rate or national currency, s.a.",Quarterly
quarterly,OECD,MEI,Main Economic Indicators Publication,DEU.LRUNTTTT.STSA.Q,"Germany – Labour Force Survey - quarterly rates > Unemployment rate > Aged 15 and over > All persons – Level, rate or national currency, s.a. – Quarterly",2021-Q4,2021-10-01,3.37434079562986,3.37434079562986,DEU,LRUNTTTT,STSA,Q,Germany,Labour Force Survey - quarterly rates > Unemployment rate > Aged 15 and over > All persons,"Level, rate or national currency, s.a.",Quarterly
quarterly,OECD,MEI,Main Economic Indicators Publication,DEU.LRUNTTTT.STSA.Q,"Germany – Labour Force Survey - quarterly rates > Unemployment rate > Aged 15 and over > All persons – Level, rate or national currency, s.a. – Quarterly",2022-Q1,2022-01-01,3.16645335099778,3.16645335099778,DEU,LRUNTTTT,STSA,Q,Germany,Labour Force Survey - quarterly rates > Unemployment rate > Aged 15 and over > All persons,"Level, rate or national currency, s.a.",Quarterly
quarterly,OECD,MEI,Main Economic Indicators Publication,DEU.LRUNTTTT.STSA.Q,"Germany – Labour Force Survey - quarterly rates > Unemployment rate > Aged 15 and over > All persons – Level, rate or national currency, s.a. – Quarterly",2022-Q2,2022-04-01,3.13454089025466,3.13454089025466,DEU,LRUNTTTT,STSA,Q,Germany,Labour Force Survey - quarterly rates > Unemployment rate > Aged 15 and over > All persons,"Level, rate or national currency, s.a.",Quarterly
quarterly,OECD,MEI,Main Economic Indicators Publication,DEU.LRUNTTTT.STSA.Q,"Germany – Labour Force Survey - quarterly rates > Unemployment rate > Aged 15 and over > All persons – Level, rate or national currency, s.a. – Quarterly",2022-Q3,2022-07-01,3.18108147584681,3.18108147584681,DEU,LRUNTTTT,STSA,Q,Germany,Labour Force Survey - quarterly rates > Unemployment rate > Aged 15 and over > All persons,"Level, rate or national currency, s.a.",Quarterly
quarterly,OECD,MEI,Main Economic Indicators Publication,DEU.LRUNTTTT.STSA.Q,"Germany – Labour Force Survey - quarterly rates > Unemployment rate > Aged 15 and over > All persons – Level, rate or national currency, s.a. – Quarterly",2022-Q4,2022-10-01,3.05947261666203,3.05947261666203,DEU,LRUNTTTT,STSA,Q,Germany,Labour Force Survey - quarterly rates > Unemployment rate > Aged 15 and over > All persons,"Level, rate or national currency, s.a.",Quarterly
quarterly,OECD,MEI,Main Economic Indicators Publication,DEU.LRUNTTTT.STSA.Q,"Germany – Labour Force Survey - quarterly rates > Unemployment rate > Aged 15 and over > All persons – Level, rate or national currency, s.a. – Quarterly",2023-Q1,2023-01-01,2.96155606987261,2.96155606987261,DEU,LRUNTTTT,STSA,Q,Germany,Labour Force Survey - quarterly rates > Unemployment rate > Aged 15 and over > All persons,"Level, rate or national currency, s.a.",Quarterly
quarterly,OECD,MEI,Main Economic Indicators Publication,DEU.LRUNTTTT.STSA.Q,"Germany – Labour Force Survey - quarterly rates > Unemployment rate > Aged 15 and over > All persons – Level, rate or national currency, s.a. – Quarterly",2023-Q2,2023-04-01,2.96380951335191,2.96380951335191,DEU,LRUNTTTT,STSA,Q,Germany,Labour Force Survey - quarterly rates > Unemployment rate > Aged 15 and over > All persons,"Level, rate or national currency, s.a.",Quarterly
quarterly,OECD,MEI,Main Economic Indicators Publication,DEU.LRUNTTTT.STSA.Q,"Germany – Labour Force Survey - quarterly rates > Unemployment rate > Aged 15 and over > All persons – Level, rate or national currency, s.a. – Quarterly",2023-Q3,2023-07-01,2.97026007338954,2.97026007338954,DEU,LRUNTTTT,STSA,Q,Germany,Labour Force Survey - quarterly rates > Unemployment rate > Aged 15 and over > All persons,"Level, rate or national currency, s.a.",Quarterly
quarterly,OECD,MEI,Main Economic Indicators Publication,FRA.LRUNTTTT.STSA.Q,"France – Labour Force Survey - quarterly rates > Unemployment rate > Aged 15 and over > All persons – Level, rate or national currency, s.a. – Quarterly",2003-Q1,2003-01-01,7.92223438258204,7.92223438258204,FRA,LRUNTTTT,STSA,Q,France,Labour Force Survey - quarterly rates > Unemployment rate > Aged 15 and over > All persons,"Level, rate or national currency, s.a.",Quarterly
quarterly,OECD,MEI,Main Economic Indicators Publication,FRA.LRUNTTTT.STSA.Q,"France – Labour Force Survey - quarterly rates > Unemployment rate > Aged 15 and over > All persons – Level, rate or national currency, s.a. – Quarterly",2003-Q2,2003-04-01,8.08959751811926,8.08959751811926,FRA,LRUNTTTT,STSA,Q,France,Labour Force Survey - quarterly rates > Unemployment rate > Aged 15 and over > All persons,"Level, rate or national currency, s.a.",Quarterly
quarterly,OECD,MEI,Main Economic Indicators Publication,FRA.LRUNTTTT.STSA.Q,"France – Labour Force Survey - quarterly rates > Unemployment rate > Aged 15 and over > All persons – Level, rate or national currency, s.a. – Quarterly",2003-Q3,2003-07-01,8.03609014093206,8.03609014093206,FRA,LRUNTTTT,STSA,Q,France,Labour Force Survey - quarterly rates > Unemployment rate > Aged 15 and over > All persons,"Level, rate or national currency, s.a.",Quarterly
quarterly,OECD,MEI,Main Economic Indicators Publication,FRA.LRUNTTTT.STSA.Q,"France – Labour Force Survey - quarterly rates > Unemployment rate > Aged 15 and over > All persons – Level, rate or national currency, s.a. – Quarterly",2003-Q4,2003-10-01,8.34940972991157,8.34940972991157,FRA,LRUNTTTT,STSA,Q,France,Labour Force Survey - quarterly rates > Unemployment rate > Aged 15 and over > All persons,"Level, rate or national currency, s.a.",Quarterly
quarterly,OECD,MEI,Main Economic Indicators Publication,FRA.LRUNTTTT.STSA.Q,"France – Labour Force Survey - quarterly rates > Unemployment rate > Aged 15 and over > All persons – Level, rate or national currency, s.a. – Quarterly",2004-Q1,2004-01-01,8.51863084767559,8.51863084767559,FRA,LRUNTTTT,STSA,Q,France,Labour Force Survey - quarterly rates > Unemployment rate > Aged 15 and over > All persons,"Level, rate or national currency, s.a.",Quarterly
quarterly,OECD,MEI,Main Economic Indicators Publication,FRA.LRUNTTTT.STSA.Q,"France – Labour Force Survey - quarterly rates > Unemployment rate > Aged 15 and over > All persons – Level, rate or national currency, s.a. – Quarterly",2004-Q2,2004-04-01,8.38001211162126,8.38001211162126,FRA,LRUNTTTT,STSA,Q,France,Labour Force Survey - quarterly rates > Unemployment rate > Aged 15 and over > All persons,"Level, rate or national currency, s.a.",Quarterly
quarterly,OECD,MEI,Main Economic Indicators Publication,FRA.LRUNTTTT.STSA.Q,"France – Labour Force Survey - quarterly rates > Unemployment rate > Aged 15 and over > All persons – Level, rate or national currency, s.a. – Quarterly",2004-Q3,2004-07-01,8.47592241588398,8.47592241588398,FRA,LRUNTTTT,STSA,Q,France,Labour Force Survey - quarterly rates > Unemployment rate > Aged 15 and over > All persons,"Level, rate or national currency, s.a.",Quarterly
quarterly,OECD,MEI,Main Economic Indicators Publication,FRA.LRUNTTTT.STSA.Q,"France – Labour Force Survey - quarterly rates > Unemployment rate > Aged 15 and over > All persons – Level, rate or national currency, s.a. – Quarterly",2004-Q4,2004-10-01,8.497392018594,8.497392018594,FRA,LRUNTTTT,STSA,Q,France,Labour Force Survey - quarterly rates > Unemployment rate > Aged 15 and over > All persons,"Level, rate or national currency, s.a.",Quarterly
quarterly,OECD,MEI,Main Economic Indicators Publication,FRA.LRUNTTTT.STSA.Q,"France – Labour Force Survey - quarterly rates > Unemployment rate > Aged 15 and over > All persons – Level, rate or national currency, s.a. – Quarterly",2005-Q1,2005-01-01,8.25761200972329,8.25761200972329,FRA,LRUNTTTT,STSA,Q,France,Labour Force Survey - quarterly rates > Unemployment rate > Aged 15 and over > All persons,"Level, rate or national currency, s.a.",Quarterly
quarterly,OECD,MEI,Main Economic Indicators Publication,FRA.LRUNTTTT.STSA.Q,"France – Labour Force Survey - quarterly rates > Unemployment rate > Aged 15 and over > All persons – Level, rate or national currency, s.a. – Quarterly",2005-Q2,2005-04-01,8.44415604317285,8.44415604317285,FRA,LRUNTTTT,STSA,Q,France,Labour Force Survey - quarterly rates > Unemployment rate > Aged 15 and over > All persons,"Level, rate or national currency, s.a.",Quarterly
quarterly,OECD,MEI,Main Economic Indicators Publication,FRA.LRUNTTTT.STSA.Q,"France – Labour Force Survey - quarterly rates > Unemployment rate > Aged 15 and over > All persons – Level, rate or national currency, s.a. – Quarterly",2005-Q3,2005-07-01,8.6132836201048,8.6132836201048,FRA,LRUNTTTT,STSA,Q,France,Labour Force Survey - quarterly rates > Unemployment rate > Aged 15 and over > All persons,"Level, rate or national currency, s.a.",Quarterly
quarterly,OECD,MEI,Main Economic Indicators Publication,FRA.LRUNTTTT.STSA.Q,"France – Labour Force Survey - quarterly rates > Unemployment rate > Aged 15 and over > All persons – Level, rate or national currency, s.a. – Quarterly",2005-Q4,2005-10-01,8.65817232144542,8.65817232144542,FRA,LRUNTTTT,STSA,Q,France,Labour Force Survey - quarterly rates > Unemployment rate > Aged 15 and over > All persons,"Level, rate or national currency, s.a.",Quarterly
quarterly,OECD,MEI,Main Economic Indicators Publication,FRA.LRUNTTTT.STSA.Q,"France – Labour Force Survey - quarterly rates > Unemployment rate > Aged 15 and over > All persons – Level, rate or national currency, s.a. – Quarterly",2006-Q1,2006-01-01,8.73181854586818,8.73181854586818,FRA,LRUNTTTT,STSA,Q,France,Labour Force Survey - quarterly rates > Unemployment rate > Aged 15 and over > All persons,"Level, rate or national currency, s.a.",Quarterly
quarterly,OECD,MEI,Main Economic Indicators Publication,FRA.LRUNTTTT.STSA.Q,"France – Labour Force Survey - quarterly rates > Unemployment rate > Aged 15 and over > All persons – Level, rate or national currency, s.a. – Quarterly",2006-Q2,2006-04-01,8.56660045928604,8.56660045928604,FRA,LRUNTTTT,STSA,Q,France,Labour Force Survey - quarterly rates > Unemployment rate > Aged 15 and over > All persons,"Level, rate or national currency, s.a.",Quarterly
quarterly,OECD,MEI,Main Economic Indicators Publication,FRA.LRUNTTTT.STSA.Q,"France – Labour Force Survey - quarterly rates > Unemployment rate > Aged 15 and over > All persons – Level, rate or national currency, s.a. – Quarterly",2006-Q3,2006-07-01,8.51803979864784,8.51803979864784,FRA,LRUNTTTT,STSA,Q,France,Labour Force Survey - quarterly rates > Unemployment rate > Aged 15 and over > All persons,"Level, rate or national currency, s.a.",Quarterly
quarterly,OECD,MEI,Main Economic Indicators Publication,FRA.LRUNTTTT.STSA.Q,"France – Labour Force Survey - quarterly rates > Unemployment rate > Aged 15 and over > All persons – Level, rate or national currency, s.a. – Quarterly",2006-Q4,2006-10-01,7.97617772079827,7.97617772079827,FRA,LRUNTTTT,STSA,Q,France,Labour Force Survey - quarterly rates > Unemployment rate > Aged 15 and over > All persons,"Level, rate or national currency, s.a.",Quarterly
quarterly,OECD,MEI,Main Economic Indicators Publication,FRA.LRUNTTTT.STSA.Q,"France – Labour Force Survey - quarterly rates > Unemployment rate > Aged 15 and over > All persons – Level, rate or national currency, s.a. – Quarterly",2007-Q1,2007-01-01,8.08907065133722,8.08907065133722,FRA,LRUNTTTT,STSA,Q,France,Labour Force Survey - quarterly rates > Unemployment rate > Aged 15 and over > All persons,"Level, rate or national currency, s.a.",Quarterly
quarterly,OECD,MEI,Main Economic Indicators Publication,FRA.LRUNTTTT.STSA.Q,"France – Labour Force Survey - quarterly rates > Unemployment rate > Aged 15 and over > All persons – Level, rate or national currency, s.a. – Quarterly",2007-Q2,2007-04-01,7.80002616190277,7.80002616190277,FRA,LRUNTTTT,STSA,Q,France,Labour Force Survey - quarterly rates > Unemployment rate > Aged 15 and over > All persons,"Level, rate or national currency, s.a.",Quarterly
quarterly,OECD,MEI,Main Economic Indicators Publication,FRA.LRUNTTTT.STSA.Q,"France – Labour Force Survey - quarterly rates > Unemployment rate > Aged 15 and over > All persons – Level, rate or national currency, s.a. – Quarterly",2007-Q3,2007-07-01,7.64750076553506,7.64750076553506,FRA,LRUNTTTT,STSA,Q,France,Labour Force Survey - quarterly rates > Unemployment rate > Aged 15 and over > All persons,"Level, rate or national currency, s.a.",Quarterly
quarterly,OECD,MEI,Main Economic Indicators Publication,FRA.LRUNTTTT.STSA.Q,"France – Labour Force Survey - quarterly rates > Unemployment rate > Aged 15 and over > All persons – Level, rate or national currency, s.a. – Quarterly",2007-Q4,2007-10-01,7.09313857785189,7.09313857785189,FRA,LRUNTTTT,STSA,Q,France,Labour Force Survey - quarterly rates > Unemployment rate > Aged 15 and over > All persons,"Level, rate or national currency, s.a.",Quarterly
quarterly,OECD,MEI,Main Economic Indicators Publication,FRA.LRUNTTTT.STSA.Q,"France – Labour Force Survey - quarterly rates > Unemployment rate > Aged 15 and over > All persons – Level, rate or national currency, s.a. – Quarterly",2008-Q1,2008-01-01,6.82461308534729,6.82461308534729,FRA,LRUNTTTT,STSA,Q,France,Labour Force Survey - quarterly rates > Unemployment rate > Aged 15 and over > All persons,"Level, rate or national currency, s.a.",Quarterly
quarterly,OECD,MEI,Main Economic Indicators Publication,FRA.LRUNTTTT.STSA.Q,"France – Labour Force Survey - quarterly rates > Unemployment rate > Aged 15 and over > All persons – Level, rate or national currency, s.a. – Quarterly",2008-Q2,2008-04-01,6.97826505961547,6.97826505961547,FRA,LRUNTTTT,STSA,Q,France,Labour Force Survey - quarterly rates > Unemployment rate > Aged 15 and over > All persons,"Level, rate or national currency, s.a.",Quarterly
quarterly,OECD,MEI,Main Economic Indicators Publication,FRA.LRUNTTTT.STSA.Q,"France – Labour Force Survey - quarterly rates > Unemployment rate > Aged 15 and over > All persons – Level, rate or national currency, s.a. – Quarterly",2008-Q3,2008-07-01,7.09325841299021,7.09325841299021,FRA,LRUNTTTT,STSA,Q,France,Labour Force Survey - quarterly rates > Unemployment rate > Aged 15 and over > All persons,"Level, rate or national currency, s.a.",Quarterly
quarterly,OECD,MEI,Main Economic Indicators Publication,FRA.LRUNTTTT.STSA.Q,"France – Labour Force Survey - quarterly rates > Unemployment rate > Aged 15 and over > All persons – Level, rate or national currency, s.a. – Quarterly",2008-Q4,2008-10-01,7.3559717439096,7.3559717439096,FRA,LRUNTTTT,STSA,Q,France,Labour Force Survey - quarterly rates > Unemployment rate > Aged 15 and over > All persons,"Level, rate or national currency, s.a.",Quarterly
quarterly,OECD,MEI,Main Economic Indicators Publication,FRA.LRUNTTTT.STSA.Q,"France – Labour Force Survey - quarterly rates > Unemployment rate > Aged 15 and over > All persons – Level, rate or national currency, s.a. – Quarterly",2009-Q1,2009-01-01,8.21908859043986,8.21908859043986,FRA,LRUNTTTT,STSA,Q,France,Labour Force Survey - quarterly rates > Unemployment rate > Aged 15 and over > All persons,"Level, rate or national currency, s.a.",Quarterly
quarterly,OECD,MEI,Main Economic Indicators Publication,FRA.LRUNTTTT.STSA.Q,"France – Labour Force Survey - quarterly rates > Unemployment rate > Aged 15 and over > All persons – Level, rate or national currency, s.a. – Quarterly",2009-Q2,2009-04-01,8.80920890214544,8.80920890214544,FRA,LRUNTTTT,STSA,Q,France,Labour Force Survey - quarterly rates > Unemployment rate > Aged 15 and over > All persons,"Level, rate or national currency, s.a.",Quarterly
quarterly,OECD,MEI,Main Economic Indicators Publication,FRA.LRUNTTTT.STSA.Q,"France – Labour Force Survey - quarterly rates > Unemployment rate > Aged 15 and over > All persons – Level, rate or national currency, s.a. – Quarterly",2009-Q3,2009-07-01,8.80113006870958,8.80113006870958,FRA,LRUNTTTT,STSA,Q,France,Labour Force Survey - quarterly rates > Unemployment rate > Aged 15 and over > All persons,"Level, rate or national currency, s.a.",Quarterly
quarterly,OECD,MEI,Main Economic Indicators Publication,FRA.LRUNTTTT.STSA.Q,"France – Labour Force Survey - quarterly rates > Unemployment rate > Aged 15 and over > All persons – Level, rate or national currency, s.a. – Quarterly",2009-Q4,2009-10-01,9.11430844087763,9.11430844087763,FRA,LRUNTTTT,STSA,Q,France,Labour Force Survey - quarterly rates > Unemployment rate > Aged 15 and over > All persons,"Level, rate or national currency, s.a.",Quarterly
quarterly,OECD,MEI,Main Economic Indicators Publication,FRA.LRUNTTTT.STSA.Q,"France – Labour Force Survey - quarterly rates > Unemployment rate > Aged 15 and over > All persons – Level, rate or national currency, s.a. – Quarterly",2010-Q1,2010-01-01,8.99746990607506,8.99746990607506,FRA,LRUNTTTT,STSA,Q,France,Labour Force Survey - quarterly rates > Unemployment rate > Aged 15 and over > All persons,"Level, rate or national currency, s.a.",Quarterly
quarterly,OECD,MEI,Main Economic Indicators Publication,FRA.LRUNTTTT.STSA.Q,"France – Labour Force Survey - quarterly rates > Unemployment rate > Aged 15 and over > All persons – Level, rate or national currency, s.a. – Quarterly",2010-Q2,2010-04-01,8.88876594835459,8.88876594835459,FRA,LRUNTTTT,STSA,Q,France,Labour Force Survey - quarterly rates > Unemployment rate > Aged 15 and over > All persons,"Level, rate or national currency, s.a.",Quarterly
quarterly,OECD,MEI,Main Economic Indicators Publication,FRA.LRUNTTTT.STSA.Q,"France – Labour Force Survey - quarterly rates > Unemployment rate > Aged 15 and over > All persons – Level, rate or national currency, s.a. – Quarterly",2010-Q3,2010-07-01,8.80809224081272,8.80809224081272,FRA,LRUNTTTT,STSA,Q,France,Labour Force Survey - quarterly rates > Unemployment rate > Aged 15 and over > All persons,"Level, rate or national currency, s.a.",Quarterly
quarterly,OECD,MEI,Main Economic Indicators Publication,FRA.LRUNTTTT.STSA.Q,"France – Labour Force Survey - quarterly rates > Unemployment rate > Aged 15 and over > All persons – Level, rate or national currency, s.a. – Quarterly",2010-Q4,2010-10-01,8.79030405849144,8.79030405849144,FRA,LRUNTTTT,STSA,Q,France,Labour Force Survey - quarterly rates > Unemployment rate > Aged 15 and over > All persons,"Level, rate or national currency, s.a.",Quarterly
quarterly,OECD,MEI,Main Economic Indicators Publication,FRA.LRUNTTTT.STSA.Q,"France – Labour Force Survey - quarterly rates > Unemployment rate > Aged 15 and over > All persons – Level, rate or national currency, s.a. – Quarterly",2011-Q1,2011-01-01,8.77574000390308,8.77574000390308,FRA,LRUNTTTT,STSA,Q,France,Labour Force Survey - quarterly rates > Unemployment rate > Aged 15 and over > All persons,"Level, rate or national currency, s.a.",Quarterly
quarterly,OECD,MEI,Main Economic Indicators Publication,FRA.LRUNTTTT.STSA.Q,"France – Labour Force Survey - quarterly rates > Unemployment rate > Aged 15 and over > All persons – Level, rate or national currency, s.a. – Quarterly",2011-Q2,2011-04-01,8.70180223706109,8.70180223706109,FRA,LRUNTTTT,STSA,Q,France,Labour Force Survey - quarterly rates > Unemployment rate > Aged 15 and over > All persons,"Level, rate or national currency, s.a.",Quarterly
quarterly,OECD,MEI,Main Economic Indicators Publication,FRA.LRUNTTTT.STSA.Q,"France – Labour Force Survey - quarterly rates > Unemployment rate > Aged 15 and over > All persons – Level, rate or national currency, s.a. – Quarterly",2011-Q3,2011-07-01,8.77905480580797,8.77905480580797,FRA,LRUNTTTT,STSA,Q,France,Labour Force Survey - quarterly rates > Unemployment rate > Aged 15 and over > All persons,"Level, rate or national currency, s.a.",Quarterly
quarterly,OECD,MEI,Main Economic Indicators Publication,FRA.LRUNTTTT.STSA.Q,"France – Labour Force Survey - quarterly rates > Unemployment rate > Aged 15 and over > All persons – Level, rate or national currency, s.a. – Quarterly",2011-Q4,2011-10-01,8.98772734862658,8.98772734862658,FRA,LRUNTTTT,STSA,Q,France,Labour Force Survey - quarterly rates > Unemployment rate > Aged 15 and over > All persons,"Level, rate or national currency, s.a.",Quarterly
quarterly,OECD,MEI,Main Economic Indicators Publication,FRA.LRUNTTTT.STSA.Q,"France – Labour Force Survey - quarterly rates > Unemployment rate > Aged 15 and over > All persons – Level, rate or national currency, s.a. – Quarterly",2012-Q1,2012-01-01,9.12958356684984,9.12958356684984,FRA,LRUNTTTT,STSA,Q,France,Labour Force Survey - quarterly rates > Unemployment rate > Aged 15 and over > All persons,"Level, rate or national currency, s.a.",Quarterly
quarterly,OECD,MEI,Main Economic Indicators Publication,FRA.LRUNTTTT.STSA.Q,"France – Labour Force Survey - quarterly rates > Unemployment rate > Aged 15 and over > All persons – Level, rate or national currency, s.a. – Quarterly",2012-Q2,2012-04-01,9.34271524359398,9.34271524359398,FRA,LRUNTTTT,STSA,Q,France,Labour Force Survey - quarterly rates > Unemployment rate > Aged 15 and over > All persons,"Level, rate or national currency, s.a.",Quarterly
quarterly,OECD,MEI,Main Economic Indicators Publication,FRA.LRUNTTTT.STSA.Q,"France – Labour Force Survey - quarterly rates > Unemployment rate > Aged 15 and over > All persons – Level, rate or national currency, s.a. – Quarterly",2012-Q3,2012-07-01,9.34624287700488,9.34624287700488,FRA,LRUNTTTT,STSA,Q,France,Labour Force Survey - quarterly rates > Unemployment rate > Aged 15 and over > All persons,"Level, rate or national currency, s.a.",Quarterly
quarterly,OECD,MEI,Main Economic Indicators Publication,FRA.LRUNTTTT.STSA.Q,"France – Labour Force Survey - quarterly rates > Unemployment rate > Aged 15 and over > All persons – Level, rate or national currency, s.a. – Quarterly",2012-Q4,2012-10-01,9.77961304671036,9.77961304671036,FRA,LRUNTTTT,STSA,Q,France,Labour Force Survey - quarterly rates > Unemployment rate > Aged 15 and over > All persons,"Level, rate or national currency, s.a.",Quarterly
quarterly,OECD,MEI,Main Economic Indicators Publication,FRA.LRUNTTTT.STSA.Q,"France – Labour Force Survey - quarterly rates > Unemployment rate > Aged 15 and over > All persons – Level, rate or national currency, s.a. – Quarterly",2013-Q1,2013-01-01,9.96278863190563,9.96278863190563,FRA,LRUNTTTT,STSA,Q,France,Labour Force Survey - quarterly rates > Unemployment rate > Aged 15 and over > All persons,"Level, rate or national currency, s.a.",Quarterly
quarterly,OECD,MEI,Main Economic Indicators Publication,FRA.LRUNTTTT.STSA.Q,"France – Labour Force Survey - quarterly rates > Unemployment rate > Aged 15 and over > All persons – Level, rate or national currency, s.a. – Quarterly",2013-Q2,2013-04-01,10.0405118932928,10.0405118932928,FRA,LRUNTTTT,STSA,Q,France,Labour Force Survey - quarterly rates > Unemployment rate > Aged 15 and over > All persons,"Level, rate or national currency, s.a.",Quarterly
quarterly,OECD,MEI,Main Economic Indicators Publication,FRA.LRUNTTTT.STSA.Q,"France – Labour Force Survey - quarterly rates > Unemployment rate > Aged 15 and over > All persons – Level, rate or national currency, s.a. – Quarterly",2013-Q3,2013-07-01,9.843130176603,9.843130176603,FRA,LRUNTTTT,STSA,Q,France,Labour Force Survey - quarterly rates > Unemployment rate > Aged 15 and over > All persons,"Level, rate or national currency, s.a.",Quarterly
quarterly,OECD,MEI,Main Economic Indicators Publication,FRA.LRUNTTTT.STSA.Q,"France – Labour Force Survey - quarterly rates > Unemployment rate > Aged 15 and over > All persons – Level, rate or national currency, s.a. – Quarterly",2013-Q4,2013-10-01,9.83638603409144,9.83638603409144,FRA,LRUNTTTT,STSA,Q,France,Labour Force Survey - quarterly rates > Unemployment rate > Aged 15 and over > All persons,"Level, rate or national currency, s.a.",Quarterly
quarterly,OECD,MEI,Main Economic Indicators Publication,FRA.LRUNTTTT.STSA.Q,"France – Labour Force Survey - quarterly rates > Unemployment rate > Aged 15 and over > All persons – Level, rate or national currency, s.a. – Quarterly",2014-Q1,2014-01-01,10.1772184463814,10.1772184463814,FRA,LRUNTTTT,STSA,Q,France,Labour Force Survey - quarterly rates > Unemployment rate > Aged 15 and over > All persons,"Level, rate or national currency, s.a.",Quarterly
quarterly,OECD,MEI,Main Economic Indicators Publication,FRA.LRUNTTTT.STSA.Q,"France – Labour Force Survey - quarterly rates > Unemployment rate > Aged 15 and over > All persons – Level, rate or national currency, s.a. – Quarterly",2014-Q2,2014-04-01,10.2044152059136,10.2044152059136,FRA,LRUNTTTT,STSA,Q,France,Labour Force Survey - quarterly rates > Unemployment rate > Aged 15 and over > All persons,"Level, rate or national currency, s.a.",Quarterly
quarterly,OECD,MEI,Main Economic Indicators Publication,FRA.LRUNTTTT.STSA.Q,"France – Labour Force Survey - quarterly rates > Unemployment rate > Aged 15 and over > All persons – Level, rate or national currency, s.a. – Quarterly",2014-Q3,2014-07-01,10.272975959245,10.272975959245,FRA,LRUNTTTT,STSA,Q,France,Labour Force Survey - quarterly rates > Unemployment rate > Aged 15 and over > All persons,"Level, rate or national currency, s.a.",Quarterly
quarterly,OECD,MEI,Main Economic Indicators Publication,FRA.LRUNTTTT.STSA.Q,"France – Labour Force Survey - quarterly rates > Unemployment rate > Aged 15 and over > All persons – Level, rate or national currency, s.a. – Quarterly",2014-Q4,2014-10-01,10.5143248428033,10.5143248428033,FRA,LRUNTTTT,STSA,Q,France,Labour Force Survey - quarterly rates > Unemployment rate > Aged 15 and over > All persons,"Level, rate or national currency, s.a.",Quarterly
quarterly,OECD,MEI,Main Economic Indicators Publication,FRA.LRUNTTTT.STSA.Q,"France – Labour Force Survey - quarterly rates > Unemployment rate > Aged 15 and over > All persons – Level, rate or national currency, s.a. – Quarterly",2015-Q1,2015-01-01,10.3351168159303,10.3351168159303,FRA,LRUNTTTT,STSA,Q,France,Labour Force Survey - quarterly rates > Unemployment rate > Aged 15 and over > All persons,"Level, rate or national currency, s.a.",Quarterly
quarterly,OECD,MEI,Main Economic Indicators Publication,FRA.LRUNTTTT.STSA.Q,"France – Labour Force Survey - quarterly rates > Unemployment rate > Aged 15 and over > All persons – Level, rate or national currency, s.a. – Quarterly",2015-Q2,2015-04-01,10.4963851048916,10.4963851048916,FRA,LRUNTTTT,STSA,Q,France,Labour Force Survey - quarterly rates > Unemployment rate > Aged 15 and over > All persons,"Level, rate or national currency, s.a.",Quarterly
quarterly,OECD,MEI,Main Economic Indicators Publication,FRA.LRUNTTTT.STSA.Q,"France – Labour Force Survey - quarterly rates > Unemployment rate > Aged 15 and over > All persons – Level, rate or national currency, s.a. – Quarterly",2015-Q3,2015-07-01,10.3062086128434,10.3062086128434,FRA,LRUNTTTT,STSA,Q,France,Labour Force Survey - quarterly rates > Unemployment rate > Aged 15 and over > All persons,"Level, rate or national currency, s.a.",Quarterly
quarterly,OECD,MEI,Main Economic Indicators Publication,FRA.LRUNTTTT.STSA.Q,"France – Labour Force Survey - quarterly rates > Unemployment rate > Aged 15 and over > All persons – Level, rate or national currency, s.a. – Quarterly",2015-Q4,2015-10-01,10.279365100346,10.279365100346,FRA,LRUNTTTT,STSA,Q,France,Labour Force Survey - quarterly rates > Unemployment rate > Aged 15 and over > All persons,"Level, rate or national currency, s.a.",Quarterly
quarterly,OECD,MEI,Main Economic Indicators Publication,FRA.LRUNTTTT.STSA.Q,"France – Labour Force Survey - quarterly rates > Unemployment rate > Aged 15 and over > All persons – Level, rate or national currency, s.a. – Quarterly",2016-Q1,2016-01-01,10.2664731214535,10.2664731214535,FRA,LRUNTTTT,STSA,Q,France,Labour Force Survey - quarterly rates > Unemployment rate > Aged 15 and over > All persons,"Level, rate or national currency, s.a.",Quarterly
quarterly,OECD,MEI,Main Economic Indicators Publication,FRA.LRUNTTTT.STSA.Q,"France – Labour Force Survey - quarterly rates > Unemployment rate > Aged 15 and over > All persons – Level, rate or national currency, s.a. – Quarterly",2016-Q2,2016-04-01,10.0367948828221,10.0367948828221,FRA,LRUNTTTT,STSA,Q,France,Labour Force Survey - quarterly rates > Unemployment rate > Aged 15 and over > All persons,"Level, rate or national currency, s.a.",Quarterly
quarterly,OECD,MEI,Main Economic Indicators Publication,FRA.LRUNTTTT.STSA.Q,"France – Labour Force Survey - quarterly rates > Unemployment rate > Aged 15 and over > All persons – Level, rate or national currency, s.a. – Quarterly",2016-Q3,2016-07-01,9.82433921079843,9.82433921079843,FRA,LRUNTTTT,STSA,Q,France,Labour Force Survey - quarterly rates > Unemployment rate > Aged 15 and over > All persons,"Level, rate or national currency, s.a.",Quarterly
quarterly,OECD,MEI,Main Economic Indicators Publication,FRA.LRUNTTTT.STSA.Q,"France – Labour Force Survey - quarterly rates > Unemployment rate > Aged 15 and over > All persons – Level, rate or national currency, s.a. – Quarterly",2016-Q4,2016-10-01,10.0695933744778,10.0695933744778,FRA,LRUNTTTT,STSA,Q,France,Labour Force Survey - quarterly rates > Unemployment rate > Aged 15 and over > All persons,"Level, rate or national currency, s.a.",Quarterly
quarterly,OECD,MEI,Main Economic Indicators Publication,FRA.LRUNTTTT.STSA.Q,"France – Labour Force Survey - quarterly rates > Unemployment rate > Aged 15 and over > All persons – Level, rate or national currency, s.a. – Quarterly",2017-Q1,2017-01-01,9.64067871771192,9.64067871771192,FRA,LRUNTTTT,STSA,Q,France,Labour Force Survey - quarterly rates > Unemployment rate > Aged 15 and over > All persons,"Level, rate or national currency, s.a.",Quarterly
quarterly,OECD,MEI,Main Economic Indicators Publication,FRA.LRUNTTTT.STSA.Q,"France – Labour Force Survey - quarterly rates > Unemployment rate > Aged 15 and over > All persons – Level, rate or national currency, s.a. – Quarterly",2017-Q2,2017-04-01,9.53655026036557,9.53655026036557,FRA,LRUNTTTT,STSA,Q,France,Labour Force Survey - quarterly rates > Unemployment rate > Aged 15 and over > All persons,"Level, rate or national currency, s.a.",Quarterly
quarterly,OECD,MEI,Main Economic Indicators Publication,FRA.LRUNTTTT.STSA.Q,"France – Labour Force Survey - quarterly rates > Unemployment rate > Aged 15 and over > All persons – Level, rate or national currency, s.a. – Quarterly",2017-Q3,2017-07-01,9.42272318674108,9.42272318674108,FRA,LRUNTTTT,STSA,Q,France,Labour Force Survey - quarterly rates > Unemployment rate > Aged 15 and over > All persons,"Level, rate or national currency, s.a.",Quarterly
quarterly,OECD,MEI,Main Economic Indicators Publication,FRA.LRUNTTTT.STSA.Q,"France – Labour Force Survey - quarterly rates > Unemployment rate > Aged 15 and over > All persons – Level, rate or national currency, s.a. – Quarterly",2017-Q4,2017-10-01,9.04010134307845,9.04010134307845,FRA,LRUNTTTT,STSA,Q,France,Labour Force Survey - quarterly rates > Unemployment rate > Aged 15 and over > All persons,"Level, rate or national currency, s.a.",Quarterly
quarterly,OECD,MEI,Main Economic Indicators Publication,FRA.LRUNTTTT.STSA.Q,"France – Labour Force Survey - quarterly rates > Unemployment rate > Aged 15 and over > All persons – Level, rate or national currency, s.a. – Quarterly",2018-Q1,2018-01-01,9.26833736798984,9.26833736798984,FRA,LRUNTTTT,STSA,Q,France,Labour Force Survey - quarterly rates > Unemployment rate > Aged 15 and over > All persons,"Level, rate or national currency, s.a.",Quarterly
quarterly,OECD,MEI,Main Economic Indicators Publication,FRA.LRUNTTTT.STSA.Q,"France – Labour Force Survey - quarterly rates > Unemployment rate > Aged 15 and over > All persons – Level, rate or national currency, s.a. – Quarterly",2018-Q2,2018-04-01,9.14632196084984,9.14632196084984,FRA,LRUNTTTT,STSA,Q,France,Labour Force Survey - quarterly rates > Unemployment rate > Aged 15 and over > All persons,"Level, rate or national currency, s.a.",Quarterly
quarterly,OECD,MEI,Main Economic Indicators Publication,FRA.LRUNTTTT.STSA.Q,"France – Labour Force Survey - quarterly rates > Unemployment rate > Aged 15 and over > All persons – Level, rate or national currency, s.a. – Quarterly",2018-Q3,2018-07-01,8.86065578431271,8.86065578431271,FRA,LRUNTTTT,STSA,Q,France,Labour Force Survey - quarterly rates > Unemployment rate > Aged 15 and over > All persons,"Level, rate or national currency, s.a.",Quarterly
quarterly,OECD,MEI,Main Economic Indicators Publication,FRA.LRUNTTTT.STSA.Q,"France – Labour Force Survey - quarterly rates > Unemployment rate > Aged 15 and over > All persons – Level, rate or national currency, s.a. – Quarterly",2018-Q4,2018-10-01,8.79799116212107,8.79799116212107,FRA,LRUNTTTT,STSA,Q,France,Labour Force Survey - quarterly rates > Unemployment rate > Aged 15 and over > All persons,"Level, rate or national currency, s.a.",Quarterly
quarterly,OECD,MEI,Main Economic Indicators Publication,FRA.LRUNTTTT.STSA.Q,"France – Labour Force Survey - quarterly rates > Unemployment rate > Aged 15 and over > All persons – Level, rate or national currency, s.a. – Quarterly",2019-Q1,2019-01-01,8.73364693300316,8.73364693300316,FRA,LRUNTTTT,STSA,Q,France,Labour Force Survey - quarterly rates > Unemployment rate > Aged 15 and over > All persons,"Level, rate or national currency, s.a.",Quarterly
quarterly,OECD,MEI,Main Economic Indicators Publication,FRA.LRUNTTTT.STSA.Q,"France – Labour Force Survey - quarterly rates > Unemployment rate > Aged 15 and over > All persons – Level, rate or national currency, s.a. – Quarterly",2019-Q2,2019-04-01,8.52605182401646,8.52605182401646,FRA,LRUNTTTT,STSA,Q,France,Labour Force Survey - quarterly rates > Unemployment rate > Aged 15 and over > All persons,"Level, rate or national currency, s.a.",Quarterly
quarterly,OECD,MEI,Main Economic Indicators Publication,FRA.LRUNTTTT.STSA.Q,"France – Labour Force Survey - quarterly rates > Unemployment rate > Aged 15 and over > All persons – Level, rate or national currency, s.a. – Quarterly",2019-Q3,2019-07-01,8.19288734688089,8.19288734688089,FRA,LRUNTTTT,STSA,Q,France,Labour Force Survey - quarterly rates > Unemployment rate > Aged 15 and over > All persons,"Level, rate or national currency, s.a.",Quarterly
quarterly,OECD,MEI,Main Economic Indicators Publication,FRA.LRUNTTTT.STSA.Q,"France – Labour Force Survey - quarterly rates > Unemployment rate > Aged 15 and over > All persons – Level, rate or national currency, s.a. – Quarterly",2019-Q4,2019-10-01,8.20476222817207,8.20476222817207,FRA,LRUNTTTT,STSA,Q,France,Labour Force Survey - quarterly rates > Unemployment rate > Aged 15 and over > All persons,"Level, rate or national currency, s.a.",Quarterly
quarterly,OECD,MEI,Main Economic Indicators Publication,FRA.LRUNTTTT.STSA.Q,"France – Labour Force Survey - quarterly rates > Unemployment rate > Aged 15 and over > All persons – Level, rate or national currency, s.a. – Quarterly",2020-Q1,2020-01-01,7.87738116549457,7.87738116549457,FRA,LRUNTTTT,STSA,Q,France,Labour Force Survey - quarterly rates > Unemployment rate > Aged 15 and over > All persons,"Level, rate or national currency, s.a.",Quarterly
quarterly,OECD,MEI,Main Economic Indicators Publication,FRA.LRUNTTTT.STSA.Q,"France – Labour Force Survey - quarterly rates > Unemployment rate > Aged 15 and over > All persons – Level, rate or national currency, s.a. – Quarterly",2020-Q2,2020-04-01,7.26620773009872,7.26620773009872,FRA,LRUNTTTT,STSA,Q,France,Labour Force Survey - quarterly rates > Unemployment rate > Aged 15 and over > All persons,"Level, rate or national currency, s.a.",Quarterly
quarterly,OECD,MEI,Main Economic Indicators Publication,FRA.LRUNTTTT.STSA.Q,"France – Labour Force Survey - quarterly rates > Unemployment rate > Aged 15 and over > All persons – Level, rate or national currency, s.a. – Quarterly",2020-Q3,2020-07-01,8.78326635360547,8.78326635360547,FRA,LRUNTTTT,STSA,Q,France,Labour Force Survey - quarterly rates > Unemployment rate > Aged 15 and over > All persons,"Level, rate or national currency, s.a.",Quarterly
quarterly,OECD,MEI,Main Economic Indicators Publication,FRA.LRUNTTTT.STSA.Q,"France – Labour Force Survey - quarterly rates > Unemployment rate > Aged 15 and over > All persons – Level, rate or national currency, s.a. – Quarterly",2020-Q4,2020-10-01,8.09418166546063,8.09418166546063,FRA,LRUNTTTT,STSA,Q,France,Labour Force Survey - quarterly rates > Unemployment rate > Aged 15 and over > All persons,"Level, rate or national currency, s.a.",Quarterly
quarterly,OECD,MEI,Main Economic Indicators Publication,FRA.LRUNTTTT.STSA.Q,"France – Labour Force Survey - quarterly rates > Unemployment rate > Aged 15 and over > All persons – Level, rate or national currency, s.a. – Quarterly",2021-Q1,2021-01-01,8.13716153987939,8.13716153987939,FRA,LRUNTTTT,STSA,Q,France,Labour Force Survey - quarterly rates > Unemployment rate > Aged 15 and over > All persons,"Level, rate or national currency, s.a.",Quarterly
quarterly,OECD,MEI,Main Economic Indicators Publication,FRA.LRUNTTTT.STSA.Q,"France – Labour Force Survey - quarterly rates > Unemployment rate > Aged 15 and over > All persons – Level, rate or national currency, s.a. – Quarterly",2021-Q2,2021-04-01,8.07740752293323,8.07740752293323,FRA,LRUNTTTT,STSA,Q,France,Labour Force Survey - quarterly rates > Unemployment rate > Aged 15 and over > All persons,"Level, rate or national currency, s.a.",Quarterly
quarterly,OECD,MEI,Main Economic Indicators Publication,FRA.LRUNTTTT.STSA.Q,"France – Labour Force Survey - quarterly rates > Unemployment rate > Aged 15 and over > All persons – Level, rate or national currency, s.a. – Quarterly",2021-Q3,2021-07-01,7.77320608441665,7.77320608441665,FRA,LRUNTTTT,STSA,Q,France,Labour Force Survey - quarterly rates > Unemployment rate > Aged 15 and over > All persons,"Level, rate or national currency, s.a.",Quarterly
quarterly,OECD,MEI,Main Economic Indicators Publication,FRA.LRUNTTTT.STSA.Q,"France – Labour Force Survey - quarterly rates > Unemployment rate > Aged 15 and over > All persons – Level, rate or national currency, s.a. – Quarterly",2021-Q4,2021-10-01,7.45787423187614,7.45787423187614,FRA,LRUNTTTT,STSA,Q,France,Labour Force Survey - quarterly rates > Unemployment rate > Aged 15 and over > All persons,"Level, rate or national currency, s.a.",Quarterly
quarterly,OECD,MEI,Main Economic Indicators Publication,FRA.LRUNTTTT.STSA.Q,"France – Labour Force Survey - quarterly rates > Unemployment rate > Aged 15 and over > All persons – Level, rate or national currency, s.a. – Quarterly",2022-Q1,2022-01-01,7.35923387859475,7.35923387859475,FRA,LRUNTTTT,STSA,Q,France,Labour Force Survey - quarterly rates > Unemployment rate > Aged 15 and over > All persons,"Level, rate or national currency, s.a.",Quarterly
quarterly,OECD,MEI,Main Economic Indicators Publication,FRA.LRUNTTTT.STSA.Q,"France – Labour Force Survey - quarterly rates > Unemployment rate > Aged 15 and over > All persons – Level, rate or national currency, s.a. – Quarterly",2022-Q2,2022-04-01,7.52544767775742,7.52544767775742,FRA,LRUNTTTT,STSA,Q,France,Labour Force Survey - quarterly rates > Unemployment rate > Aged 15 and over > All persons,"Level, rate or national currency, s.a.",Quarterly
quarterly,OECD,MEI,Main Economic Indicators Publication,FRA.LRUNTTTT.STSA.Q,"France – Labour Force Survey - quarterly rates > Unemployment rate > Aged 15 and over > All persons – Level, rate or national currency, s.a. – Quarterly",2022-Q3,2022-07-01,7.16861978316284,7.16861978316284,FRA,LRUNTTTT,STSA,Q,France,Labour Force Survey - quarterly rates > Unemployment rate > Aged 15 and over > All persons,"Level, rate or national currency, s.a.",Quarterly
quarterly,OECD,MEI,Main Economic Indicators Publication,FRA.LRUNTTTT.STSA.Q,"France – Labour Force Survey - quarterly rates > Unemployment rate > Aged 15 and over > All persons – Level, rate or national currency, s.a. – Quarterly",2022-Q4,2022-10-01,7.17826151728953,7.17826151728953,FRA,LRUNTTTT,STSA,Q,France,Labour Force Survey - quarterly rates > Unemployment rate > Aged 15 and over > All persons,"Level, rate or national currency, s.a.",Quarterly
quarterly,OECD,MEI,Main Economic Indicators Publication,FRA.LRUNTTTT.STSA.Q,"France – Labour Force Survey - quarterly rates > Unemployment rate > Aged 15 and over > All persons – Level, rate or national currency, s.a. – Quarterly",2023-Q1,2023-01-01,7.08620454788864,7.08620454788864,FRA,LRUNTTTT,STSA,Q,France,Labour Force Survey - quarterly rates > Unemployment rate > Aged 15 and over > All persons,"Level, rate or national currency, s.a.",Quarterly
quarterly,OECD,MEI,Main Economic Indicators Publication,FRA.LRUNTTTT.STSA.Q,"France – Labour Force Survey - quarterly rates > Unemployment rate > Aged 15 and over > All persons – Level, rate or national currency, s.a. – Quarterly",2023-Q2,2023-04-01,7.31825222255218,7.31825222255218,FRA,LRUNTTTT,STSA,Q,France,Labour Force Survey - quarterly rates > Unemployment rate > Aged 15 and over > All persons,"Level, rate or national currency, s.a.",Quarterly
quarterly,OECD,MEI,Main Economic Indicators Publication,FRA.LRUNTTTT.STSA.Q,"France – Labour Force Survey - quarterly rates > Unemployment rate > Aged 15 and over > All persons – Level, rate or national currency, s.a. – Quarterly",2023-Q3,2023-07-01,7.35919835730867,7.35919835730867,FRA,LRUNTTTT,STSA,Q,France,Labour Force Survey - quarterly rates > Unemployment rate > Aged 15 and over > All persons,"Level, rate or national currency, s.a.",Quarterly
quarterly,OECD,MEI,Main Economic Indicators Publication,USA.LRUNTTTT.STSA.Q,"United States – Labour Force Survey - quarterly rates > Unemployment rate > Aged 15 and over > All persons – Level, rate or national currency, s.a. – Quarterly",1955-Q1,1955-01-01,4.73333333333333,4.73333333333333,USA,LRUNTTTT,STSA,Q,United States,Labour Force Survey - quarterly rates > Unemployment rate > Aged 15 and over > All persons,"Level, rate or national currency, s.a.",Quarterly
quarterly,OECD,MEI,Main Economic Indicators Publication,USA.LRUNTTTT.STSA.Q,"United States – Labour Force Survey - quarterly rates > Unemployment rate > Aged 15 and over > All persons – Level, rate or national currency, s.a. – Quarterly",1955-Q2,1955-04-01,4.4,4.4,USA,LRUNTTTT,STSA,Q,United States,Labour Force Survey - quarterly rates > Unemployment rate > Aged 15 and over > All persons,"Level, rate or national currency, s.a.",Quarterly
quarterly,OECD,MEI,Main Economic Indicators Publication,USA.LRUNTTTT.STSA.Q,"United States – Labour Force Survey - quarterly rates > Unemployment rate > Aged 15 and over > All persons – Level, rate or national currency, s.a. – Quarterly",1955-Q3,1955-07-01,4.1,4.1,USA,LRUNTTTT,STSA,Q,United States,Labour Force Survey - quarterly rates > Unemployment rate > Aged 15 and over > All persons,"Level, rate or national currency, s.a.",Quarterly
quarterly,OECD,MEI,Main Economic Indicators Publication,USA.LRUNTTTT.STSA.Q,"United States – Labour Force Survey - quarterly rates > Unemployment rate > Aged 15 and over > All persons – Level, rate or national currency, s.a. – Quarterly",1955-Q4,1955-10-01,4.23333333333333,4.23333333333333,USA,LRUNTTTT,STSA,Q,United States,Labour Force Survey - quarterly rates > Unemployment rate > Aged 15 and over > All persons,"Level, rate or national currency, s.a.",Quarterly
quarterly,OECD,MEI,Main Economic Indicators Publication,USA.LRUNTTTT.STSA.Q,"United States – Labour Force Survey - quarterly rates > Unemployment rate > Aged 15 and over > All persons – Level, rate or national currency, s.a. – Quarterly",1956-Q1,1956-01-01,4.03333333333333,4.03333333333333,USA,LRUNTTTT,STSA,Q,United States,Labour Force Survey - quarterly rates > Unemployment rate > Aged 15 and over > All persons,"Level, rate or national currency, s.a.",Quarterly
quarterly,OECD,MEI,Main Economic Indicators Publication,USA.LRUNTTTT.STSA.Q,"United States – Labour Force Survey - quarterly rates > Unemployment rate > Aged 15 and over > All persons – Level, rate or national currency, s.a. – Quarterly",1956-Q2,1956-04-01,4.2,4.2,USA,LRUNTTTT,STSA,Q,United States,Labour Force Survey - quarterly rates > Unemployment rate > Aged 15 and over > All persons,"Level, rate or national currency, s.a.",Quarterly
quarterly,OECD,MEI,Main Economic Indicators Publication,USA.LRUNTTTT.STSA.Q,"United States – Labour Force Survey - quarterly rates > Unemployment rate > Aged 15 and over > All persons – Level, rate or national currency, s.a. – Quarterly",1956-Q3,1956-07-01,4.13333333333333,4.13333333333333,USA,LRUNTTTT,STSA,Q,United States,Labour Force Survey - quarterly rates > Unemployment rate > Aged 15 and over > All persons,"Level, rate or national currency, s.a.",Quarterly
quarterly,OECD,MEI,Main Economic Indicators Publication,USA.LRUNTTTT.STSA.Q,"United States – Labour Force Survey - quarterly rates > Unemployment rate > Aged 15 and over > All persons – Level, rate or national currency, s.a. – Quarterly",1956-Q4,1956-10-01,4.13333333333333,4.13333333333333,USA,LRUNTTTT,STSA,Q,United States,Labour Force Survey - quarterly rates > Unemployment rate > Aged 15 and over > All persons,"Level, rate or national currency, s.a.",Quarterly
quarterly,OECD,MEI,Main Economic Indicators Publication,USA.LRUNTTTT.STSA.Q,"United States – Labour Force Survey - quarterly rates > Unemployment rate > Aged 15 and over > All persons – Level, rate or national currency, s.a. – Quarterly",1957-Q1,1957-01-01,3.93333333333333,3.93333333333333,USA,LRUNTTTT,STSA,Q,United States,Labour Force Survey - quarterly rates > Unemployment rate > Aged 15 and over > All persons,"Level, rate or national currency, s.a.",Quarterly
quarterly,OECD,MEI,Main Economic Indicators Publication,USA.LRUNTTTT.STSA.Q,"United States – Labour Force Survey - quarterly rates > Unemployment rate > Aged 15 and over > All persons – Level, rate or national currency, s.a. – Quarterly",1957-Q2,1957-04-01,4.1,4.1,USA,LRUNTTTT,STSA,Q,United States,Labour Force Survey - quarterly rates > Unemployment rate > Aged 15 and over > All persons,"Level, rate or national currency, s.a.",Quarterly
quarterly,OECD,MEI,Main Economic Indicators Publication,USA.LRUNTTTT.STSA.Q,"United States – Labour Force Survey - quarterly rates > Unemployment rate > Aged 15 and over > All persons – Level, rate or national currency, s.a. – Quarterly",1957-Q3,1957-07-01,4.23333333333333,4.23333333333333,USA,LRUNTTTT,STSA,Q,United States,Labour Force Survey - quarterly rates > Unemployment rate > Aged 15 and over > All persons,"Level, rate or national currency, s.a.",Quarterly
quarterly,OECD,MEI,Main Economic Indicators Publication,USA.LRUNTTTT.STSA.Q,"United States – Labour Force Survey - quarterly rates > Unemployment rate > Aged 15 and over > All persons – Level, rate or national currency, s.a. – Quarterly",1957-Q4,1957-10-01,4.93333333333333,4.93333333333333,USA,LRUNTTTT,STSA,Q,United States,Labour Force Survey - quarterly rates > Unemployment rate > Aged 15 and over > All persons,"Level, rate or national currency, s.a.",Quarterly
quarterly,OECD,MEI,Main Economic Indicators Publication,USA.LRUNTTTT.STSA.Q,"United States – Labour Force Survey - quarterly rates > Unemployment rate > Aged 15 and over > All persons – Level, rate or national currency, s.a. – Quarterly",1958-Q1,1958-01-01,6.3,6.3,USA,LRUNTTTT,STSA,Q,United States,Labour Force Survey - quarterly rates > Unemployment rate > Aged 15 and over > All persons,"Level, rate or national currency, s.a.",Quarterly
quarterly,OECD,MEI,Main Economic Indicators Publication,USA.LRUNTTTT.STSA.Q,"United States – Labour Force Survey - quarterly rates > Unemployment rate > Aged 15 and over > All persons – Level, rate or national currency, s.a. – Quarterly",1958-Q2,1958-04-01,7.36666666666667,7.36666666666667,USA,LRUNTTTT,STSA,Q,United States,Labour Force Survey - quarterly rates > Unemployment rate > Aged 15 and over > All persons,"Level, rate or national currency, s.a.",Quarterly
quarterly,OECD,MEI,Main Economic Indicators Publication,USA.LRUNTTTT.STSA.Q,"United States – Labour Force Survey - quarterly rates > Unemployment rate > Aged 15 and over > All persons – Level, rate or national currency, s.a. – Quarterly",1958-Q3,1958-07-01,7.33333333333333,7.33333333333333,USA,LRUNTTTT,STSA,Q,United States,Labour Force Survey - quarterly rates > Unemployment rate > Aged 15 and over > All persons,"Level, rate or national currency, s.a.",Quarterly
quarterly,OECD,MEI,Main Economic Indicators Publication,USA.LRUNTTTT.STSA.Q,"United States – Labour Force Survey - quarterly rates > Unemployment rate > Aged 15 and over > All persons – Level, rate or national currency, s.a. – Quarterly",1958-Q4,1958-10-01,6.36666666666667,6.36666666666667,USA,LRUNTTTT,STSA,Q,United States,Labour Force Survey - quarterly rates > Unemployment rate > Aged 15 and over > All persons,"Level, rate or national currency, s.a.",Quarterly
quarterly,OECD,MEI,Main Economic Indicators Publication,USA.LRUNTTTT.STSA.Q,"United States – Labour Force Survey - quarterly rates > Unemployment rate > Aged 15 and over > All persons – Level, rate or national currency, s.a. – Quarterly",1959-Q1,1959-01-01,5.83333333333333,5.83333333333333,USA,LRUNTTTT,STSA,Q,United States,Labour Force Survey - quarterly rates > Unemployment rate > Aged 15 and over > All persons,"Level, rate or national currency, s.a.",Quarterly
quarterly,OECD,MEI,Main Economic Indicators Publication,USA.LRUNTTTT.STSA.Q,"United States – Labour Force Survey - quarterly rates > Unemployment rate > Aged 15 and over > All persons – Level, rate or national currency, s.a. – Quarterly",1959-Q2,1959-04-01,5.1,5.1,USA,LRUNTTTT,STSA,Q,United States,Labour Force Survey - quarterly rates > Unemployment rate > Aged 15 and over > All persons,"Level, rate or national currency, s.a.",Quarterly
quarterly,OECD,MEI,Main Economic Indicators Publication,USA.LRUNTTTT.STSA.Q,"United States – Labour Force Survey - quarterly rates > Unemployment rate > Aged 15 and over > All persons – Level, rate or national currency, s.a. – Quarterly",1959-Q3,1959-07-01,5.26666666666667,5.26666666666667,USA,LRUNTTTT,STSA,Q,United States,Labour Force Survey - quarterly rates > Unemployment rate > Aged 15 and over > All persons,"Level, rate or national currency, s.a.",Quarterly
quarterly,OECD,MEI,Main Economic Indicators Publication,USA.LRUNTTTT.STSA.Q,"United States – Labour Force Survey - quarterly rates > Unemployment rate > Aged 15 and over > All persons – Level, rate or national currency, s.a. – Quarterly",1959-Q4,1959-10-01,5.6,5.6,USA,LRUNTTTT,STSA,Q,United States,Labour Force Survey - quarterly rates > Unemployment rate > Aged 15 and over > All persons,"Level, rate or national currency, s.a.",Quarterly
quarterly,OECD,MEI,Main Economic Indicators Publication,USA.LRUNTTTT.STSA.Q,"United States – Labour Force Survey - quarterly rates > Unemployment rate > Aged 15 and over > All persons – Level, rate or national currency, s.a. – Quarterly",1960-Q1,1960-01-01,5.13333333333333,5.13333333333333,USA,LRUNTTTT,STSA,Q,United States,Labour Force Survey - quarterly rates > Unemployment rate > Aged 15 and over > All persons,"Level, rate or national currency, s.a.",Quarterly
quarterly,OECD,MEI,Main Economic Indicators Publication,USA.LRUNTTTT.STSA.Q,"United States – Labour Force Survey - quarterly rates > Unemployment rate > Aged 15 and over > All persons – Level, rate or national currency, s.a. – Quarterly",1960-Q2,1960-04-01,5.23333333333333,5.23333333333333,USA,LRUNTTTT,STSA,Q,United States,Labour Force Survey - quarterly rates > Unemployment rate > Aged 15 and over > All persons,"Level, rate or national currency, s.a.",Quarterly
quarterly,OECD,MEI,Main Economic Indicators Publication,USA.LRUNTTTT.STSA.Q,"United States – Labour Force Survey - quarterly rates > Unemployment rate > Aged 15 and over > All persons – Level, rate or national currency, s.a. – Quarterly",1960-Q3,1960-07-01,5.53333333333333,5.53333333333333,USA,LRUNTTTT,STSA,Q,United States,Labour Force Survey - quarterly rates > Unemployment rate > Aged 15 and over > All persons,"Level, rate or national currency, s.a.",Quarterly
quarterly,OECD,MEI,Main Economic Indicators Publication,USA.LRUNTTTT.STSA.Q,"United States – Labour Force Survey - quarterly rates > Unemployment rate > Aged 15 and over > All persons – Level, rate or national currency, s.a. – Quarterly",1960-Q4,1960-10-01,6.26666666666667,6.26666666666667,USA,LRUNTTTT,STSA,Q,United States,Labour Force Survey - quarterly rates > Unemployment rate > Aged 15 and over > All persons,"Level, rate or national currency, s.a.",Quarterly
quarterly,OECD,MEI,Main Economic Indicators Publication,USA.LRUNTTTT.STSA.Q,"United States – Labour Force Survey - quarterly rates > Unemployment rate > Aged 15 and over > All persons – Level, rate or national currency, s.a. – Quarterly",1961-Q1,1961-01-01,6.8,6.8,USA,LRUNTTTT,STSA,Q,United States,Labour Force Survey - quarterly rates > Unemployment rate > Aged 15 and over > All persons,"Level, rate or national currency, s.a.",Quarterly
quarterly,OECD,MEI,Main Economic Indicators Publication,USA.LRUNTTTT.STSA.Q,"United States – Labour Force Survey - quarterly rates > Unemployment rate > Aged 15 and over > All persons – Level, rate or national currency, s.a. – Quarterly",1961-Q2,1961-04-01,7.0,7.0,USA,LRUNTTTT,STSA,Q,United States,Labour Force Survey - quarterly rates > Unemployment rate > Aged 15 and over > All persons,"Level, rate or national currency, s.a.",Quarterly
quarterly,OECD,MEI,Main Economic Indicators Publication,USA.LRUNTTTT.STSA.Q,"United States – Labour Force Survey - quarterly rates > Unemployment rate > Aged 15 and over > All persons – Level, rate or national currency, s.a. – Quarterly",1961-Q3,1961-07-01,6.76666666666667,6.76666666666667,USA,LRUNTTTT,STSA,Q,United States,Labour Force Survey - quarterly rates > Unemployment rate > Aged 15 and over > All persons,"Level, rate or national currency, s.a.",Quarterly
quarterly,OECD,MEI,Main Economic Indicators Publication,USA.LRUNTTTT.STSA.Q,"United States – Labour Force Survey - quarterly rates > Unemployment rate > Aged 15 and over > All persons – Level, rate or national currency, s.a. – Quarterly",1961-Q4,1961-10-01,6.2,6.2,USA,LRUNTTTT,STSA,Q,United States,Labour Force Survey - quarterly rates > Unemployment rate > Aged 15 and over > All persons,"Level, rate or national currency, s.a.",Quarterly
quarterly,OECD,MEI,Main Economic Indicators Publication,USA.LRUNTTTT.STSA.Q,"United States – Labour Force Survey - quarterly rates > Unemployment rate > Aged 15 and over > All persons – Level, rate or national currency, s.a. – Quarterly",1962-Q1,1962-01-01,5.63333333333333,5.63333333333333,USA,LRUNTTTT,STSA,Q,United States,Labour Force Survey - quarterly rates > Unemployment rate > Aged 15 and over > All persons,"Level, rate or national currency, s.a.",Quarterly
quarterly,OECD,MEI,Main Economic Indicators Publication,USA.LRUNTTTT.STSA.Q,"United States – Labour Force Survey - quarterly rates > Unemployment rate > Aged 15 and over > All persons – Level, rate or national currency, s.a. – Quarterly",1962-Q2,1962-04-01,5.53333333333333,5.53333333333333,USA,LRUNTTTT,STSA,Q,United States,Labour Force Survey - quarterly rates > Unemployment rate > Aged 15 and over > All persons,"Level, rate or national currency, s.a.",Quarterly
quarterly,OECD,MEI,Main Economic Indicators Publication,USA.LRUNTTTT.STSA.Q,"United States – Labour Force Survey - quarterly rates > Unemployment rate > Aged 15 and over > All persons – Level, rate or national currency, s.a. – Quarterly",1962-Q3,1962-07-01,5.56666666666667,5.56666666666667,USA,LRUNTTTT,STSA,Q,United States,Labour Force Survey - quarterly rates > Unemployment rate > Aged 15 and over > All persons,"Level, rate or national currency, s.a.",Quarterly
quarterly,OECD,MEI,Main Economic Indicators Publication,USA.LRUNTTTT.STSA.Q,"United States – Labour Force Survey - quarterly rates > Unemployment rate > Aged 15 and over > All persons – Level, rate or national currency, s.a. – Quarterly",1962-Q4,1962-10-01,5.53333333333333,5.53333333333333,USA,LRUNTTTT,STSA,Q,United States,Labour Force Survey - quarterly rates > Unemployment rate > Aged 15 and over > All persons,"Level, rate or national currency, s.a.",Quarterly
quarterly,OECD,MEI,Main Economic Indicators Publication,USA.LRUNTTTT.STSA.Q,"United States – Labour Force Survey - quarterly rates > Unemployment rate > Aged 15 and over > All persons – Level, rate or national currency, s.a. – Quarterly",1963-Q1,1963-01-01,5.76666666666667,5.76666666666667,USA,LRUNTTTT,STSA,Q,United States,Labour Force Survey - quarterly rates > Unemployment rate > Aged 15 and over > All persons,"Level, rate or national currency, s.a.",Quarterly
quarterly,OECD,MEI,Main Economic Indicators Publication,USA.LRUNTTTT.STSA.Q,"United States – Labour Force Survey - quarterly rates > Unemployment rate > Aged 15 and over > All persons – Level, rate or national currency, s.a. – Quarterly",1963-Q2,1963-04-01,5.73333333333333,5.73333333333333,USA,LRUNTTTT,STSA,Q,United States,Labour Force Survey - quarterly rates > Unemployment rate > Aged 15 and over > All persons,"Level, rate or national currency, s.a.",Quarterly
quarterly,OECD,MEI,Main Economic Indicators Publication,USA.LRUNTTTT.STSA.Q,"United States – Labour Force Survey - quarterly rates > Unemployment rate > Aged 15 and over > All persons – Level, rate or national currency, s.a. – Quarterly",1963-Q3,1963-07-01,5.5,5.5,USA,LRUNTTTT,STSA,Q,United States,Labour Force Survey - quarterly rates > Unemployment rate > Aged 15 and over > All persons,"Level, rate or national currency, s.a.",Quarterly
quarterly,OECD,MEI,Main Economic Indicators Publication,USA.LRUNTTTT.STSA.Q,"United States – Labour Force Survey - quarterly rates > Unemployment rate > Aged 15 and over > All persons – Level, rate or national currency, s.a. – Quarterly",1963-Q4,1963-10-01,5.56666666666667,5.56666666666667,USA,LRUNTTTT,STSA,Q,United States,Labour Force Survey - quarterly rates > Unemployment rate > Aged 15 and over > All persons,"Level, rate or national currency, s.a.",Quarterly
quarterly,OECD,MEI,Main Economic Indicators Publication,USA.LRUNTTTT.STSA.Q,"United States – Labour Force Survey - quarterly rates > Unemployment rate > Aged 15 and over > All persons – Level, rate or national currency, s.a. – Quarterly",1964-Q1,1964-01-01,5.46666666666667,5.46666666666667,USA,LRUNTTTT,STSA,Q,United States,Labour Force Survey - quarterly rates > Unemployment rate > Aged 15 and over > All persons,"Level, rate or national currency, s.a.",Quarterly
quarterly,OECD,MEI,Main Economic Indicators Publication,USA.LRUNTTTT.STSA.Q,"United States – Labour Force Survey - quarterly rates > Unemployment rate > Aged 15 and over > All persons – Level, rate or national currency, s.a. – Quarterly",1964-Q2,1964-04-01,5.2,5.2,USA,LRUNTTTT,STSA,Q,United States,Labour Force Survey - quarterly rates > Unemployment rate > Aged 15 and over > All persons,"Level, rate or national currency, s.a.",Quarterly
quarterly,OECD,MEI,Main Economic Indicators Publication,USA.LRUNTTTT.STSA.Q,"United States – Labour Force Survey - quarterly rates > Unemployment rate > Aged 15 and over > All persons – Level, rate or national currency, s.a. – Quarterly",1964-Q3,1964-07-01,5.0,5.0,USA,LRUNTTTT,STSA,Q,United States,Labour Force Survey - quarterly rates > Unemployment rate > Aged 15 and over > All persons,"Level, rate or national currency, s.a.",Quarterly
quarterly,OECD,MEI,Main Economic Indicators Publication,USA.LRUNTTTT.STSA.Q,"United States – Labour Force Survey - quarterly rates > Unemployment rate > Aged 15 and over > All persons – Level, rate or national currency, s.a. – Quarterly",1964-Q4,1964-10-01,4.96666666666667,4.96666666666667,USA,LRUNTTTT,STSA,Q,United States,Labour Force Survey - quarterly rates > Unemployment rate > Aged 15 and over > All persons,"Level, rate or national currency, s.a.",Quarterly
quarterly,OECD,MEI,Main Economic Indicators Publication,USA.LRUNTTTT.STSA.Q,"United States – Labour Force Survey - quarterly rates > Unemployment rate > Aged 15 and over > All persons – Level, rate or national currency, s.a. – Quarterly",1965-Q1,1965-01-01,4.9,4.9,USA,LRUNTTTT,STSA,Q,United States,Labour Force Survey - quarterly rates > Unemployment rate > Aged 15 and over > All persons,"Level, rate or national currency, s.a.",Quarterly
quarterly,OECD,MEI,Main Economic Indicators Publication,USA.LRUNTTTT.STSA.Q,"United States – Labour Force Survey - quarterly rates > Unemployment rate > Aged 15 and over > All persons – Level, rate or national currency, s.a. – Quarterly",1965-Q2,1965-04-01,4.66666666666667,4.66666666666667,USA,LRUNTTTT,STSA,Q,United States,Labour Force Survey - quarterly rates > Unemployment rate > Aged 15 and over > All persons,"Level, rate or national currency, s.a.",Quarterly
quarterly,OECD,MEI,Main Economic Indicators Publication,USA.LRUNTTTT.STSA.Q,"United States – Labour Force Survey - quarterly rates > Unemployment rate > Aged 15 and over > All persons – Level, rate or national currency, s.a. – Quarterly",1965-Q3,1965-07-01,4.36666666666667,4.36666666666667,USA,LRUNTTTT,STSA,Q,United States,Labour Force Survey - quarterly rates > Unemployment rate > Aged 15 and over > All persons,"Level, rate or national currency, s.a.",Quarterly
quarterly,OECD,MEI,Main Economic Indicators Publication,USA.LRUNTTTT.STSA.Q,"United States – Labour Force Survey - quarterly rates > Unemployment rate > Aged 15 and over > All persons – Level, rate or national currency, s.a. – Quarterly",1965-Q4,1965-10-01,4.1,4.1,USA,LRUNTTTT,STSA,Q,United States,Labour Force Survey - quarterly rates > Unemployment rate > Aged 15 and over > All persons,"Level, rate or national currency, s.a.",Quarterly
quarterly,OECD,MEI,Main Economic Indicators Publication,USA.LRUNTTTT.STSA.Q,"United States – Labour Force Survey - quarterly rates > Unemployment rate > Aged 15 and over > All persons – Level, rate or national currency, s.a. – Quarterly",1966-Q1,1966-01-01,3.86666666666667,3.86666666666667,USA,LRUNTTTT,STSA,Q,United States,Labour Force Survey - quarterly rates > Unemployment rate > Aged 15 and over > All persons,"Level, rate or national currency, s.a.",Quarterly
quarterly,OECD,MEI,Main Economic Indicators Publication,USA.LRUNTTTT.STSA.Q,"United States – Labour Force Survey - quarterly rates > Unemployment rate > Aged 15 and over > All persons – Level, rate or national currency, s.a. – Quarterly",1966-Q2,1966-04-01,3.83333333333333,3.83333333333333,USA,LRUNTTTT,STSA,Q,United States,Labour Force Survey - quarterly rates > Unemployment rate > Aged 15 and over > All persons,"Level, rate or national currency, s.a.",Quarterly
quarterly,OECD,MEI,Main Economic Indicators Publication,USA.LRUNTTTT.STSA.Q,"United States – Labour Force Survey - quarterly rates > Unemployment rate > Aged 15 and over > All persons – Level, rate or national currency, s.a. – Quarterly",1966-Q3,1966-07-01,3.76666666666667,3.76666666666667,USA,LRUNTTTT,STSA,Q,United States,Labour Force Survey - quarterly rates > Unemployment rate > Aged 15 and over > All persons,"Level, rate or national currency, s.a.",Quarterly
quarterly,OECD,MEI,Main Economic Indicators Publication,USA.LRUNTTTT.STSA.Q,"United States – Labour Force Survey - quarterly rates > Unemployment rate > Aged 15 and over > All persons – Level, rate or national currency, s.a. – Quarterly",1966-Q4,1966-10-01,3.7,3.7,USA,LRUNTTTT,STSA,Q,United States,Labour Force Survey - quarterly rates > Unemployment rate > Aged 15 and over > All persons,"Level, rate or national currency, s.a.",Quarterly
quarterly,OECD,MEI,Main Economic Indicators Publication,USA.LRUNTTTT.STSA.Q,"United States – Labour Force Survey - quarterly rates > Unemployment rate > Aged 15 and over > All persons – Level, rate or national currency, s.a. – Quarterly",1967-Q1,1967-01-01,3.83333333333333,3.83333333333333,USA,LRUNTTTT,STSA,Q,United States,Labour Force Survey - quarterly rates > Unemployment rate > Aged 15 and over > All persons,"Level, rate or national currency, s.a.",Quarterly
quarterly,OECD,MEI,Main Economic Indicators Publication,USA.LRUNTTTT.STSA.Q,"United States – Labour Force Survey - quarterly rates > Unemployment rate > Aged 15 and over > All persons – Level, rate or national currency, s.a. – Quarterly",1967-Q2,1967-04-01,3.83333333333333,3.83333333333333,USA,LRUNTTTT,STSA,Q,United States,Labour Force Survey - quarterly rates > Unemployment rate > Aged 15 and over > All persons,"Level, rate or national currency, s.a.",Quarterly
quarterly,OECD,MEI,Main Economic Indicators Publication,USA.LRUNTTTT.STSA.Q,"United States – Labour Force Survey - quarterly rates > Unemployment rate > Aged 15 and over > All persons – Level, rate or national currency, s.a. – Quarterly",1967-Q3,1967-07-01,3.8,3.8,USA,LRUNTTTT,STSA,Q,United States,Labour Force Survey - quarterly rates > Unemployment rate > Aged 15 and over > All persons,"Level, rate or national currency, s.a.",Quarterly
quarterly,OECD,MEI,Main Economic Indicators Publication,USA.LRUNTTTT.STSA.Q,"United States – Labour Force Survey - quarterly rates > Unemployment rate > Aged 15 and over > All persons – Level, rate or national currency, s.a. – Quarterly",1967-Q4,1967-10-01,3.9,3.9,USA,LRUNTTTT,STSA,Q,United States,Labour Force Survey - quarterly rates > Unemployment rate > Aged 15 and over > All persons,"Level, rate or national currency, s.a.",Quarterly
quarterly,OECD,MEI,Main Economic Indicators Publication,USA.LRUNTTTT.STSA.Q,"United States – Labour Force Survey - quarterly rates > Unemployment rate > Aged 15 and over > All persons – Level, rate or national currency, s.a. – Quarterly",1968-Q1,1968-01-01,3.73333333333333,3.73333333333333,USA,LRUNTTTT,STSA,Q,United States,Labour Force Survey - quarterly rates > Unemployment rate > Aged 15 and over > All persons,"Level, rate or national currency, s.a.",Quarterly
quarterly,OECD,MEI,Main Economic Indicators Publication,USA.LRUNTTTT.STSA.Q,"United States – Labour Force Survey - quarterly rates > Unemployment rate > Aged 15 and over > All persons – Level, rate or national currency, s.a. – Quarterly",1968-Q2,1968-04-01,3.56666666666667,3.56666666666667,USA,LRUNTTTT,STSA,Q,United States,Labour Force Survey - quarterly rates > Unemployment rate > Aged 15 and over > All persons,"Level, rate or national currency, s.a.",Quarterly
quarterly,OECD,MEI,Main Economic Indicators Publication,USA.LRUNTTTT.STSA.Q,"United States – Labour Force Survey - quarterly rates > Unemployment rate > Aged 15 and over > All persons – Level, rate or national currency, s.a. – Quarterly",1968-Q3,1968-07-01,3.53333333333333,3.53333333333333,USA,LRUNTTTT,STSA,Q,United States,Labour Force Survey - quarterly rates > Unemployment rate > Aged 15 and over > All persons,"Level, rate or national currency, s.a.",Quarterly
quarterly,OECD,MEI,Main Economic Indicators Publication,USA.LRUNTTTT.STSA.Q,"United States – Labour Force Survey - quarterly rates > Unemployment rate > Aged 15 and over > All persons – Level, rate or national currency, s.a. – Quarterly",1968-Q4,1968-10-01,3.4,3.4,USA,LRUNTTTT,STSA,Q,United States,Labour Force Survey - quarterly rates > Unemployment rate > Aged 15 and over > All persons,"Level, rate or national currency, s.a.",Quarterly
quarterly,OECD,MEI,Main Economic Indicators Publication,USA.LRUNTTTT.STSA.Q,"United States – Labour Force Survey - quarterly rates > Unemployment rate > Aged 15 and over > All persons – Level, rate or national currency, s.a. – Quarterly",1969-Q1,1969-01-01,3.4,3.4,USA,LRUNTTTT,STSA,Q,United States,Labour Force Survey - quarterly rates > Unemployment rate > Aged 15 and over > All persons,"Level, rate or national currency, s.a.",Quarterly
quarterly,OECD,MEI,Main Economic Indicators Publication,USA.LRUNTTTT.STSA.Q,"United States – Labour Force Survey - quarterly rates > Unemployment rate > Aged 15 and over > All persons – Level, rate or national currency, s.a. – Quarterly",1969-Q2,1969-04-01,3.43333333333333,3.43333333333333,USA,LRUNTTTT,STSA,Q,United States,Labour Force Survey - quarterly rates > Unemployment rate > Aged 15 and over > All persons,"Level, rate or national currency, s.a.",Quarterly
quarterly,OECD,MEI,Main Economic Indicators Publication,USA.LRUNTTTT.STSA.Q,"United States – Labour Force Survey - quarterly rates > Unemployment rate > Aged 15 and over > All persons – Level, rate or national currency, s.a. – Quarterly",1969-Q3,1969-07-01,3.56666666666667,3.56666666666667,USA,LRUNTTTT,STSA,Q,United States,Labour Force Survey - quarterly rates > Unemployment rate > Aged 15 and over > All persons,"Level, rate or national currency, s.a.",Quarterly
quarterly,OECD,MEI,Main Economic Indicators Publication,USA.LRUNTTTT.STSA.Q,"United States – Labour Force Survey - quarterly rates > Unemployment rate > Aged 15 and over > All persons – Level, rate or national currency, s.a. – Quarterly",1969-Q4,1969-10-01,3.56666666666667,3.56666666666667,USA,LRUNTTTT,STSA,Q,United States,Labour Force Survey - quarterly rates > Unemployment rate > Aged 15 and over > All persons,"Level, rate or national currency, s.a.",Quarterly
quarterly,OECD,MEI,Main Economic Indicators Publication,USA.LRUNTTTT.STSA.Q,"United States – Labour Force Survey - quarterly rates > Unemployment rate > Aged 15 and over > All persons – Level, rate or national currency, s.a. – Quarterly",1970-Q1,1970-01-01,4.16666666666667,4.16666666666667,USA,LRUNTTTT,STSA,Q,United States,Labour Force Survey - quarterly rates > Unemployment rate > Aged 15 and over > All persons,"Level, rate or national currency, s.a.",Quarterly
quarterly,OECD,MEI,Main Economic Indicators Publication,USA.LRUNTTTT.STSA.Q,"United States – Labour Force Survey - quarterly rates > Unemployment rate > Aged 15 and over > All persons – Level, rate or national currency, s.a. – Quarterly",1970-Q2,1970-04-01,4.76666666666667,4.76666666666667,USA,LRUNTTTT,STSA,Q,United States,Labour Force Survey - quarterly rates > Unemployment rate > Aged 15 and over > All persons,"Level, rate or national currency, s.a.",Quarterly
quarterly,OECD,MEI,Main Economic Indicators Publication,USA.LRUNTTTT.STSA.Q,"United States – Labour Force Survey - quarterly rates > Unemployment rate > Aged 15 and over > All persons – Level, rate or national currency, s.a. – Quarterly",1970-Q3,1970-07-01,5.16666666666667,5.16666666666667,USA,LRUNTTTT,STSA,Q,United States,Labour Force Survey - quarterly rates > Unemployment rate > Aged 15 and over > All persons,"Level, rate or national currency, s.a.",Quarterly
quarterly,OECD,MEI,Main Economic Indicators Publication,USA.LRUNTTTT.STSA.Q,"United States – Labour Force Survey - quarterly rates > Unemployment rate > Aged 15 and over > All persons – Level, rate or national currency, s.a. – Quarterly",1970-Q4,1970-10-01,5.83333333333333,5.83333333333333,USA,LRUNTTTT,STSA,Q,United States,Labour Force Survey - quarterly rates > Unemployment rate > Aged 15 and over > All persons,"Level, rate or national currency, s.a.",Quarterly
quarterly,OECD,MEI,Main Economic Indicators Publication,USA.LRUNTTTT.STSA.Q,"United States – Labour Force Survey - quarterly rates > Unemployment rate > Aged 15 and over > All persons – Level, rate or national currency, s.a. – Quarterly",1971-Q1,1971-01-01,5.93333333333333,5.93333333333333,USA,LRUNTTTT,STSA,Q,United States,Labour Force Survey - quarterly rates > Unemployment rate > Aged 15 and over > All persons,"Level, rate or national currency, s.a.",Quarterly
quarterly,OECD,MEI,Main Economic Indicators Publication,USA.LRUNTTTT.STSA.Q,"United States – Labour Force Survey - quarterly rates > Unemployment rate > Aged 15 and over > All persons – Level, rate or national currency, s.a. – Quarterly",1971-Q2,1971-04-01,5.9,5.9,USA,LRUNTTTT,STSA,Q,United States,Labour Force Survey - quarterly rates > Unemployment rate > Aged 15 and over > All persons,"Level, rate or national currency, s.a.",Quarterly
quarterly,OECD,MEI,Main Economic Indicators Publication,USA.LRUNTTTT.STSA.Q,"United States – Labour Force Survey - quarterly rates > Unemployment rate > Aged 15 and over > All persons – Level, rate or national currency, s.a. – Quarterly",1971-Q3,1971-07-01,6.03333333333333,6.03333333333333,USA,LRUNTTTT,STSA,Q,United States,Labour Force Survey - quarterly rates > Unemployment rate > Aged 15 and over > All persons,"Level, rate or national currency, s.a.",Quarterly
quarterly,OECD,MEI,Main Economic Indicators Publication,USA.LRUNTTTT.STSA.Q,"United States – Labour Force Survey - quarterly rates > Unemployment rate > Aged 15 and over > All persons – Level, rate or national currency, s.a. – Quarterly",1971-Q4,1971-10-01,5.93333333333333,5.93333333333333,USA,LRUNTTTT,STSA,Q,United States,Labour Force Survey - quarterly rates > Unemployment rate > Aged 15 and over > All persons,"Level, rate or national currency, s.a.",Quarterly
quarterly,OECD,MEI,Main Economic Indicators Publication,USA.LRUNTTTT.STSA.Q,"United States – Labour Force Survey - quarterly rates > Unemployment rate > Aged 15 and over > All persons – Level, rate or national currency, s.a. – Quarterly",1972-Q1,1972-01-01,5.76666666666667,5.76666666666667,USA,LRUNTTTT,STSA,Q,United States,Labour Force Survey - quarterly rates > Unemployment rate > Aged 15 and over > All persons,"Level, rate or national currency, s.a.",Quarterly
quarterly,OECD,MEI,Main Economic Indicators Publication,USA.LRUNTTTT.STSA.Q,"United States – Labour Force Survey - quarterly rates > Unemployment rate > Aged 15 and over > All persons – Level, rate or national currency, s.a. – Quarterly",1972-Q2,1972-04-01,5.7,5.7,USA,LRUNTTTT,STSA,Q,United States,Labour Force Survey - quarterly rates > Unemployment rate > Aged 15 and over > All persons,"Level, rate or national currency, s.a.",Quarterly
quarterly,OECD,MEI,Main Economic Indicators Publication,USA.LRUNTTTT.STSA.Q,"United States – Labour Force Survey - quarterly rates > Unemployment rate > Aged 15 and over > All persons – Level, rate or national currency, s.a. – Quarterly",1972-Q3,1972-07-01,5.56666666666667,5.56666666666667,USA,LRUNTTTT,STSA,Q,United States,Labour Force Survey - quarterly rates > Unemployment rate > Aged 15 and over > All persons,"Level, rate or national currency, s.a.",Quarterly
quarterly,OECD,MEI,Main Economic Indicators Publication,USA.LRUNTTTT.STSA.Q,"United States – Labour Force Survey - quarterly rates > Unemployment rate > Aged 15 and over > All persons – Level, rate or national currency, s.a. – Quarterly",1972-Q4,1972-10-01,5.36666666666667,5.36666666666667,USA,LRUNTTTT,STSA,Q,United States,Labour Force Survey - quarterly rates > Unemployment rate > Aged 15 and over > All persons,"Level, rate or national currency, s.a.",Quarterly
quarterly,OECD,MEI,Main Economic Indicators Publication,USA.LRUNTTTT.STSA.Q,"United States – Labour Force Survey - quarterly rates > Unemployment rate > Aged 15 and over > All persons – Level, rate or national currency, s.a. – Quarterly",1973-Q1,1973-01-01,4.93333333333333,4.93333333333333,USA,LRUNTTTT,STSA,Q,United States,Labour Force Survey - quarterly rates > Unemployment rate > Aged 15 and over > All persons,"Level, rate or national currency, s.a.",Quarterly
quarterly,OECD,MEI,Main Economic Indicators Publication,USA.LRUNTTTT.STSA.Q,"United States – Labour Force Survey - quarterly rates > Unemployment rate > Aged 15 and over > All persons – Level, rate or national currency, s.a. – Quarterly",1973-Q2,1973-04-01,4.93333333333333,4.93333333333333,USA,LRUNTTTT,STSA,Q,United States,Labour Force Survey - quarterly rates > Unemployment rate > Aged 15 and over > All persons,"Level, rate or national currency, s.a.",Quarterly
quarterly,OECD,MEI,Main Economic Indicators Publication,USA.LRUNTTTT.STSA.Q,"United States – Labour Force Survey - quarterly rates > Unemployment rate > Aged 15 and over > All persons – Level, rate or national currency, s.a. – Quarterly",1973-Q3,1973-07-01,4.8,4.8,USA,LRUNTTTT,STSA,Q,United States,Labour Force Survey - quarterly rates > Unemployment rate > Aged 15 and over > All persons,"Level, rate or national currency, s.a.",Quarterly
quarterly,OECD,MEI,Main Economic Indicators Publication,USA.LRUNTTTT.STSA.Q,"United States – Labour Force Survey - quarterly rates > Unemployment rate > Aged 15 and over > All persons – Level, rate or national currency, s.a. – Quarterly",1973-Q4,1973-10-01,4.76666666666667,4.76666666666667,USA,LRUNTTTT,STSA,Q,United States,Labour Force Survey - quarterly rates > Unemployment rate > Aged 15 and over > All persons,"Level, rate or national currency, s.a.",Quarterly
quarterly,OECD,MEI,Main Economic Indicators Publication,USA.LRUNTTTT.STSA.Q,"United States – Labour Force Survey - quarterly rates > Unemployment rate > Aged 15 and over > All persons – Level, rate or national currency, s.a. – Quarterly",1974-Q1,1974-01-01,5.13333333333333,5.13333333333333,USA,LRUNTTTT,STSA,Q,United States,Labour Force Survey - quarterly rates > Unemployment rate > Aged 15 and over > All persons,"Level, rate or national currency, s.a.",Quarterly
quarterly,OECD,MEI,Main Economic Indicators Publication,USA.LRUNTTTT.STSA.Q,"United States – Labour Force Survey - quarterly rates > Unemployment rate > Aged 15 and over > All persons – Level, rate or national currency, s.a. – Quarterly",1974-Q2,1974-04-01,5.2,5.2,USA,LRUNTTTT,STSA,Q,United States,Labour Force Survey - quarterly rates > Unemployment rate > Aged 15 and over > All persons,"Level, rate or national currency, s.a.",Quarterly
quarterly,OECD,MEI,Main Economic Indicators Publication,USA.LRUNTTTT.STSA.Q,"United States – Labour Force Survey - quarterly rates > Unemployment rate > Aged 15 and over > All persons – Level, rate or national currency, s.a. – Quarterly",1974-Q3,1974-07-01,5.63333333333333,5.63333333333333,USA,LRUNTTTT,STSA,Q,United States,Labour Force Survey - quarterly rates > Unemployment rate > Aged 15 and over > All persons,"Level, rate or national currency, s.a.",Quarterly
quarterly,OECD,MEI,Main Economic Indicators Publication,USA.LRUNTTTT.STSA.Q,"United States – Labour Force Survey - quarterly rates > Unemployment rate > Aged 15 and over > All persons – Level, rate or national currency, s.a. – Quarterly",1974-Q4,1974-10-01,6.6,6.6,USA,LRUNTTTT,STSA,Q,United States,Labour Force Survey - quarterly rates > Unemployment rate > Aged 15 and over > All persons,"Level, rate or national currency, s.a.",Quarterly
quarterly,OECD,MEI,Main Economic Indicators Publication,USA.LRUNTTTT.STSA.Q,"United States – Labour Force Survey - quarterly rates > Unemployment rate > Aged 15 and over > All persons – Level, rate or national currency, s.a. – Quarterly",1975-Q1,1975-01-01,8.26666666666666,8.26666666666666,USA,LRUNTTTT,STSA,Q,United States,Labour Force Survey - quarterly rates > Unemployment rate > Aged 15 and over > All persons,"Level, rate or national currency, s.a.",Quarterly
quarterly,OECD,MEI,Main Economic Indicators Publication,USA.LRUNTTTT.STSA.Q,"United States – Labour Force Survey - quarterly rates > Unemployment rate > Aged 15 and over > All persons – Level, rate or national currency, s.a. – Quarterly",1975-Q2,1975-04-01,8.86666666666667,8.86666666666667,USA,LRUNTTTT,STSA,Q,United States,Labour Force Survey - quarterly rates > Unemployment rate > Aged 15 and over > All persons,"Level, rate or national currency, s.a.",Quarterly
quarterly,OECD,MEI,Main Economic Indicators Publication,USA.LRUNTTTT.STSA.Q,"United States – Labour Force Survey - quarterly rates > Unemployment rate > Aged 15 and over > All persons – Level, rate or national currency, s.a. – Quarterly",1975-Q3,1975-07-01,8.46666666666667,8.46666666666667,USA,LRUNTTTT,STSA,Q,United States,Labour Force Survey - quarterly rates > Unemployment rate > Aged 15 and over > All persons,"Level, rate or national currency, s.a.",Quarterly
quarterly,OECD,MEI,Main Economic Indicators Publication,USA.LRUNTTTT.STSA.Q,"United States – Labour Force Survey - quarterly rates > Unemployment rate > Aged 15 and over > All persons – Level, rate or national currency, s.a. – Quarterly",1975-Q4,1975-10-01,8.3,8.3,USA,LRUNTTTT,STSA,Q,United States,Labour Force Survey - quarterly rates > Unemployment rate > Aged 15 and over > All persons,"Level, rate or national currency, s.a.",Quarterly
quarterly,OECD,MEI,Main Economic Indicators Publication,USA.LRUNTTTT.STSA.Q,"United States – Labour Force Survey - quarterly rates > Unemployment rate > Aged 15 and over > All persons – Level, rate or national currency, s.a. – Quarterly",1976-Q1,1976-01-01,7.73333333333333,7.73333333333333,USA,LRUNTTTT,STSA,Q,United States,Labour Force Survey - quarterly rates > Unemployment rate > Aged 15 and over > All persons,"Level, rate or national currency, s.a.",Quarterly
quarterly,OECD,MEI,Main Economic Indicators Publication,USA.LRUNTTTT.STSA.Q,"United States – Labour Force Survey - quarterly rates > Unemployment rate > Aged 15 and over > All persons – Level, rate or national currency, s.a. – Quarterly",1976-Q2,1976-04-01,7.56666666666667,7.56666666666667,USA,LRUNTTTT,STSA,Q,United States,Labour Force Survey - quarterly rates > Unemployment rate > Aged 15 and over > All persons,"Level, rate or national currency, s.a.",Quarterly
quarterly,OECD,MEI,Main Economic Indicators Publication,USA.LRUNTTTT.STSA.Q,"United States – Labour Force Survey - quarterly rates > Unemployment rate > Aged 15 and over > All persons – Level, rate or national currency, s.a. – Quarterly",1976-Q3,1976-07-01,7.73333333333333,7.73333333333333,USA,LRUNTTTT,STSA,Q,United States,Labour Force Survey - quarterly rates > Unemployment rate > Aged 15 and over > All persons,"Level, rate or national currency, s.a.",Quarterly
quarterly,OECD,MEI,Main Economic Indicators Publication,USA.LRUNTTTT.STSA.Q,"United States – Labour Force Survey - quarterly rates > Unemployment rate > Aged 15 and over > All persons – Level, rate or national currency, s.a. – Quarterly",1976-Q4,1976-10-01,7.76666666666667,7.76666666666667,USA,LRUNTTTT,STSA,Q,United States,Labour Force Survey - quarterly rates > Unemployment rate > Aged 15 and over > All persons,"Level, rate or national currency, s.a.",Quarterly
quarterly,OECD,MEI,Main Economic Indicators Publication,USA.LRUNTTTT.STSA.Q,"United States – Labour Force Survey - quarterly rates > Unemployment rate > Aged 15 and over > All persons – Level, rate or national currency, s.a. – Quarterly",1977-Q1,1977-01-01,7.5,7.5,USA,LRUNTTTT,STSA,Q,United States,Labour Force Survey - quarterly rates > Unemployment rate > Aged 15 and over > All persons,"Level, rate or national currency, s.a.",Quarterly
quarterly,OECD,MEI,Main Economic Indicators Publication,USA.LRUNTTTT.STSA.Q,"United States – Labour Force Survey - quarterly rates > Unemployment rate > Aged 15 and over > All persons – Level, rate or national currency, s.a. – Quarterly",1977-Q2,1977-04-01,7.13333333333333,7.13333333333333,USA,LRUNTTTT,STSA,Q,United States,Labour Force Survey - quarterly rates > Unemployment rate > Aged 15 and over > All persons,"Level, rate or national currency, s.a.",Quarterly
quarterly,OECD,MEI,Main Economic Indicators Publication,USA.LRUNTTTT.STSA.Q,"United States – Labour Force Survey - quarterly rates > Unemployment rate > Aged 15 and over > All persons – Level, rate or national currency, s.a. – Quarterly",1977-Q3,1977-07-01,6.9,6.9,USA,LRUNTTTT,STSA,Q,United States,Labour Force Survey - quarterly rates > Unemployment rate > Aged 15 and over > All persons,"Level, rate or national currency, s.a.",Quarterly
quarterly,OECD,MEI,Main Economic Indicators Publication,USA.LRUNTTTT.STSA.Q,"United States – Labour Force Survey - quarterly rates > Unemployment rate > Aged 15 and over > All persons – Level, rate or national currency, s.a. – Quarterly",1977-Q4,1977-10-01,6.66666666666667,6.66666666666667,USA,LRUNTTTT,STSA,Q,United States,Labour Force Survey - quarterly rates > Unemployment rate > Aged 15 and over > All persons,"Level, rate or national currency, s.a.",Quarterly
quarterly,OECD,MEI,Main Economic Indicators Publication,USA.LRUNTTTT.STSA.Q,"United States – Labour Force Survey - quarterly rates > Unemployment rate > Aged 15 and over > All persons – Level, rate or national currency, s.a. – Quarterly",1978-Q1,1978-01-01,6.33333333333333,6.33333333333333,USA,LRUNTTTT,STSA,Q,United States,Labour Force Survey - quarterly rates > Unemployment rate > Aged 15 and over > All persons,"Level, rate or national currency, s.a.",Quarterly
quarterly,OECD,MEI,Main Economic Indicators Publication,USA.LRUNTTTT.STSA.Q,"United States – Labour Force Survey - quarterly rates > Unemployment rate > Aged 15 and over > All persons – Level, rate or national currency, s.a. – Quarterly",1978-Q2,1978-04-01,6.0,6.0,USA,LRUNTTTT,STSA,Q,United States,Labour Force Survey - quarterly rates > Unemployment rate > Aged 15 and over > All persons,"Level, rate or national currency, s.a.",Quarterly
quarterly,OECD,MEI,Main Economic Indicators Publication,USA.LRUNTTTT.STSA.Q,"United States – Labour Force Survey - quarterly rates > Unemployment rate > Aged 15 and over > All persons – Level, rate or national currency, s.a. – Quarterly",1978-Q3,1978-07-01,6.03333333333333,6.03333333333333,USA,LRUNTTTT,STSA,Q,United States,Labour Force Survey - quarterly rates > Unemployment rate > Aged 15 and over > All persons,"Level, rate or national currency, s.a.",Quarterly
quarterly,OECD,MEI,Main Economic Indicators Publication,USA.LRUNTTTT.STSA.Q,"United States – Labour Force Survey - quarterly rates > Unemployment rate > Aged 15 and over > All persons – Level, rate or national currency, s.a. – Quarterly",1978-Q4,1978-10-01,5.9,5.9,USA,LRUNTTTT,STSA,Q,United States,Labour Force Survey - quarterly rates > Unemployment rate > Aged 15 and over > All persons,"Level, rate or national currency, s.a.",Quarterly
quarterly,OECD,MEI,Main Economic Indicators Publication,USA.LRUNTTTT.STSA.Q,"United States – Labour Force Survey - quarterly rates > Unemployment rate > Aged 15 and over > All persons – Level, rate or national currency, s.a. – Quarterly",1979-Q1,1979-01-01,5.86666666666667,5.86666666666667,USA,LRUNTTTT,STSA,Q,United States,Labour Force Survey - quarterly rates > Unemployment rate > Aged 15 and over > All persons,"Level, rate or national currency, s.a.",Quarterly
quarterly,OECD,MEI,Main Economic Indicators Publication,USA.LRUNTTTT.STSA.Q,"United States – Labour Force Survey - quarterly rates > Unemployment rate > Aged 15 and over > All persons – Level, rate or national currency, s.a. – Quarterly",1979-Q2,1979-04-01,5.7,5.7,USA,LRUNTTTT,STSA,Q,United States,Labour Force Survey - quarterly rates > Unemployment rate > Aged 15 and over > All persons,"Level, rate or national currency, s.a.",Quarterly
quarterly,OECD,MEI,Main Economic Indicators Publication,USA.LRUNTTTT.STSA.Q,"United States – Labour Force Survey - quarterly rates > Unemployment rate > Aged 15 and over > All persons – Level, rate or national currency, s.a. – Quarterly",1979-Q3,1979-07-01,5.86666666666667,5.86666666666667,USA,LRUNTTTT,STSA,Q,United States,Labour Force Survey - quarterly rates > Unemployment rate > Aged 15 and over > All persons,"Level, rate or national currency, s.a.",Quarterly
quarterly,OECD,MEI,Main Economic Indicators Publication,USA.LRUNTTTT.STSA.Q,"United States – Labour Force Survey - quarterly rates > Unemployment rate > Aged 15 and over > All persons – Level, rate or national currency, s.a. – Quarterly",1979-Q4,1979-10-01,5.96666666666667,5.96666666666667,USA,LRUNTTTT,STSA,Q,United States,Labour Force Survey - quarterly rates > Unemployment rate > Aged 15 and over > All persons,"Level, rate or national currency, s.a.",Quarterly
quarterly,OECD,MEI,Main Economic Indicators Publication,USA.LRUNTTTT.STSA.Q,"United States – Labour Force Survey - quarterly rates > Unemployment rate > Aged 15 and over > All persons – Level, rate or national currency, s.a. – Quarterly",1980-Q1,1980-01-01,6.3,6.3,USA,LRUNTTTT,STSA,Q,United States,Labour Force Survey - quarterly rates > Unemployment rate > Aged 15 and over > All persons,"Level, rate or national currency, s.a.",Quarterly
quarterly,OECD,MEI,Main Economic Indicators Publication,USA.LRUNTTTT.STSA.Q,"United States – Labour Force Survey - quarterly rates > Unemployment rate > Aged 15 and over > All persons – Level, rate or national currency, s.a. – Quarterly",1980-Q2,1980-04-01,7.33333333333333,7.33333333333333,USA,LRUNTTTT,STSA,Q,United States,Labour Force Survey - quarterly rates > Unemployment rate > Aged 15 and over > All persons,"Level, rate or national currency, s.a.",Quarterly
quarterly,OECD,MEI,Main Economic Indicators Publication,USA.LRUNTTTT.STSA.Q,"United States – Labour Force Survey - quarterly rates > Unemployment rate > Aged 15 and over > All persons – Level, rate or national currency, s.a. – Quarterly",1980-Q3,1980-07-01,7.66666666666667,7.66666666666667,USA,LRUNTTTT,STSA,Q,United States,Labour Force Survey - quarterly rates > Unemployment rate > Aged 15 and over > All persons,"Level, rate or national currency, s.a.",Quarterly
quarterly,OECD,MEI,Main Economic Indicators Publication,USA.LRUNTTTT.STSA.Q,"United States – Labour Force Survey - quarterly rates > Unemployment rate > Aged 15 and over > All persons – Level, rate or national currency, s.a. – Quarterly",1980-Q4,1980-10-01,7.4,7.4,USA,LRUNTTTT,STSA,Q,United States,Labour Force Survey - quarterly rates > Unemployment rate > Aged 15 and over > All persons,"Level, rate or national currency, s.a.",Quarterly
quarterly,OECD,MEI,Main Economic Indicators Publication,USA.LRUNTTTT.STSA.Q,"United States – Labour Force Survey - quarterly rates > Unemployment rate > Aged 15 and over > All persons – Level, rate or national currency, s.a. – Quarterly",1981-Q1,1981-01-01,7.43333333333333,7.43333333333333,USA,LRUNTTTT,STSA,Q,United States,Labour Force Survey - quarterly rates > Unemployment rate > Aged 15 and over > All persons,"Level, rate or national currency, s.a.",Quarterly
quarterly,OECD,MEI,Main Economic Indicators Publication,USA.LRUNTTTT.STSA.Q,"United States – Labour Force Survey - quarterly rates > Unemployment rate > Aged 15 and over > All persons – Level, rate or national currency, s.a. – Quarterly",1981-Q2,1981-04-01,7.4,7.4,USA,LRUNTTTT,STSA,Q,United States,Labour Force Survey - quarterly rates > Unemployment rate > Aged 15 and over > All persons,"Level, rate or national currency, s.a.",Quarterly
quarterly,OECD,MEI,Main Economic Indicators Publication,USA.LRUNTTTT.STSA.Q,"United States – Labour Force Survey - quarterly rates > Unemployment rate > Aged 15 and over > All persons – Level, rate or national currency, s.a. – Quarterly",1981-Q3,1981-07-01,7.4,7.4,USA,LRUNTTTT,STSA,Q,United States,Labour Force Survey - quarterly rates > Unemployment rate > Aged 15 and over > All persons,"Level, rate or national currency, s.a.",Quarterly
quarterly,OECD,MEI,Main Economic Indicators Publication,USA.LRUNTTTT.STSA.Q,"United States – Labour Force Survey - quarterly rates > Unemployment rate > Aged 15 and over > All persons – Level, rate or national currency, s.a. – Quarterly",1981-Q4,1981-10-01,8.23333333333334,8.23333333333334,USA,LRUNTTTT,STSA,Q,United States,Labour Force Survey - quarterly rates > Unemployment rate > Aged 15 and over > All persons,"Level, rate or national currency, s.a.",Quarterly
quarterly,OECD,MEI,Main Economic Indicators Publication,USA.LRUNTTTT.STSA.Q,"United States – Labour Force Survey - quarterly rates > Unemployment rate > Aged 15 and over > All persons – Level, rate or national currency, s.a. – Quarterly",1982-Q1,1982-01-01,8.83333333333334,8.83333333333334,USA,LRUNTTTT,STSA,Q,United States,Labour Force Survey - quarterly rates > Unemployment rate > Aged 15 and over > All persons,"Level, rate or national currency, s.a.",Quarterly
quarterly,OECD,MEI,Main Economic Indicators Publication,USA.LRUNTTTT.STSA.Q,"United States – Labour Force Survey - quarterly rates > Unemployment rate > Aged 15 and over > All persons – Level, rate or national currency, s.a. – Quarterly",1982-Q2,1982-04-01,9.43333333333334,9.43333333333334,USA,LRUNTTTT,STSA,Q,United States,Labour Force Survey - quarterly rates > Unemployment rate > Aged 15 and over > All persons,"Level, rate or national currency, s.a.",Quarterly
quarterly,OECD,MEI,Main Economic Indicators Publication,USA.LRUNTTTT.STSA.Q,"United States – Labour Force Survey - quarterly rates > Unemployment rate > Aged 15 and over > All persons – Level, rate or national currency, s.a. – Quarterly",1982-Q3,1982-07-01,9.9,9.9,USA,LRUNTTTT,STSA,Q,United States,Labour Force Survey - quarterly rates > Unemployment rate > Aged 15 and over > All persons,"Level, rate or national currency, s.a.",Quarterly
quarterly,OECD,MEI,Main Economic Indicators Publication,USA.LRUNTTTT.STSA.Q,"United States – Labour Force Survey - quarterly rates > Unemployment rate > Aged 15 and over > All persons – Level, rate or national currency, s.a. – Quarterly",1982-Q4,1982-10-01,10.6666666666667,10.6666666666667,USA,LRUNTTTT,STSA,Q,United States,Labour Force Survey - quarterly rates > Unemployment rate > Aged 15 and over > All persons,"Level, rate or national currency, s.a.",Quarterly
quarterly,OECD,MEI,Main Economic Indicators Publication,USA.LRUNTTTT.STSA.Q,"United States – Labour Force Survey - quarterly rates > Unemployment rate > Aged 15 and over > All persons – Level, rate or national currency, s.a. – Quarterly",1983-Q1,1983-01-01,10.3666666666667,10.3666666666667,USA,LRUNTTTT,STSA,Q,United States,Labour Force Survey - quarterly rates > Unemployment rate > Aged 15 and over > All persons,"Level, rate or national currency, s.a.",Quarterly
quarterly,OECD,MEI,Main Economic Indicators Publication,USA.LRUNTTTT.STSA.Q,"United States – Labour Force Survey - quarterly rates > Unemployment rate > Aged 15 and over > All persons – Level, rate or national currency, s.a. – Quarterly",1983-Q2,1983-04-01,10.1333333333333,10.1333333333333,USA,LRUNTTTT,STSA,Q,United States,Labour Force Survey - quarterly rates > Unemployment rate > Aged 15 and over > All persons,"Level, rate or national currency, s.a.",Quarterly
quarterly,OECD,MEI,Main Economic Indicators Publication,USA.LRUNTTTT.STSA.Q,"United States – Labour Force Survey - quarterly rates > Unemployment rate > Aged 15 and over > All persons – Level, rate or national currency, s.a. – Quarterly",1983-Q3,1983-07-01,9.36666666666666,9.36666666666666,USA,LRUNTTTT,STSA,Q,United States,Labour Force Survey - quarterly rates > Unemployment rate > Aged 15 and over > All persons,"Level, rate or national currency, s.a.",Quarterly
quarterly,OECD,MEI,Main Economic Indicators Publication,USA.LRUNTTTT.STSA.Q,"United States – Labour Force Survey - quarterly rates > Unemployment rate > Aged 15 and over > All persons – Level, rate or national currency, s.a. – Quarterly",1983-Q4,1983-10-01,8.53333333333333,8.53333333333333,USA,LRUNTTTT,STSA,Q,United States,Labour Force Survey - quarterly rates > Unemployment rate > Aged 15 and over > All persons,"Level, rate or national currency, s.a.",Quarterly
quarterly,OECD,MEI,Main Economic Indicators Publication,USA.LRUNTTTT.STSA.Q,"United States – Labour Force Survey - quarterly rates > Unemployment rate > Aged 15 and over > All persons – Level, rate or national currency, s.a. – Quarterly",1984-Q1,1984-01-01,7.86666666666667,7.86666666666667,USA,LRUNTTTT,STSA,Q,United States,Labour Force Survey - quarterly rates > Unemployment rate > Aged 15 and over > All persons,"Level, rate or national currency, s.a.",Quarterly
quarterly,OECD,MEI,Main Economic Indicators Publication,USA.LRUNTTTT.STSA.Q,"United States – Labour Force Survey - quarterly rates > Unemployment rate > Aged 15 and over > All persons – Level, rate or national currency, s.a. – Quarterly",1984-Q2,1984-04-01,7.43333333333333,7.43333333333333,USA,LRUNTTTT,STSA,Q,United States,Labour Force Survey - quarterly rates > Unemployment rate > Aged 15 and over > All persons,"Level, rate or national currency, s.a.",Quarterly
quarterly,OECD,MEI,Main Economic Indicators Publication,USA.LRUNTTTT.STSA.Q,"United States – Labour Force Survey - quarterly rates > Unemployment rate > Aged 15 and over > All persons – Level, rate or national currency, s.a. – Quarterly",1984-Q3,1984-07-01,7.43333333333333,7.43333333333333,USA,LRUNTTTT,STSA,Q,United States,Labour Force Survey - quarterly rates > Unemployment rate > Aged 15 and over > All persons,"Level, rate or national currency, s.a.",Quarterly
quarterly,OECD,MEI,Main Economic Indicators Publication,USA.LRUNTTTT.STSA.Q,"United States – Labour Force Survey - quarterly rates > Unemployment rate > Aged 15 and over > All persons – Level, rate or national currency, s.a. – Quarterly",1984-Q4,1984-10-01,7.3,7.3,USA,LRUNTTTT,STSA,Q,United States,Labour Force Survey - quarterly rates > Unemployment rate > Aged 15 and over > All persons,"Level, rate or national currency, s.a.",Quarterly
quarterly,OECD,MEI,Main Economic Indicators Publication,USA.LRUNTTTT.STSA.Q,"United States – Labour Force Survey - quarterly rates > Unemployment rate > Aged 15 and over > All persons – Level, rate or national currency, s.a. – Quarterly",1985-Q1,1985-01-01,7.23333333333333,7.23333333333333,USA,LRUNTTTT,STSA,Q,United States,Labour Force Survey - quarterly rates > Unemployment rate > Aged 15 and over > All persons,"Level, rate or national currency, s.a.",Quarterly
quarterly,OECD,MEI,Main Economic Indicators Publication,USA.LRUNTTTT.STSA.Q,"United States – Labour Force Survey - quarterly rates > Unemployment rate > Aged 15 and over > All persons – Level, rate or national currency, s.a. – Quarterly",1985-Q2,1985-04-01,7.3,7.3,USA,LRUNTTTT,STSA,Q,United States,Labour Force Survey - quarterly rates > Unemployment rate > Aged 15 and over > All persons,"Level, rate or national currency, s.a.",Quarterly
quarterly,OECD,MEI,Main Economic Indicators Publication,USA.LRUNTTTT.STSA.Q,"United States – Labour Force Survey - quarterly rates > Unemployment rate > Aged 15 and over > All persons – Level, rate or national currency, s.a. – Quarterly",1985-Q3,1985-07-01,7.2,7.2,USA,LRUNTTTT,STSA,Q,United States,Labour Force Survey - quarterly rates > Unemployment rate > Aged 15 and over > All persons,"Level, rate or national currency, s.a.",Quarterly
quarterly,OECD,MEI,Main Economic Indicators Publication,USA.LRUNTTTT.STSA.Q,"United States – Labour Force Survey - quarterly rates > Unemployment rate > Aged 15 and over > All persons – Level, rate or national currency, s.a. – Quarterly",1985-Q4,1985-10-01,7.03333333333333,7.03333333333333,USA,LRUNTTTT,STSA,Q,United States,Labour Force Survey - quarterly rates > Unemployment rate > Aged 15 and over > All persons,"Level, rate or national currency, s.a.",Quarterly
quarterly,OECD,MEI,Main Economic Indicators Publication,USA.LRUNTTTT.STSA.Q,"United States – Labour Force Survey - quarterly rates > Unemployment rate > Aged 15 and over > All persons – Level, rate or national currency, s.a. – Quarterly",1986-Q1,1986-01-01,7.03333333333333,7.03333333333333,USA,LRUNTTTT,STSA,Q,United States,Labour Force Survey - quarterly rates > Unemployment rate > Aged 15 and over > All persons,"Level, rate or national currency, s.a.",Quarterly
quarterly,OECD,MEI,Main Economic Indicators Publication,USA.LRUNTTTT.STSA.Q,"United States – Labour Force Survey - quarterly rates > Unemployment rate > Aged 15 and over > All persons – Level, rate or national currency, s.a. – Quarterly",1986-Q2,1986-04-01,7.16666666666667,7.16666666666667,USA,LRUNTTTT,STSA,Q,United States,Labour Force Survey - quarterly rates > Unemployment rate > Aged 15 and over > All persons,"Level, rate or national currency, s.a.",Quarterly
quarterly,OECD,MEI,Main Economic Indicators Publication,USA.LRUNTTTT.STSA.Q,"United States – Labour Force Survey - quarterly rates > Unemployment rate > Aged 15 and over > All persons – Level, rate or national currency, s.a. – Quarterly",1986-Q3,1986-07-01,6.96666666666667,6.96666666666667,USA,LRUNTTTT,STSA,Q,United States,Labour Force Survey - quarterly rates > Unemployment rate > Aged 15 and over > All persons,"Level, rate or national currency, s.a.",Quarterly
quarterly,OECD,MEI,Main Economic Indicators Publication,USA.LRUNTTTT.STSA.Q,"United States – Labour Force Survey - quarterly rates > Unemployment rate > Aged 15 and over > All persons – Level, rate or national currency, s.a. – Quarterly",1986-Q4,1986-10-01,6.83333333333333,6.83333333333333,USA,LRUNTTTT,STSA,Q,United States,Labour Force Survey - quarterly rates > Unemployment rate > Aged 15 and over > All persons,"Level, rate or national currency, s.a.",Quarterly
quarterly,OECD,MEI,Main Economic Indicators Publication,USA.LRUNTTTT.STSA.Q,"United States – Labour Force Survey - quarterly rates > Unemployment rate > Aged 15 and over > All persons – Level, rate or national currency, s.a. – Quarterly",1987-Q1,1987-01-01,6.6,6.6,USA,LRUNTTTT,STSA,Q,United States,Labour Force Survey - quarterly rates > Unemployment rate > Aged 15 and over > All persons,"Level, rate or national currency, s.a.",Quarterly
quarterly,OECD,MEI,Main Economic Indicators Publication,USA.LRUNTTTT.STSA.Q,"United States – Labour Force Survey - quarterly rates > Unemployment rate > Aged 15 and over > All persons – Level, rate or national currency, s.a. – Quarterly",1987-Q2,1987-04-01,6.26666666666667,6.26666666666667,USA,LRUNTTTT,STSA,Q,United States,Labour Force Survey - quarterly rates > Unemployment rate > Aged 15 and over > All persons,"Level, rate or national currency, s.a.",Quarterly
quarterly,OECD,MEI,Main Economic Indicators Publication,USA.LRUNTTTT.STSA.Q,"United States – Labour Force Survey - quarterly rates > Unemployment rate > Aged 15 and over > All persons – Level, rate or national currency, s.a. – Quarterly",1987-Q3,1987-07-01,6.0,6.0,USA,LRUNTTTT,STSA,Q,United States,Labour Force Survey - quarterly rates > Unemployment rate > Aged 15 and over > All persons,"Level, rate or national currency, s.a.",Quarterly
quarterly,OECD,MEI,Main Economic Indicators Publication,USA.LRUNTTTT.STSA.Q,"United States – Labour Force Survey - quarterly rates > Unemployment rate > Aged 15 and over > All persons – Level, rate or national currency, s.a. – Quarterly",1987-Q4,1987-10-01,5.83333333333333,5.83333333333333,USA,LRUNTTTT,STSA,Q,United States,Labour Force Survey - quarterly rates > Unemployment rate > Aged 15 and over > All persons,"Level, rate or national currency, s.a.",Quarterly
quarterly,OECD,MEI,Main Economic Indicators Publication,USA.LRUNTTTT.STSA.Q,"United States – Labour Force Survey - quarterly rates > Unemployment rate > Aged 15 and over > All persons – Level, rate or national currency, s.a. – Quarterly",1988-Q1,1988-01-01,5.7,5.7,USA,LRUNTTTT,STSA,Q,United States,Labour Force Survey - quarterly rates > Unemployment rate > Aged 15 and over > All persons,"Level, rate or national currency, s.a.",Quarterly
quarterly,OECD,MEI,Main Economic Indicators Publication,USA.LRUNTTTT.STSA.Q,"United States – Labour Force Survey - quarterly rates > Unemployment rate > Aged 15 and over > All persons – Level, rate or national currency, s.a. – Quarterly",1988-Q2,1988-04-01,5.46666666666667,5.46666666666667,USA,LRUNTTTT,STSA,Q,United States,Labour Force Survey - quarterly rates > Unemployment rate > Aged 15 and over > All persons,"Level, rate or national currency, s.a.",Quarterly
quarterly,OECD,MEI,Main Economic Indicators Publication,USA.LRUNTTTT.STSA.Q,"United States – Labour Force Survey - quarterly rates > Unemployment rate > Aged 15 and over > All persons – Level, rate or national currency, s.a. – Quarterly",1988-Q3,1988-07-01,5.46666666666667,5.46666666666667,USA,LRUNTTTT,STSA,Q,United States,Labour Force Survey - quarterly rates > Unemployment rate > Aged 15 and over > All persons,"Level, rate or national currency, s.a.",Quarterly
quarterly,OECD,MEI,Main Economic Indicators Publication,USA.LRUNTTTT.STSA.Q,"United States – Labour Force Survey - quarterly rates > Unemployment rate > Aged 15 and over > All persons – Level, rate or national currency, s.a. – Quarterly",1988-Q4,1988-10-01,5.33333333333333,5.33333333333333,USA,LRUNTTTT,STSA,Q,United States,Labour Force Survey - quarterly rates > Unemployment rate > Aged 15 and over > All persons,"Level, rate or national currency, s.a.",Quarterly
quarterly,OECD,MEI,Main Economic Indicators Publication,USA.LRUNTTTT.STSA.Q,"United States – Labour Force Survey - quarterly rates > Unemployment rate > Aged 15 and over > All persons – Level, rate or national currency, s.a. – Quarterly",1989-Q1,1989-01-01,5.2,5.2,USA,LRUNTTTT,STSA,Q,United States,Labour Force Survey - quarterly rates > Unemployment rate > Aged 15 and over > All persons,"Level, rate or national currency, s.a.",Quarterly
quarterly,OECD,MEI,Main Economic Indicators Publication,USA.LRUNTTTT.STSA.Q,"United States – Labour Force Survey - quarterly rates > Unemployment rate > Aged 15 and over > All persons – Level, rate or national currency, s.a. – Quarterly",1989-Q2,1989-04-01,5.23333333333333,5.23333333333333,USA,LRUNTTTT,STSA,Q,United States,Labour Force Survey - quarterly rates > Unemployment rate > Aged 15 and over > All persons,"Level, rate or national currency, s.a.",Quarterly
quarterly,OECD,MEI,Main Economic Indicators Publication,USA.LRUNTTTT.STSA.Q,"United States – Labour Force Survey - quarterly rates > Unemployment rate > Aged 15 and over > All persons – Level, rate or national currency, s.a. – Quarterly",1989-Q3,1989-07-01,5.23333333333333,5.23333333333333,USA,LRUNTTTT,STSA,Q,United States,Labour Force Survey - quarterly rates > Unemployment rate > Aged 15 and over > All persons,"Level, rate or national currency, s.a.",Quarterly
quarterly,OECD,MEI,Main Economic Indicators Publication,USA.LRUNTTTT.STSA.Q,"United States – Labour Force Survey - quarterly rates > Unemployment rate > Aged 15 and over > All persons – Level, rate or national currency, s.a. – Quarterly",1989-Q4,1989-10-01,5.36666666666667,5.36666666666667,USA,LRUNTTTT,STSA,Q,United States,Labour Force Survey - quarterly rates > Unemployment rate > Aged 15 and over > All persons,"Level, rate or national currency, s.a.",Quarterly
quarterly,OECD,MEI,Main Economic Indicators Publication,USA.LRUNTTTT.STSA.Q,"United States – Labour Force Survey - quarterly rates > Unemployment rate > Aged 15 and over > All persons – Level, rate or national currency, s.a. – Quarterly",1990-Q1,1990-01-01,5.3,5.3,USA,LRUNTTTT,STSA,Q,United States,Labour Force Survey - quarterly rates > Unemployment rate > Aged 15 and over > All persons,"Level, rate or national currency, s.a.",Quarterly
quarterly,OECD,MEI,Main Economic Indicators Publication,USA.LRUNTTTT.STSA.Q,"United States – Labour Force Survey - quarterly rates > Unemployment rate > Aged 15 and over > All persons – Level, rate or national currency, s.a. – Quarterly",1990-Q2,1990-04-01,5.33333333333333,5.33333333333333,USA,LRUNTTTT,STSA,Q,United States,Labour Force Survey - quarterly rates > Unemployment rate > Aged 15 and over > All persons,"Level, rate or national currency, s.a.",Quarterly
quarterly,OECD,MEI,Main Economic Indicators Publication,USA.LRUNTTTT.STSA.Q,"United States – Labour Force Survey - quarterly rates > Unemployment rate > Aged 15 and over > All persons – Level, rate or national currency, s.a. – Quarterly",1990-Q3,1990-07-01,5.7,5.7,USA,LRUNTTTT,STSA,Q,United States,Labour Force Survey - quarterly rates > Unemployment rate > Aged 15 and over > All persons,"Level, rate or national currency, s.a.",Quarterly
quarterly,OECD,MEI,Main Economic Indicators Publication,USA.LRUNTTTT.STSA.Q,"United States – Labour Force Survey - quarterly rates > Unemployment rate > Aged 15 and over > All persons – Level, rate or national currency, s.a. – Quarterly",1990-Q4,1990-10-01,6.13333333333333,6.13333333333333,USA,LRUNTTTT,STSA,Q,United States,Labour Force Survey - quarterly rates > Unemployment rate > Aged 15 and over > All persons,"Level, rate or national currency, s.a.",Quarterly
quarterly,OECD,MEI,Main Economic Indicators Publication,USA.LRUNTTTT.STSA.Q,"United States – Labour Force Survey - quarterly rates > Unemployment rate > Aged 15 and over > All persons – Level, rate or national currency, s.a. – Quarterly",1991-Q1,1991-01-01,6.6,6.6,USA,LRUNTTTT,STSA,Q,United States,Labour Force Survey - quarterly rates > Unemployment rate > Aged 15 and over > All persons,"Level, rate or national currency, s.a.",Quarterly
quarterly,OECD,MEI,Main Economic Indicators Publication,USA.LRUNTTTT.STSA.Q,"United States – Labour Force Survey - quarterly rates > Unemployment rate > Aged 15 and over > All persons – Level, rate or national currency, s.a. – Quarterly",1991-Q2,1991-04-01,6.83333333333333,6.83333333333333,USA,LRUNTTTT,STSA,Q,United States,Labour Force Survey - quarterly rates > Unemployment rate > Aged 15 and over > All persons,"Level, rate or national currency, s.a.",Quarterly
quarterly,OECD,MEI,Main Economic Indicators Publication,USA.LRUNTTTT.STSA.Q,"United States – Labour Force Survey - quarterly rates > Unemployment rate > Aged 15 and over > All persons – Level, rate or national currency, s.a. – Quarterly",1991-Q3,1991-07-01,6.86666666666667,6.86666666666667,USA,LRUNTTTT,STSA,Q,United States,Labour Force Survey - quarterly rates > Unemployment rate > Aged 15 and over > All persons,"Level, rate or national currency, s.a.",Quarterly
quarterly,OECD,MEI,Main Economic Indicators Publication,USA.LRUNTTTT.STSA.Q,"United States – Labour Force Survey - quarterly rates > Unemployment rate > Aged 15 and over > All persons – Level, rate or national currency, s.a. – Quarterly",1991-Q4,1991-10-01,7.1,7.1,USA,LRUNTTTT,STSA,Q,United States,Labour Force Survey - quarterly rates > Unemployment rate > Aged 15 and over > All persons,"Level, rate or national currency, s.a.",Quarterly
quarterly,OECD,MEI,Main Economic Indicators Publication,USA.LRUNTTTT.STSA.Q,"United States – Labour Force Survey - quarterly rates > Unemployment rate > Aged 15 and over > All persons – Level, rate or national currency, s.a. – Quarterly",1992-Q1,1992-01-01,7.36666666666667,7.36666666666667,USA,LRUNTTTT,STSA,Q,United States,Labour Force Survey - quarterly rates > Unemployment rate > Aged 15 and over > All persons,"Level, rate or national currency, s.a.",Quarterly
quarterly,OECD,MEI,Main Economic Indicators Publication,USA.LRUNTTTT.STSA.Q,"United States – Labour Force Survey - quarterly rates > Unemployment rate > Aged 15 and over > All persons – Level, rate or national currency, s.a. – Quarterly",1992-Q2,1992-04-01,7.6,7.6,USA,LRUNTTTT,STSA,Q,United States,Labour Force Survey - quarterly rates > Unemployment rate > Aged 15 and over > All persons,"Level, rate or national currency, s.a.",Quarterly
quarterly,OECD,MEI,Main Economic Indicators Publication,USA.LRUNTTTT.STSA.Q,"United States – Labour Force Survey - quarterly rates > Unemployment rate > Aged 15 and over > All persons – Level, rate or national currency, s.a. – Quarterly",1992-Q3,1992-07-01,7.63333333333333,7.63333333333333,USA,LRUNTTTT,STSA,Q,United States,Labour Force Survey - quarterly rates > Unemployment rate > Aged 15 and over > All persons,"Level, rate or national currency, s.a.",Quarterly
quarterly,OECD,MEI,Main Economic Indicators Publication,USA.LRUNTTTT.STSA.Q,"United States – Labour Force Survey - quarterly rates > Unemployment rate > Aged 15 and over > All persons – Level, rate or national currency, s.a. – Quarterly",1992-Q4,1992-10-01,7.36666666666667,7.36666666666667,USA,LRUNTTTT,STSA,Q,United States,Labour Force Survey - quarterly rates > Unemployment rate > Aged 15 and over > All persons,"Level, rate or national currency, s.a.",Quarterly
quarterly,OECD,MEI,Main Economic Indicators Publication,USA.LRUNTTTT.STSA.Q,"United States – Labour Force Survey - quarterly rates > Unemployment rate > Aged 15 and over > All persons – Level, rate or national currency, s.a. – Quarterly",1993-Q1,1993-01-01,7.13333333333333,7.13333333333333,USA,LRUNTTTT,STSA,Q,United States,Labour Force Survey - quarterly rates > Unemployment rate > Aged 15 and over > All persons,"Level, rate or national currency, s.a.",Quarterly
quarterly,OECD,MEI,Main Economic Indicators Publication,USA.LRUNTTTT.STSA.Q,"United States – Labour Force Survey - quarterly rates > Unemployment rate > Aged 15 and over > All persons – Level, rate or national currency, s.a. – Quarterly",1993-Q2,1993-04-01,7.06666666666667,7.06666666666667,USA,LRUNTTTT,STSA,Q,United States,Labour Force Survey - quarterly rates > Unemployment rate > Aged 15 and over > All persons,"Level, rate or national currency, s.a.",Quarterly
quarterly,OECD,MEI,Main Economic Indicators Publication,USA.LRUNTTTT.STSA.Q,"United States – Labour Force Survey - quarterly rates > Unemployment rate > Aged 15 and over > All persons – Level, rate or national currency, s.a. – Quarterly",1993-Q3,1993-07-01,6.8,6.8,USA,LRUNTTTT,STSA,Q,United States,Labour Force Survey - quarterly rates > Unemployment rate > Aged 15 and over > All persons,"Level, rate or national currency, s.a.",Quarterly
quarterly,OECD,MEI,Main Economic Indicators Publication,USA.LRUNTTTT.STSA.Q,"United States – Labour Force Survey - quarterly rates > Unemployment rate > Aged 15 and over > All persons – Level, rate or national currency, s.a. – Quarterly",1993-Q4,1993-10-01,6.63333333333333,6.63333333333333,USA,LRUNTTTT,STSA,Q,United States,Labour Force Survey - quarterly rates > Unemployment rate > Aged 15 and over > All persons,"Level, rate or national currency, s.a.",Quarterly
quarterly,OECD,MEI,Main Economic Indicators Publication,USA.LRUNTTTT.STSA.Q,"United States – Labour Force Survey - quarterly rates > Unemployment rate > Aged 15 and over > All persons – Level, rate or national currency, s.a. – Quarterly",1994-Q1,1994-01-01,6.56666666666667,6.56666666666667,USA,LRUNTTTT,STSA,Q,United States,Labour Force Survey - quarterly rates > Unemployment rate > Aged 15 and over > All persons,"Level, rate or national currency, s.a.",Quarterly
quarterly,OECD,MEI,Main Economic Indicators Publication,USA.LRUNTTTT.STSA.Q,"United States – Labour Force Survey - quarterly rates > Unemployment rate > Aged 15 and over > All persons – Level, rate or national currency, s.a. – Quarterly",1994-Q2,1994-04-01,6.2,6.2,USA,LRUNTTTT,STSA,Q,United States,Labour Force Survey - quarterly rates > Unemployment rate > Aged 15 and over > All persons,"Level, rate or national currency, s.a.",Quarterly
quarterly,OECD,MEI,Main Economic Indicators Publication,USA.LRUNTTTT.STSA.Q,"United States – Labour Force Survey - quarterly rates > Unemployment rate > Aged 15 and over > All persons – Level, rate or national currency, s.a. – Quarterly",1994-Q3,1994-07-01,6.0,6.0,USA,LRUNTTTT,STSA,Q,United States,Labour Force Survey - quarterly rates > Unemployment rate > Aged 15 and over > All persons,"Level, rate or national currency, s.a.",Quarterly
quarterly,OECD,MEI,Main Economic Indicators Publication,USA.LRUNTTTT.STSA.Q,"United States – Labour Force Survey - quarterly rates > Unemployment rate > Aged 15 and over > All persons – Level, rate or national currency, s.a. – Quarterly",1994-Q4,1994-10-01,5.63333333333333,5.63333333333333,USA,LRUNTTTT,STSA,Q,United States,Labour Force Survey - quarterly rates > Unemployment rate > Aged 15 and over > All persons,"Level, rate or national currency, s.a.",Quarterly
quarterly,OECD,MEI,Main Economic Indicators Publication,USA.LRUNTTTT.STSA.Q,"United States – Labour Force Survey - quarterly rates > Unemployment rate > Aged 15 and over > All persons – Level, rate or national currency, s.a. – Quarterly",1995-Q1,1995-01-01,5.46666666666667,5.46666666666667,USA,LRUNTTTT,STSA,Q,United States,Labour Force Survey - quarterly rates > Unemployment rate > Aged 15 and over > All persons,"Level, rate or national currency, s.a.",Quarterly
quarterly,OECD,MEI,Main Economic Indicators Publication,USA.LRUNTTTT.STSA.Q,"United States – Labour Force Survey - quarterly rates > Unemployment rate > Aged 15 and over > All persons – Level, rate or national currency, s.a. – Quarterly",1995-Q2,1995-04-01,5.66666666666667,5.66666666666667,USA,LRUNTTTT,STSA,Q,United States,Labour Force Survey - quarterly rates > Unemployment rate > Aged 15 and over > All persons,"Level, rate or national currency, s.a.",Quarterly
quarterly,OECD,MEI,Main Economic Indicators Publication,USA.LRUNTTTT.STSA.Q,"United States – Labour Force Survey - quarterly rates > Unemployment rate > Aged 15 and over > All persons – Level, rate or national currency, s.a. – Quarterly",1995-Q3,1995-07-01,5.66666666666667,5.66666666666667,USA,LRUNTTTT,STSA,Q,United States,Labour Force Survey - quarterly rates > Unemployment rate > Aged 15 and over > All persons,"Level, rate or national currency, s.a.",Quarterly
quarterly,OECD,MEI,Main Economic Indicators Publication,USA.LRUNTTTT.STSA.Q,"United States – Labour Force Survey - quarterly rates > Unemployment rate > Aged 15 and over > All persons – Level, rate or national currency, s.a. – Quarterly",1995-Q4,1995-10-01,5.56666666666667,5.56666666666667,USA,LRUNTTTT,STSA,Q,United States,Labour Force Survey - quarterly rates > Unemployment rate > Aged 15 and over > All persons,"Level, rate or national currency, s.a.",Quarterly
quarterly,OECD,MEI,Main Economic Indicators Publication,USA.LRUNTTTT.STSA.Q,"United States – Labour Force Survey - quarterly rates > Unemployment rate > Aged 15 and over > All persons – Level, rate or national currency, s.a. – Quarterly",1996-Q1,1996-01-01,5.53333333333333,5.53333333333333,USA,LRUNTTTT,STSA,Q,United States,Labour Force Survey - quarterly rates > Unemployment rate > Aged 15 and over > All persons,"Level, rate or national currency, s.a.",Quarterly
quarterly,OECD,MEI,Main Economic Indicators Publication,USA.LRUNTTTT.STSA.Q,"United States – Labour Force Survey - quarterly rates > Unemployment rate > Aged 15 and over > All persons – Level, rate or national currency, s.a. – Quarterly",1996-Q2,1996-04-01,5.5,5.5,USA,LRUNTTTT,STSA,Q,United States,Labour Force Survey - quarterly rates > Unemployment rate > Aged 15 and over > All persons,"Level, rate or national currency, s.a.",Quarterly
quarterly,OECD,MEI,Main Economic Indicators Publication,USA.LRUNTTTT.STSA.Q,"United States – Labour Force Survey - quarterly rates > Unemployment rate > Aged 15 and over > All persons – Level, rate or national currency, s.a. – Quarterly",1996-Q3,1996-07-01,5.26666666666667,5.26666666666667,USA,LRUNTTTT,STSA,Q,United States,Labour Force Survey - quarterly rates > Unemployment rate > Aged 15 and over > All persons,"Level, rate or national currency, s.a.",Quarterly
quarterly,OECD,MEI,Main Economic Indicators Publication,USA.LRUNTTTT.STSA.Q,"United States – Labour Force Survey - quarterly rates > Unemployment rate > Aged 15 and over > All persons – Level, rate or national currency, s.a. – Quarterly",1996-Q4,1996-10-01,5.33333333333333,5.33333333333333,USA,LRUNTTTT,STSA,Q,United States,Labour Force Survey - quarterly rates > Unemployment rate > Aged 15 and over > All persons,"Level, rate or national currency, s.a.",Quarterly
quarterly,OECD,MEI,Main Economic Indicators Publication,USA.LRUNTTTT.STSA.Q,"United States – Labour Force Survey - quarterly rates > Unemployment rate > Aged 15 and over > All persons – Level, rate or national currency, s.a. – Quarterly",1997-Q1,1997-01-01,5.23333333333333,5.23333333333333,USA,LRUNTTTT,STSA,Q,United States,Labour Force Survey - quarterly rates > Unemployment rate > Aged 15 and over > All persons,"Level, rate or national currency, s.a.",Quarterly
quarterly,OECD,MEI,Main Economic Indicators Publication,USA.LRUNTTTT.STSA.Q,"United States – Labour Force Survey - quarterly rates > Unemployment rate > Aged 15 and over > All persons – Level, rate or national currency, s.a. – Quarterly",1997-Q2,1997-04-01,5.0,5.0,USA,LRUNTTTT,STSA,Q,United States,Labour Force Survey - quarterly rates > Unemployment rate > Aged 15 and over > All persons,"Level, rate or national currency, s.a.",Quarterly
quarterly,OECD,MEI,Main Economic Indicators Publication,USA.LRUNTTTT.STSA.Q,"United States – Labour Force Survey - quarterly rates > Unemployment rate > Aged 15 and over > All persons – Level, rate or national currency, s.a. – Quarterly",1997-Q3,1997-07-01,4.86666666666667,4.86666666666667,USA,LRUNTTTT,STSA,Q,United States,Labour Force Survey - quarterly rates > Unemployment rate > Aged 15 and over > All persons,"Level, rate or national currency, s.a.",Quarterly
quarterly,OECD,MEI,Main Economic Indicators Publication,USA.LRUNTTTT.STSA.Q,"United States – Labour Force Survey - quarterly rates > Unemployment rate > Aged 15 and over > All persons – Level, rate or national currency, s.a. – Quarterly",1997-Q4,1997-10-01,4.66666666666667,4.66666666666667,USA,LRUNTTTT,STSA,Q,United States,Labour Force Survey - quarterly rates > Unemployment rate > Aged 15 and over > All persons,"Level, rate or national currency, s.a.",Quarterly
quarterly,OECD,MEI,Main Economic Indicators Publication,USA.LRUNTTTT.STSA.Q,"United States – Labour Force Survey - quarterly rates > Unemployment rate > Aged 15 and over > All persons – Level, rate or national currency, s.a. – Quarterly",1998-Q1,1998-01-01,4.63333333333333,4.63333333333333,USA,LRUNTTTT,STSA,Q,United States,Labour Force Survey - quarterly rates > Unemployment rate > Aged 15 and over > All persons,"Level, rate or national currency, s.a.",Quarterly
quarterly,OECD,MEI,Main Economic Indicators Publication,USA.LRUNTTTT.STSA.Q,"United States – Labour Force Survey - quarterly rates > Unemployment rate > Aged 15 and over > All persons – Level, rate or national currency, s.a. – Quarterly",1998-Q2,1998-04-01,4.4,4.4,USA,LRUNTTTT,STSA,Q,United States,Labour Force Survey - quarterly rates > Unemployment rate > Aged 15 and over > All persons,"Level, rate or national currency, s.a.",Quarterly
quarterly,OECD,MEI,Main Economic Indicators Publication,USA.LRUNTTTT.STSA.Q,"United States – Labour Force Survey - quarterly rates > Unemployment rate > Aged 15 and over > All persons – Level, rate or national currency, s.a. – Quarterly",1998-Q3,1998-07-01,4.53333333333333,4.53333333333333,USA,LRUNTTTT,STSA,Q,United States,Labour Force Survey - quarterly rates > Unemployment rate > Aged 15 and over > All persons,"Level, rate or national currency, s.a.",Quarterly
quarterly,OECD,MEI,Main Economic Indicators Publication,USA.LRUNTTTT.STSA.Q,"United States – Labour Force Survey - quarterly rates > Unemployment rate > Aged 15 and over > All persons – Level, rate or national currency, s.a. – Quarterly",1998-Q4,1998-10-01,4.43333333333333,4.43333333333333,USA,LRUNTTTT,STSA,Q,United States,Labour Force Survey - quarterly rates > Unemployment rate > Aged 15 and over > All persons,"Level, rate or national currency, s.a.",Quarterly
quarterly,OECD,MEI,Main Economic Indicators Publication,USA.LRUNTTTT.STSA.Q,"United States – Labour Force Survey - quarterly rates > Unemployment rate > Aged 15 and over > All persons – Level, rate or national currency, s.a. – Quarterly",1999-Q1,1999-01-01,4.3,4.3,USA,LRUNTTTT,STSA,Q,United States,Labour Force Survey - quarterly rates > Unemployment rate > Aged 15 and over > All persons,"Level, rate or national currency, s.a.",Quarterly
quarterly,OECD,MEI,Main Economic Indicators Publication,USA.LRUNTTTT.STSA.Q,"United States – Labour Force Survey - quarterly rates > Unemployment rate > Aged 15 and over > All persons – Level, rate or national currency, s.a. – Quarterly",1999-Q2,1999-04-01,4.26666666666667,4.26666666666667,USA,LRUNTTTT,STSA,Q,United States,Labour Force Survey - quarterly rates > Unemployment rate > Aged 15 and over > All persons,"Level, rate or national currency, s.a.",Quarterly
quarterly,OECD,MEI,Main Economic Indicators Publication,USA.LRUNTTTT.STSA.Q,"United States – Labour Force Survey - quarterly rates > Unemployment rate > Aged 15 and over > All persons – Level, rate or national currency, s.a. – Quarterly",1999-Q3,1999-07-01,4.23333333333333,4.23333333333333,USA,LRUNTTTT,STSA,Q,United States,Labour Force Survey - quarterly rates > Unemployment rate > Aged 15 and over > All persons,"Level, rate or national currency, s.a.",Quarterly
quarterly,OECD,MEI,Main Economic Indicators Publication,USA.LRUNTTTT.STSA.Q,"United States – Labour Force Survey - quarterly rates > Unemployment rate > Aged 15 and over > All persons – Level, rate or national currency, s.a. – Quarterly",1999-Q4,1999-10-01,4.06666666666667,4.06666666666667,USA,LRUNTTTT,STSA,Q,United States,Labour Force Survey - quarterly rates > Unemployment rate > Aged 15 and over > All persons,"Level, rate or national currency, s.a.",Quarterly
quarterly,OECD,MEI,Main Economic Indicators Publication,USA.LRUNTTTT.STSA.Q,"United States – Labour Force Survey - quarterly rates > Unemployment rate > Aged 15 and over > All persons – Level, rate or national currency, s.a. – Quarterly",2000-Q1,2000-01-01,4.03333333333333,4.03333333333333,USA,LRUNTTTT,STSA,Q,United States,Labour Force Survey - quarterly rates > Unemployment rate > Aged 15 and over > All persons,"Level, rate or national currency, s.a.",Quarterly
quarterly,OECD,MEI,Main Economic Indicators Publication,USA.LRUNTTTT.STSA.Q,"United States – Labour Force Survey - quarterly rates > Unemployment rate > Aged 15 and over > All persons – Level, rate or national currency, s.a. – Quarterly",2000-Q2,2000-04-01,3.93333333333333,3.93333333333333,USA,LRUNTTTT,STSA,Q,United States,Labour Force Survey - quarterly rates > Unemployment rate > Aged 15 and over > All persons,"Level, rate or national currency, s.a.",Quarterly
quarterly,OECD,MEI,Main Economic Indicators Publication,USA.LRUNTTTT.STSA.Q,"United States – Labour Force Survey - quarterly rates > Unemployment rate > Aged 15 and over > All persons – Level, rate or national currency, s.a. – Quarterly",2000-Q3,2000-07-01,4.0,4.0,USA,LRUNTTTT,STSA,Q,United States,Labour Force Survey - quarterly rates > Unemployment rate > Aged 15 and over > All persons,"Level, rate or national currency, s.a.",Quarterly
quarterly,OECD,MEI,Main Economic Indicators Publication,USA.LRUNTTTT.STSA.Q,"United States – Labour Force Survey - quarterly rates > Unemployment rate > Aged 15 and over > All persons – Level, rate or national currency, s.a. – Quarterly",2000-Q4,2000-10-01,3.9,3.9,USA,LRUNTTTT,STSA,Q,United States,Labour Force Survey - quarterly rates > Unemployment rate > Aged 15 and over > All persons,"Level, rate or national currency, s.a.",Quarterly
quarterly,OECD,MEI,Main Economic Indicators Publication,USA.LRUNTTTT.STSA.Q,"United States – Labour Force Survey - quarterly rates > Unemployment rate > Aged 15 and over > All persons – Level, rate or national currency, s.a. – Quarterly",2001-Q1,2001-01-01,4.23333333333333,4.23333333333333,USA,LRUNTTTT,STSA,Q,United States,Labour Force Survey - quarterly rates > Unemployment rate > Aged 15 and over > All persons,"Level, rate or national currency, s.a.",Quarterly
quarterly,OECD,MEI,Main Economic Indicators Publication,USA.LRUNTTTT.STSA.Q,"United States – Labour Force Survey - quarterly rates > Unemployment rate > Aged 15 and over > All persons – Level, rate or national currency, s.a. – Quarterly",2001-Q2,2001-04-01,4.4,4.4,USA,LRUNTTTT,STSA,Q,United States,Labour Force Survey - quarterly rates > Unemployment rate > Aged 15 and over > All persons,"Level, rate or national currency, s.a.",Quarterly
quarterly,OECD,MEI,Main Economic Indicators Publication,USA.LRUNTTTT.STSA.Q,"United States – Labour Force Survey - quarterly rates > Unemployment rate > Aged 15 and over > All persons – Level, rate or national currency, s.a. – Quarterly",2001-Q3,2001-07-01,4.83333333333333,4.83333333333333,USA,LRUNTTTT,STSA,Q,United States,Labour Force Survey - quarterly rates > Unemployment rate > Aged 15 and over > All persons,"Level, rate or national currency, s.a.",Quarterly
quarterly,OECD,MEI,Main Economic Indicators Publication,USA.LRUNTTTT.STSA.Q,"United States – Labour Force Survey - quarterly rates > Unemployment rate > Aged 15 and over > All persons – Level, rate or national currency, s.a. – Quarterly",2001-Q4,2001-10-01,5.5,5.5,USA,LRUNTTTT,STSA,Q,United States,Labour Force Survey - quarterly rates > Unemployment rate > Aged 15 and over > All persons,"Level, rate or national currency, s.a.",Quarterly
quarterly,OECD,MEI,Main Economic Indicators Publication,USA.LRUNTTTT.STSA.Q,"United States – Labour Force Survey - quarterly rates > Unemployment rate > Aged 15 and over > All persons – Level, rate or national currency, s.a. – Quarterly",2002-Q1,2002-01-01,5.7,5.7,USA,LRUNTTTT,STSA,Q,United States,Labour Force Survey - quarterly rates > Unemployment rate > Aged 15 and over > All persons,"Level, rate or national currency, s.a.",Quarterly
quarterly,OECD,MEI,Main Economic Indicators Publication,USA.LRUNTTTT.STSA.Q,"United States – Labour Force Survey - quarterly rates > Unemployment rate > Aged 15 and over > All persons – Level, rate or national currency, s.a. – Quarterly",2002-Q2,2002-04-01,5.83333333333333,5.83333333333333,USA,LRUNTTTT,STSA,Q,United States,Labour Force Survey - quarterly rates > Unemployment rate > Aged 15 and over > All persons,"Level, rate or national currency, s.a.",Quarterly
quarterly,OECD,MEI,Main Economic Indicators Publication,USA.LRUNTTTT.STSA.Q,"United States – Labour Force Survey - quarterly rates > Unemployment rate > Aged 15 and over > All persons – Level, rate or national currency, s.a. – Quarterly",2002-Q3,2002-07-01,5.73333333333333,5.73333333333333,USA,LRUNTTTT,STSA,Q,United States,Labour Force Survey - quarterly rates > Unemployment rate > Aged 15 and over > All persons,"Level, rate or national currency, s.a.",Quarterly
quarterly,OECD,MEI,Main Economic Indicators Publication,USA.LRUNTTTT.STSA.Q,"United States – Labour Force Survey - quarterly rates > Unemployment rate > Aged 15 and over > All persons – Level, rate or national currency, s.a. – Quarterly",2002-Q4,2002-10-01,5.86666666666667,5.86666666666667,USA,LRUNTTTT,STSA,Q,United States,Labour Force Survey - quarterly rates > Unemployment rate > Aged 15 and over > All persons,"Level, rate or national currency, s.a.",Quarterly
quarterly,OECD,MEI,Main Economic Indicators Publication,USA.LRUNTTTT.STSA.Q,"United States – Labour Force Survey - quarterly rates > Unemployment rate > Aged 15 and over > All persons – Level, rate or national currency, s.a. – Quarterly",2003-Q1,2003-01-01,5.86666666666667,5.86666666666667,USA,LRUNTTTT,STSA,Q,United States,Labour Force Survey - quarterly rates > Unemployment rate > Aged 15 and over > All persons,"Level, rate or national currency, s.a.",Quarterly
quarterly,OECD,MEI,Main Economic Indicators Publication,USA.LRUNTTTT.STSA.Q,"United States – Labour Force Survey - quarterly rates > Unemployment rate > Aged 15 and over > All persons – Level, rate or national currency, s.a. – Quarterly",2003-Q2,2003-04-01,6.13333333333333,6.13333333333333,USA,LRUNTTTT,STSA,Q,United States,Labour Force Survey - quarterly rates > Unemployment rate > Aged 15 and over > All persons,"Level, rate or national currency, s.a.",Quarterly
quarterly,OECD,MEI,Main Economic Indicators Publication,USA.LRUNTTTT.STSA.Q,"United States – Labour Force Survey - quarterly rates > Unemployment rate > Aged 15 and over > All persons – Level, rate or national currency, s.a. – Quarterly",2003-Q3,2003-07-01,6.13333333333333,6.13333333333333,USA,LRUNTTTT,STSA,Q,United States,Labour Force Survey - quarterly rates > Unemployment rate > Aged 15 and over > All persons,"Level, rate or national currency, s.a.",Quarterly
quarterly,OECD,MEI,Main Economic Indicators Publication,USA.LRUNTTTT.STSA.Q,"United States – Labour Force Survey - quarterly rates > Unemployment rate > Aged 15 and over > All persons – Level, rate or national currency, s.a. – Quarterly",2003-Q4,2003-10-01,5.83333333333333,5.83333333333333,USA,LRUNTTTT,STSA,Q,United States,Labour Force Survey - quarterly rates > Unemployment rate > Aged 15 and over > All persons,"Level, rate or national currency, s.a.",Quarterly
quarterly,OECD,MEI,Main Economic Indicators Publication,USA.LRUNTTTT.STSA.Q,"United States – Labour Force Survey - quarterly rates > Unemployment rate > Aged 15 and over > All persons – Level, rate or national currency, s.a. – Quarterly",2004-Q1,2004-01-01,5.7,5.7,USA,LRUNTTTT,STSA,Q,United States,Labour Force Survey - quarterly rates > Unemployment rate > Aged 15 and over > All persons,"Level, rate or national currency, s.a.",Quarterly
quarterly,OECD,MEI,Main Economic Indicators Publication,USA.LRUNTTTT.STSA.Q,"United States – Labour Force Survey - quarterly rates > Unemployment rate > Aged 15 and over > All persons – Level, rate or national currency, s.a. – Quarterly",2004-Q2,2004-04-01,5.6,5.6,USA,LRUNTTTT,STSA,Q,United States,Labour Force Survey - quarterly rates > Unemployment rate > Aged 15 and over > All persons,"Level, rate or national currency, s.a.",Quarterly
quarterly,OECD,MEI,Main Economic Indicators Publication,USA.LRUNTTTT.STSA.Q,"United States – Labour Force Survey - quarterly rates > Unemployment rate > Aged 15 and over > All persons – Level, rate or national currency, s.a. – Quarterly",2004-Q3,2004-07-01,5.43333333333333,5.43333333333333,USA,LRUNTTTT,STSA,Q,United States,Labour Force Survey - quarterly rates > Unemployment rate > Aged 15 and over > All persons,"Level, rate or national currency, s.a.",Quarterly
quarterly,OECD,MEI,Main Economic Indicators Publication,USA.LRUNTTTT.STSA.Q,"United States – Labour Force Survey - quarterly rates > Unemployment rate > Aged 15 and over > All persons – Level, rate or national currency, s.a. – Quarterly",2004-Q4,2004-10-01,5.43333333333333,5.43333333333333,USA,LRUNTTTT,STSA,Q,United States,Labour Force Survey - quarterly rates > Unemployment rate > Aged 15 and over > All persons,"Level, rate or national currency, s.a.",Quarterly
quarterly,OECD,MEI,Main Economic Indicators Publication,USA.LRUNTTTT.STSA.Q,"United States – Labour Force Survey - quarterly rates > Unemployment rate > Aged 15 and over > All persons – Level, rate or national currency, s.a. – Quarterly",2005-Q1,2005-01-01,5.3,5.3,USA,LRUNTTTT,STSA,Q,United States,Labour Force Survey - quarterly rates > Unemployment rate > Aged 15 and over > All persons,"Level, rate or national currency, s.a.",Quarterly
quarterly,OECD,MEI,Main Economic Indicators Publication,USA.LRUNTTTT.STSA.Q,"United States – Labour Force Survey - quarterly rates > Unemployment rate > Aged 15 and over > All persons – Level, rate or national currency, s.a. – Quarterly",2005-Q2,2005-04-01,5.1,5.1,USA,LRUNTTTT,STSA,Q,United States,Labour Force Survey - quarterly rates > Unemployment rate > Aged 15 and over > All persons,"Level, rate or national currency, s.a.",Quarterly
quarterly,OECD,MEI,Main Economic Indicators Publication,USA.LRUNTTTT.STSA.Q,"United States – Labour Force Survey - quarterly rates > Unemployment rate > Aged 15 and over > All persons – Level, rate or national currency, s.a. – Quarterly",2005-Q3,2005-07-01,4.96666666666667,4.96666666666667,USA,LRUNTTTT,STSA,Q,United States,Labour Force Survey - quarterly rates > Unemployment rate > Aged 15 and over > All persons,"Level, rate or national currency, s.a.",Quarterly
quarterly,OECD,MEI,Main Economic Indicators Publication,USA.LRUNTTTT.STSA.Q,"United States – Labour Force Survey - quarterly rates > Unemployment rate > Aged 15 and over > All persons – Level, rate or national currency, s.a. – Quarterly",2005-Q4,2005-10-01,4.96666666666667,4.96666666666667,USA,LRUNTTTT,STSA,Q,United States,Labour Force Survey - quarterly rates > Unemployment rate > Aged 15 and over > All persons,"Level, rate or national currency, s.a.",Quarterly
quarterly,OECD,MEI,Main Economic Indicators Publication,USA.LRUNTTTT.STSA.Q,"United States – Labour Force Survey - quarterly rates > Unemployment rate > Aged 15 and over > All persons – Level, rate or national currency, s.a. – Quarterly",2006-Q1,2006-01-01,4.73333333333333,4.73333333333333,USA,LRUNTTTT,STSA,Q,United States,Labour Force Survey - quarterly rates > Unemployment rate > Aged 15 and over > All persons,"Level, rate or national currency, s.a.",Quarterly
quarterly,OECD,MEI,Main Economic Indicators Publication,USA.LRUNTTTT.STSA.Q,"United States – Labour Force Survey - quarterly rates > Unemployment rate > Aged 15 and over > All persons – Level, rate or national currency, s.a. – Quarterly",2006-Q2,2006-04-01,4.63333333333333,4.63333333333333,USA,LRUNTTTT,STSA,Q,United States,Labour Force Survey - quarterly rates > Unemployment rate > Aged 15 and over > All persons,"Level, rate or national currency, s.a.",Quarterly
quarterly,OECD,MEI,Main Economic Indicators Publication,USA.LRUNTTTT.STSA.Q,"United States – Labour Force Survey - quarterly rates > Unemployment rate > Aged 15 and over > All persons – Level, rate or national currency, s.a. – Quarterly",2006-Q3,2006-07-01,4.63333333333333,4.63333333333333,USA,LRUNTTTT,STSA,Q,United States,Labour Force Survey - quarterly rates > Unemployment rate > Aged 15 and over > All persons,"Level, rate or national currency, s.a.",Quarterly
quarterly,OECD,MEI,Main Economic Indicators Publication,USA.LRUNTTTT.STSA.Q,"United States – Labour Force Survey - quarterly rates > Unemployment rate > Aged 15 and over > All persons – Level, rate or national currency, s.a. – Quarterly",2006-Q4,2006-10-01,4.43333333333333,4.43333333333333,USA,LRUNTTTT,STSA,Q,United States,Labour Force Survey - quarterly rates > Unemployment rate > Aged 15 and over > All persons,"Level, rate or national currency, s.a.",Quarterly
quarterly,OECD,MEI,Main Economic Indicators Publication,USA.LRUNTTTT.STSA.Q,"United States – Labour Force Survey - quarterly rates > Unemployment rate > Aged 15 and over > All persons – Level, rate or national currency, s.a. – Quarterly",2007-Q1,2007-01-01,4.5,4.5,USA,LRUNTTTT,STSA,Q,United States,Labour Force Survey - quarterly rates > Unemployment rate > Aged 15 and over > All persons,"Level, rate or national currency, s.a.",Quarterly
quarterly,OECD,MEI,Main Economic Indicators Publication,USA.LRUNTTTT.STSA.Q,"United States – Labour Force Survey - quarterly rates > Unemployment rate > Aged 15 and over > All persons – Level, rate or national currency, s.a. – Quarterly",2007-Q2,2007-04-01,4.5,4.5,USA,LRUNTTTT,STSA,Q,United States,Labour Force Survey - quarterly rates > Unemployment rate > Aged 15 and over > All persons,"Level, rate or national currency, s.a.",Quarterly
quarterly,OECD,MEI,Main Economic Indicators Publication,USA.LRUNTTTT.STSA.Q,"United States – Labour Force Survey - quarterly rates > Unemployment rate > Aged 15 and over > All persons – Level, rate or national currency, s.a. – Quarterly",2007-Q3,2007-07-01,4.66666666666667,4.66666666666667,USA,LRUNTTTT,STSA,Q,United States,Labour Force Survey - quarterly rates > Unemployment rate > Aged 15 and over > All persons,"Level, rate or national currency, s.a.",Quarterly
quarterly,OECD,MEI,Main Economic Indicators Publication,USA.LRUNTTTT.STSA.Q,"United States – Labour Force Survey - quarterly rates > Unemployment rate > Aged 15 and over > All persons – Level, rate or national currency, s.a. – Quarterly",2007-Q4,2007-10-01,4.8,4.8,USA,LRUNTTTT,STSA,Q,United States,Labour Force Survey - quarterly rates > Unemployment rate > Aged 15 and over > All persons,"Level, rate or national currency, s.a.",Quarterly
quarterly,OECD,MEI,Main Economic Indicators Publication,USA.LRUNTTTT.STSA.Q,"United States – Labour Force Survey - quarterly rates > Unemployment rate > Aged 15 and over > All persons – Level, rate or national currency, s.a. – Quarterly",2008-Q1,2008-01-01,5.0,5.0,USA,LRUNTTTT,STSA,Q,United States,Labour Force Survey - quarterly rates > Unemployment rate > Aged 15 and over > All persons,"Level, rate or national currency, s.a.",Quarterly
quarterly,OECD,MEI,Main Economic Indicators Publication,USA.LRUNTTTT.STSA.Q,"United States – Labour Force Survey - quarterly rates > Unemployment rate > Aged 15 and over > All persons – Level, rate or national currency, s.a. – Quarterly",2008-Q2,2008-04-01,5.33333333333333,5.33333333333333,USA,LRUNTTTT,STSA,Q,United States,Labour Force Survey - quarterly rates > Unemployment rate > Aged 15 and over > All persons,"Level, rate or national currency, s.a.",Quarterly
quarterly,OECD,MEI,Main Economic Indicators Publication,USA.LRUNTTTT.STSA.Q,"United States – Labour Force Survey - quarterly rates > Unemployment rate > Aged 15 and over > All persons – Level, rate or national currency, s.a. – Quarterly",2008-Q3,2008-07-01,6.0,6.0,USA,LRUNTTTT,STSA,Q,United States,Labour Force Survey - quarterly rates > Unemployment rate > Aged 15 and over > All persons,"Level, rate or national currency, s.a.",Quarterly
quarterly,OECD,MEI,Main Economic Indicators Publication,USA.LRUNTTTT.STSA.Q,"United States – Labour Force Survey - quarterly rates > Unemployment rate > Aged 15 and over > All persons – Level, rate or national currency, s.a. – Quarterly",2008-Q4,2008-10-01,6.86666666666667,6.86666666666667,USA,LRUNTTTT,STSA,Q,United States,Labour Force Survey - quarterly rates > Unemployment rate > Aged 15 and over > All persons,"Level, rate or national currency, s.a.",Quarterly
quarterly,OECD,MEI,Main Economic Indicators Publication,USA.LRUNTTTT.STSA.Q,"United States – Labour Force Survey - quarterly rates > Unemployment rate > Aged 15 and over > All persons – Level, rate or national currency, s.a. – Quarterly",2009-Q1,2009-01-01,8.26666666666667,8.26666666666667,USA,LRUNTTTT,STSA,Q,United States,Labour Force Survey - quarterly rates > Unemployment rate > Aged 15 and over > All persons,"Level, rate or national currency, s.a.",Quarterly
quarterly,OECD,MEI,Main Economic Indicators Publication,USA.LRUNTTTT.STSA.Q,"United States – Labour Force Survey - quarterly rates > Unemployment rate > Aged 15 and over > All persons – Level, rate or national currency, s.a. – Quarterly",2009-Q2,2009-04-01,9.3,9.3,USA,LRUNTTTT,STSA,Q,United States,Labour Force Survey - quarterly rates > Unemployment rate > Aged 15 and over > All persons,"Level, rate or national currency, s.a.",Quarterly
quarterly,OECD,MEI,Main Economic Indicators Publication,USA.LRUNTTTT.STSA.Q,"United States – Labour Force Survey - quarterly rates > Unemployment rate > Aged 15 and over > All persons – Level, rate or national currency, s.a. – Quarterly",2009-Q3,2009-07-01,9.63333333333334,9.63333333333334,USA,LRUNTTTT,STSA,Q,United States,Labour Force Survey - quarterly rates > Unemployment rate > Aged 15 and over > All persons,"Level, rate or national currency, s.a.",Quarterly
quarterly,OECD,MEI,Main Economic Indicators Publication,USA.LRUNTTTT.STSA.Q,"United States – Labour Force Survey - quarterly rates > Unemployment rate > Aged 15 and over > All persons – Level, rate or national currency, s.a. – Quarterly",2009-Q4,2009-10-01,9.93333333333333,9.93333333333333,USA,LRUNTTTT,STSA,Q,United States,Labour Force Survey - quarterly rates > Unemployment rate > Aged 15 and over > All persons,"Level, rate or national currency, s.a.",Quarterly
quarterly,OECD,MEI,Main Economic Indicators Publication,USA.LRUNTTTT.STSA.Q,"United States – Labour Force Survey - quarterly rates > Unemployment rate > Aged 15 and over > All persons – Level, rate or national currency, s.a. – Quarterly",2010-Q1,2010-01-01,9.83333333333334,9.83333333333334,USA,LRUNTTTT,STSA,Q,United States,Labour Force Survey - quarterly rates > Unemployment rate > Aged 15 and over > All persons,"Level, rate or national currency, s.a.",Quarterly
quarterly,OECD,MEI,Main Economic Indicators Publication,USA.LRUNTTTT.STSA.Q,"United States – Labour Force Survey - quarterly rates > Unemployment rate > Aged 15 and over > All persons – Level, rate or national currency, s.a. – Quarterly",2010-Q2,2010-04-01,9.63333333333333,9.63333333333333,USA,LRUNTTTT,STSA,Q,United States,Labour Force Survey - quarterly rates > Unemployment rate > Aged 15 and over > All persons,"Level, rate or national currency, s.a.",Quarterly
quarterly,OECD,MEI,Main Economic Indicators Publication,USA.LRUNTTTT.STSA.Q,"United States – Labour Force Survey - quarterly rates > Unemployment rate > Aged 15 and over > All persons – Level, rate or national currency, s.a. – Quarterly",2010-Q3,2010-07-01,9.46666666666667,9.46666666666667,USA,LRUNTTTT,STSA,Q,United States,Labour Force Survey - quarterly rates > Unemployment rate > Aged 15 and over > All persons,"Level, rate or national currency, s.a.",Quarterly
quarterly,OECD,MEI,Main Economic Indicators Publication,USA.LRUNTTTT.STSA.Q,"United States – Labour Force Survey - quarterly rates > Unemployment rate > Aged 15 and over > All persons – Level, rate or national currency, s.a. – Quarterly",2010-Q4,2010-10-01,9.5,9.5,USA,LRUNTTTT,STSA,Q,United States,Labour Force Survey - quarterly rates > Unemployment rate > Aged 15 and over > All persons,"Level, rate or national currency, s.a.",Quarterly
quarterly,OECD,MEI,Main Economic Indicators Publication,USA.LRUNTTTT.STSA.Q,"United States – Labour Force Survey - quarterly rates > Unemployment rate > Aged 15 and over > All persons – Level, rate or national currency, s.a. – Quarterly",2011-Q1,2011-01-01,9.03333333333333,9.03333333333333,USA,LRUNTTTT,STSA,Q,United States,Labour Force Survey - quarterly rates > Unemployment rate > Aged 15 and over > All persons,"Level, rate or national currency, s.a.",Quarterly
quarterly,OECD,MEI,Main Economic Indicators Publication,USA.LRUNTTTT.STSA.Q,"United States – Labour Force Survey - quarterly rates > Unemployment rate > Aged 15 and over > All persons – Level, rate or national currency, s.a. – Quarterly",2011-Q2,2011-04-01,9.06666666666667,9.06666666666667,USA,LRUNTTTT,STSA,Q,United States,Labour Force Survey - quarterly rates > Unemployment rate > Aged 15 and over > All persons,"Level, rate or national currency, s.a.",Quarterly
quarterly,OECD,MEI,Main Economic Indicators Publication,USA.LRUNTTTT.STSA.Q,"United States – Labour Force Survey - quarterly rates > Unemployment rate > Aged 15 and over > All persons – Level, rate or national currency, s.a. – Quarterly",2011-Q3,2011-07-01,9.0,9.0,USA,LRUNTTTT,STSA,Q,United States,Labour Force Survey - quarterly rates > Unemployment rate > Aged 15 and over > All persons,"Level, rate or national currency, s.a.",Quarterly
quarterly,OECD,MEI,Main Economic Indicators Publication,USA.LRUNTTTT.STSA.Q,"United States – Labour Force Survey - quarterly rates > Unemployment rate > Aged 15 and over > All persons – Level, rate or national currency, s.a. – Quarterly",2011-Q4,2011-10-01,8.63333333333333,8.63333333333333,USA,LRUNTTTT,STSA,Q,United States,Labour Force Survey - quarterly rates > Unemployment rate > Aged 15 and over > All persons,"Level, rate or national currency, s.a.",Quarterly
quarterly,OECD,MEI,Main Economic Indicators Publication,USA.LRUNTTTT.STSA.Q,"United States – Labour Force Survey - quarterly rates > Unemployment rate > Aged 15 and over > All persons – Level, rate or national currency, s.a. – Quarterly",2012-Q1,2012-01-01,8.26666666666667,8.26666666666667,USA,LRUNTTTT,STSA,Q,United States,Labour Force Survey - quarterly rates > Unemployment rate > Aged 15 and over > All persons,"Level, rate or national currency, s.a.",Quarterly
quarterly,OECD,MEI,Main Economic Indicators Publication,USA.LRUNTTTT.STSA.Q,"United States – Labour Force Survey - quarterly rates > Unemployment rate > Aged 15 and over > All persons – Level, rate or national currency, s.a. – Quarterly",2012-Q2,2012-04-01,8.2,8.2,USA,LRUNTTTT,STSA,Q,United States,Labour Force Survey - quarterly rates > Unemployment rate > Aged 15 and over > All persons,"Level, rate or national currency, s.a.",Quarterly
quarterly,OECD,MEI,Main Economic Indicators Publication,USA.LRUNTTTT.STSA.Q,"United States – Labour Force Survey - quarterly rates > Unemployment rate > Aged 15 and over > All persons – Level, rate or national currency, s.a. – Quarterly",2012-Q3,2012-07-01,8.03333333333333,8.03333333333333,USA,LRUNTTTT,STSA,Q,United States,Labour Force Survey - quarterly rates > Unemployment rate > Aged 15 and over > All persons,"Level, rate or national currency, s.a.",Quarterly
quarterly,OECD,MEI,Main Economic Indicators Publication,USA.LRUNTTTT.STSA.Q,"United States – Labour Force Survey - quarterly rates > Unemployment rate > Aged 15 and over > All persons – Level, rate or national currency, s.a. – Quarterly",2012-Q4,2012-10-01,7.8,7.8,USA,LRUNTTTT,STSA,Q,United States,Labour Force Survey - quarterly rates > Unemployment rate > Aged 15 and over > All persons,"Level, rate or national currency, s.a.",Quarterly
quarterly,OECD,MEI,Main Economic Indicators Publication,USA.LRUNTTTT.STSA.Q,"United States – Labour Force Survey - quarterly rates > Unemployment rate > Aged 15 and over > All persons – Level, rate or national currency, s.a. – Quarterly",2013-Q1,2013-01-01,7.73333333333333,7.73333333333333,USA,LRUNTTTT,STSA,Q,United States,Labour Force Survey - quarterly rates > Unemployment rate > Aged 15 and over > All persons,"Level, rate or national currency, s.a.",Quarterly
quarterly,OECD,MEI,Main Economic Indicators Publication,USA.LRUNTTTT.STSA.Q,"United States – Labour Force Survey - quarterly rates > Unemployment rate > Aged 15 and over > All persons – Level, rate or national currency, s.a. – Quarterly",2013-Q2,2013-04-01,7.53333333333333,7.53333333333333,USA,LRUNTTTT,STSA,Q,United States,Labour Force Survey - quarterly rates > Unemployment rate > Aged 15 and over > All persons,"Level, rate or national currency, s.a.",Quarterly
quarterly,OECD,MEI,Main Economic Indicators Publication,USA.LRUNTTTT.STSA.Q,"United States – Labour Force Survey - quarterly rates > Unemployment rate > Aged 15 and over > All persons – Level, rate or national currency, s.a. – Quarterly",2013-Q3,2013-07-01,7.23333333333333,7.23333333333333,USA,LRUNTTTT,STSA,Q,United States,Labour Force Survey - quarterly rates > Unemployment rate > Aged 15 and over > All persons,"Level, rate or national currency, s.a.",Quarterly
quarterly,OECD,MEI,Main Economic Indicators Publication,USA.LRUNTTTT.STSA.Q,"United States – Labour Force Survey - quarterly rates > Unemployment rate > Aged 15 and over > All persons – Level, rate or national currency, s.a. – Quarterly",2013-Q4,2013-10-01,6.93333333333333,6.93333333333333,USA,LRUNTTTT,STSA,Q,United States,Labour Force Survey - quarterly rates > Unemployment rate > Aged 15 and over > All persons,"Level, rate or national currency, s.a.",Quarterly
quarterly,OECD,MEI,Main Economic Indicators Publication,USA.LRUNTTTT.STSA.Q,"United States – Labour Force Survey - quarterly rates > Unemployment rate > Aged 15 and over > All persons – Level, rate or national currency, s.a. – Quarterly",2014-Q1,2014-01-01,6.66666666666667,6.66666666666667,USA,LRUNTTTT,STSA,Q,United States,Labour Force Survey - quarterly rates > Unemployment rate > Aged 15 and over > All persons,"Level, rate or national currency, s.a.",Quarterly
quarterly,OECD,MEI,Main Economic Indicators Publication,USA.LRUNTTTT.STSA.Q,"United States – Labour Force Survey - quarterly rates > Unemployment rate > Aged 15 and over > All persons – Level, rate or national currency, s.a. – Quarterly",2014-Q2,2014-04-01,6.2,6.2,USA,LRUNTTTT,STSA,Q,United States,Labour Force Survey - quarterly rates > Unemployment rate > Aged 15 and over > All persons,"Level, rate or national currency, s.a.",Quarterly
quarterly,OECD,MEI,Main Economic Indicators Publication,USA.LRUNTTTT.STSA.Q,"United States – Labour Force Survey - quarterly rates > Unemployment rate > Aged 15 and over > All persons – Level, rate or national currency, s.a. – Quarterly",2014-Q3,2014-07-01,6.06666666666667,6.06666666666667,USA,LRUNTTTT,STSA,Q,United States,Labour Force Survey - quarterly rates > Unemployment rate > Aged 15 and over > All persons,"Level, rate or national currency, s.a.",Quarterly
quarterly,OECD,MEI,Main Economic Indicators Publication,USA.LRUNTTTT.STSA.Q,"United States – Labour Force Survey - quarterly rates > Unemployment rate > Aged 15 and over > All persons – Level, rate or national currency, s.a. – Quarterly",2014-Q4,2014-10-01,5.7,5.7,USA,LRUNTTTT,STSA,Q,United States,Labour Force Survey - quarterly rates > Unemployment rate > Aged 15 and over > All persons,"Level, rate or national currency, s.a.",Quarterly
quarterly,OECD,MEI,Main Economic Indicators Publication,USA.LRUNTTTT.STSA.Q,"United States – Labour Force Survey - quarterly rates > Unemployment rate > Aged 15 and over > All persons – Level, rate or national currency, s.a. – Quarterly",2015-Q1,2015-01-01,5.53333333333333,5.53333333333333,USA,LRUNTTTT,STSA,Q,United States,Labour Force Survey - quarterly rates > Unemployment rate > Aged 15 and over > All persons,"Level, rate or national currency, s.a.",Quarterly
quarterly,OECD,MEI,Main Economic Indicators Publication,USA.LRUNTTTT.STSA.Q,"United States – Labour Force Survey - quarterly rates > Unemployment rate > Aged 15 and over > All persons – Level, rate or national currency, s.a. – Quarterly",2015-Q2,2015-04-01,5.43333333333333,5.43333333333333,USA,LRUNTTTT,STSA,Q,United States,Labour Force Survey - quarterly rates > Unemployment rate > Aged 15 and over > All persons,"Level, rate or national currency, s.a.",Quarterly
quarterly,OECD,MEI,Main Economic Indicators Publication,USA.LRUNTTTT.STSA.Q,"United States – Labour Force Survey - quarterly rates > Unemployment rate > Aged 15 and over > All persons – Level, rate or national currency, s.a. – Quarterly",2015-Q3,2015-07-01,5.1,5.1,USA,LRUNTTTT,STSA,Q,United States,Labour Force Survey - quarterly rates > Unemployment rate > Aged 15 and over > All persons,"Level, rate or national currency, s.a.",Quarterly
quarterly,OECD,MEI,Main Economic Indicators Publication,USA.LRUNTTTT.STSA.Q,"United States – Labour Force Survey - quarterly rates > Unemployment rate > Aged 15 and over > All persons – Level, rate or national currency, s.a. – Quarterly",2015-Q4,2015-10-01,5.03333333333333,5.03333333333333,USA,LRUNTTTT,STSA,Q,United States,Labour Force Survey - quarterly rates > Unemployment rate > Aged 15 and over > All persons,"Level, rate or national currency, s.a.",Quarterly
quarterly,OECD,MEI,Main Economic Indicators Publication,USA.LRUNTTTT.STSA.Q,"United States – Labour Force Survey - quarterly rates > Unemployment rate > Aged 15 and over > All persons – Level, rate or national currency, s.a. – Quarterly",2016-Q1,2016-01-01,4.9,4.9,USA,LRUNTTTT,STSA,Q,United States,Labour Force Survey - quarterly rates > Unemployment rate > Aged 15 and over > All persons,"Level, rate or national currency, s.a.",Quarterly
quarterly,OECD,MEI,Main Economic Indicators Publication,USA.LRUNTTTT.STSA.Q,"United States – Labour Force Survey - quarterly rates > Unemployment rate > Aged 15 and over > All persons – Level, rate or national currency, s.a. – Quarterly",2016-Q2,2016-04-01,4.93333333333333,4.93333333333333,USA,LRUNTTTT,STSA,Q,United States,Labour Force Survey - quarterly rates > Unemployment rate > Aged 15 and over > All persons,"Level, rate or national currency, s.a.",Quarterly
quarterly,OECD,MEI,Main Economic Indicators Publication,USA.LRUNTTTT.STSA.Q,"United States – Labour Force Survey - quarterly rates > Unemployment rate > Aged 15 and over > All persons – Level, rate or national currency, s.a. – Quarterly",2016-Q3,2016-07-01,4.9,4.9,USA,LRUNTTTT,STSA,Q,United States,Labour Force Survey - quarterly rates > Unemployment rate > Aged 15 and over > All persons,"Level, rate or national currency, s.a.",Quarterly
quarterly,OECD,MEI,Main Economic Indicators Publication,USA.LRUNTTTT.STSA.Q,"United States – Labour Force Survey - quarterly rates > Unemployment rate > Aged 15 and over > All persons – Level, rate or national currency, s.a. – Quarterly",2016-Q4,2016-10-01,4.76666666666667,4.76666666666667,USA,LRUNTTTT,STSA,Q,United States,Labour Force Survey - quarterly rates > Unemployment rate > Aged 15 and over > All persons,"Level, rate or national currency, s.a.",Quarterly
quarterly,OECD,MEI,Main Economic Indicators Publication,USA.LRUNTTTT.STSA.Q,"United States – Labour Force Survey - quarterly rates > Unemployment rate > Aged 15 and over > All persons – Level, rate or national currency, s.a. – Quarterly",2017-Q1,2017-01-01,4.56666666666667,4.56666666666667,USA,LRUNTTTT,STSA,Q,United States,Labour Force Survey - quarterly rates > Unemployment rate > Aged 15 and over > All persons,"Level, rate or national currency, s.a.",Quarterly
quarterly,OECD,MEI,Main Economic Indicators Publication,USA.LRUNTTTT.STSA.Q,"United States – Labour Force Survey - quarterly rates > Unemployment rate > Aged 15 and over > All persons – Level, rate or national currency, s.a. – Quarterly",2017-Q2,2017-04-01,4.36666666666667,4.36666666666667,USA,LRUNTTTT,STSA,Q,United States,Labour Force Survey - quarterly rates > Unemployment rate > Aged 15 and over > All persons,"Level, rate or national currency, s.a.",Quarterly
quarterly,OECD,MEI,Main Economic Indicators Publication,USA.LRUNTTTT.STSA.Q,"United States – Labour Force Survey - quarterly rates > Unemployment rate > Aged 15 and over > All persons – Level, rate or national currency, s.a. – Quarterly",2017-Q3,2017-07-01,4.33333333333333,4.33333333333333,USA,LRUNTTTT,STSA,Q,United States,Labour Force Survey - quarterly rates > Unemployment rate > Aged 15 and over > All persons,"Level, rate or national currency, s.a.",Quarterly
quarterly,OECD,MEI,Main Economic Indicators Publication,USA.LRUNTTTT.STSA.Q,"United States – Labour Force Survey - quarterly rates > Unemployment rate > Aged 15 and over > All persons – Level, rate or national currency, s.a. – Quarterly",2017-Q4,2017-10-01,4.16666666666667,4.16666666666667,USA,LRUNTTTT,STSA,Q,United States,Labour Force Survey - quarterly rates > Unemployment rate > Aged 15 and over > All persons,"Level, rate or national currency, s.a.",Quarterly
quarterly,OECD,MEI,Main Economic Indicators Publication,USA.LRUNTTTT.STSA.Q,"United States – Labour Force Survey - quarterly rates > Unemployment rate > Aged 15 and over > All persons – Level, rate or national currency, s.a. – Quarterly",2018-Q1,2018-01-01,4.03333333333333,4.03333333333333,USA,LRUNTTTT,STSA,Q,United States,Labour Force Survey - quarterly rates > Unemployment rate > Aged 15 and over > All persons,"Level, rate or national currency, s.a.",Quarterly
quarterly,OECD,MEI,Main Economic Indicators Publication,USA.LRUNTTTT.STSA.Q,"United States – Labour Force Survey - quarterly rates > Unemployment rate > Aged 15 and over > All persons – Level, rate or national currency, s.a. – Quarterly",2018-Q2,2018-04-01,3.93333333333333,3.93333333333333,USA,LRUNTTTT,STSA,Q,United States,Labour Force Survey - quarterly rates > Unemployment rate > Aged 15 and over > All persons,"Level, rate or national currency, s.a.",Quarterly
quarterly,OECD,MEI,Main Economic Indicators Publication,USA.LRUNTTTT.STSA.Q,"United States – Labour Force Survey - quarterly rates > Unemployment rate > Aged 15 and over > All persons – Level, rate or national currency, s.a. – Quarterly",2018-Q3,2018-07-01,3.76666666666667,3.76666666666667,USA,LRUNTTTT,STSA,Q,United States,Labour Force Survey - quarterly rates > Unemployment rate > Aged 15 and over > All persons,"Level, rate or national currency, s.a.",Quarterly
quarterly,OECD,MEI,Main Economic Indicators Publication,USA.LRUNTTTT.STSA.Q,"United States – Labour Force Survey - quarterly rates > Unemployment rate > Aged 15 and over > All persons – Level, rate or national currency, s.a. – Quarterly",2018-Q4,2018-10-01,3.83333333333333,3.83333333333333,USA,LRUNTTTT,STSA,Q,United States,Labour Force Survey - quarterly rates > Unemployment rate > Aged 15 and over > All persons,"Level, rate or national currency, s.a.",Quarterly
quarterly,OECD,MEI,Main Economic Indicators Publication,USA.LRUNTTTT.STSA.Q,"United States – Labour Force Survey - quarterly rates > Unemployment rate > Aged 15 and over > All persons – Level, rate or national currency, s.a. – Quarterly",2019-Q1,2019-01-01,3.86666666666667,3.86666666666667,USA,LRUNTTTT,STSA,Q,United States,Labour Force Survey - quarterly rates > Unemployment rate > Aged 15 and over > All persons,"Level, rate or national currency, s.a.",Quarterly
quarterly,OECD,MEI,Main Economic Indicators Publication,USA.LRUNTTTT.STSA.Q,"United States – Labour Force Survey - quarterly rates > Unemployment rate > Aged 15 and over > All persons – Level, rate or national currency, s.a. – Quarterly",2019-Q2,2019-04-01,3.63333333333333,3.63333333333333,USA,LRUNTTTT,STSA,Q,United States,Labour Force Survey - quarterly rates > Unemployment rate > Aged 15 and over > All persons,"Level, rate or national currency, s.a.",Quarterly
quarterly,OECD,MEI,Main Economic Indicators Publication,USA.LRUNTTTT.STSA.Q,"United States – Labour Force Survey - quarterly rates > Unemployment rate > Aged 15 and over > All persons – Level, rate or national currency, s.a. – Quarterly",2019-Q3,2019-07-01,3.6,3.6,USA,LRUNTTTT,STSA,Q,United States,Labour Force Survey - quarterly rates > Unemployment rate > Aged 15 and over > All persons,"Level, rate or national currency, s.a.",Quarterly
quarterly,OECD,MEI,Main Economic Indicators Publication,USA.LRUNTTTT.STSA.Q,"United States – Labour Force Survey - quarterly rates > Unemployment rate > Aged 15 and over > All persons – Level, rate or national currency, s.a. – Quarterly",2019-Q4,2019-10-01,3.6,3.6,USA,LRUNTTTT,STSA,Q,United States,Labour Force Survey - quarterly rates > Unemployment rate > Aged 15 and over > All persons,"Level, rate or national currency, s.a.",Quarterly
quarterly,OECD,MEI,Main Economic Indicators Publication,USA.LRUNTTTT.STSA.Q,"United States – Labour Force Survey - quarterly rates > Unemployment rate > Aged 15 and over > All persons – Level, rate or national currency, s.a. – Quarterly",2020-Q1,2020-01-01,3.83333333333333,3.83333333333333,USA,LRUNTTTT,STSA,Q,United States,Labour Force Survey - quarterly rates > Unemployment rate > Aged 15 and over > All persons,"Level, rate or national currency, s.a.",Quarterly
quarterly,OECD,MEI,Main Economic Indicators Publication,USA.LRUNTTTT.STSA.Q,"United States – Labour Force Survey - quarterly rates > Unemployment rate > Aged 15 and over > All persons – Level, rate or national currency, s.a. – Quarterly",2020-Q2,2020-04-01,13.0,13.0,USA,LRUNTTTT,STSA,Q,United States,Labour Force Survey - quarterly rates > Unemployment rate > Aged 15 and over > All persons,"Level, rate or national currency, s.a.",Quarterly
quarterly,OECD,MEI,Main Economic Indicators Publication,USA.LRUNTTTT.STSA.Q,"United States – Labour Force Survey - quarterly rates > Unemployment rate > Aged 15 and over > All persons – Level, rate or national currency, s.a. – Quarterly",2020-Q3,2020-07-01,8.8,8.8,USA,LRUNTTTT,STSA,Q,United States,Labour Force Survey - quarterly rates > Unemployment rate > Aged 15 and over > All persons,"Level, rate or national currency, s.a.",Quarterly
quarterly,OECD,MEI,Main Economic Indicators Publication,USA.LRUNTTTT.STSA.Q,"United States – Labour Force Survey - quarterly rates > Unemployment rate > Aged 15 and over > All persons – Level, rate or national currency, s.a. – Quarterly",2020-Q4,2020-10-01,6.73333333333333,6.73333333333333,USA,LRUNTTTT,STSA,Q,United States,Labour Force Survey - quarterly rates > Unemployment rate > Aged 15 and over > All persons,"Level, rate or national currency, s.a.",Quarterly
quarterly,OECD,MEI,Main Economic Indicators Publication,USA.LRUNTTTT.STSA.Q,"United States – Labour Force Survey - quarterly rates > Unemployment rate > Aged 15 and over > All persons – Level, rate or national currency, s.a. – Quarterly",2021-Q1,2021-01-01,6.23333333333333,6.23333333333333,USA,LRUNTTTT,STSA,Q,United States,Labour Force Survey - quarterly rates > Unemployment rate > Aged 15 and over > All persons,"Level, rate or national currency, s.a.",Quarterly
quarterly,OECD,MEI,Main Economic Indicators Publication,USA.LRUNTTTT.STSA.Q,"United States – Labour Force Survey - quarterly rates > Unemployment rate > Aged 15 and over > All persons – Level, rate or national currency, s.a. – Quarterly",2021-Q2,2021-04-01,5.93333333333333,5.93333333333333,USA,LRUNTTTT,STSA,Q,United States,Labour Force Survey - quarterly rates > Unemployment rate > Aged 15 and over > All persons,"Level, rate or national currency, s.a.",Quarterly
quarterly,OECD,MEI,Main Economic Indicators Publication,USA.LRUNTTTT.STSA.Q,"United States – Labour Force Survey - quarterly rates > Unemployment rate > Aged 15 and over > All persons – Level, rate or national currency, s.a. – Quarterly",2021-Q3,2021-07-01,5.06666666666667,5.06666666666667,USA,LRUNTTTT,STSA,Q,United States,Labour Force Survey - quarterly rates > Unemployment rate > Aged 15 and over > All persons,"Level, rate or national currency, s.a.",Quarterly
quarterly,OECD,MEI,Main Economic Indicators Publication,USA.LRUNTTTT.STSA.Q,"United States – Labour Force Survey - quarterly rates > Unemployment rate > Aged 15 and over > All persons – Level, rate or national currency, s.a. – Quarterly",2021-Q4,2021-10-01,4.16666666666667,4.16666666666667,USA,LRUNTTTT,STSA,Q,United States,Labour Force Survey - quarterly rates > Unemployment rate > Aged 15 and over > All persons,"Level, rate or national currency, s.a.",Quarterly
quarterly,OECD,MEI,Main Economic Indicators Publication,USA.LRUNTTTT.STSA.Q,"United States – Labour Force Survey - quarterly rates > Unemployment rate > Aged 15 and over > All persons – Level, rate or national currency, s.a. – Quarterly",2022-Q1,2022-01-01,3.8,3.8,USA,LRUNTTTT,STSA,Q,United States,Labour Force Survey - quarterly rates > Unemployment rate > Aged 15 and over > All persons,"Level, rate or national currency, s.a.",Quarterly
quarterly,OECD,MEI,Main Economic Indicators Publication,USA.LRUNTTTT.STSA.Q,"United States – Labour Force Survey - quarterly rates > Unemployment rate > Aged 15 and over > All persons – Level, rate or national currency, s.a. – Quarterly",2022-Q2,2022-04-01,3.63333333333333,3.63333333333333,USA,LRUNTTTT,STSA,Q,United States,Labour Force Survey - quarterly rates > Unemployment rate > Aged 15 and over > All persons,"Level, rate or national currency, s.a.",Quarterly
quarterly,OECD,MEI,Main Economic Indicators Publication,USA.LRUNTTTT.STSA.Q,"United States – Labour Force Survey - quarterly rates > Unemployment rate > Aged 15 and over > All persons – Level, rate or national currency, s.a. – Quarterly",2022-Q3,2022-07-01,3.53333333333333,3.53333333333333,USA,LRUNTTTT,STSA,Q,United States,Labour Force Survey - quarterly rates > Unemployment rate > Aged 15 and over > All persons,"Level, rate or national currency, s.a.",Quarterly
quarterly,OECD,MEI,Main Economic Indicators Publication,USA.LRUNTTTT.STSA.Q,"United States – Labour Force Survey - quarterly rates > Unemployment rate > Aged 15 and over > All persons – Level, rate or national currency, s.a. – Quarterly",2022-Q4,2022-10-01,3.56666666666667,3.56666666666667,USA,LRUNTTTT,STSA,Q,United States,Labour Force Survey - quarterly rates > Unemployment rate > Aged 15 and over > All persons,"Level, rate or national currency, s.a.",Quarterly
quarterly,OECD,MEI,Main Economic Indicators Publication,USA.LRUNTTTT.STSA.Q,"United States – Labour Force Survey - quarterly rates > Unemployment rate > Aged 15 and over > All persons – Level, rate or national currency, s.a. – Quarterly",2023-Q1,2023-01-01,3.5,3.5,USA,LRUNTTTT,STSA,Q,United States,Labour Force Survey - quarterly rates > Unemployment rate > Aged 15 and over > All persons,"Level, rate or national currency, s.a.",Quarterly
quarterly,OECD,MEI,Main Economic Indicators Publication,USA.LRUNTTTT.STSA.Q,"United States – Labour Force Survey - quarterly rates > Unemployment rate > Aged 15 and over > All persons – Level, rate or national currency, s.a. – Quarterly",2023-Q2,2023-04-01,3.56666666666667,3.56666666666667,USA,LRUNTTTT,STSA,Q,United States,Labour Force Survey - quarterly rates > Unemployment rate > Aged 15 and over > All persons,"Level, rate or national currency, s.a.",Quarterly
quarterly,OECD,MEI,Main Economic Indicators Publication,USA.LRUNTTTT.STSA.Q,"United States – Labour Force Survey - quarterly rates > Unemployment rate > Aged 15 and over > All persons – Level, rate or national currency, s.a. – Quarterly",2023-Q3,2023-07-01,3.7,3.7,USA,LRUNTTTT,STSA,Q,United States,Labour Force Survey - quarterly rates > Unemployment rate > Aged 15 and over > All persons,"Level, rate or national currency, s.a.",Quarterly
quarterly,OECD,MEI,Main Economic Indicators Publication,USA.LRUNTTTT.STSA.Q,"United States – Labour Force Survey - quarterly rates > Unemployment rate > Aged 15 and over > All persons – Level, rate or national currency, s.a. – Quarterly",2023-Q4,2023-10-01,3.73333333333333,3.73333333333333,USA,LRUNTTTT,STSA,Q,United States,Labour Force Survey - quarterly rates > Unemployment rate > Aged 15 and over > All persons,"Level, rate or national currency, s.a.",Quarterly
quarterly,OECD,MEI,Main Economic Indicators Publication,GBR.LRUNTTTT.STSA.Q,"United Kingdom – Labour Force Survey - quarterly rates > Unemployment rate > Aged 15 and over > All persons – Level, rate or national currency, s.a. – Quarterly",1971-Q1,1971-01-01,3.82917203922948,3.82917203922948,GBR,LRUNTTTT,STSA,Q,United Kingdom,Labour Force Survey - quarterly rates > Unemployment rate > Aged 15 and over > All persons,"Level, rate or national currency, s.a.",Quarterly
quarterly,OECD,MEI,Main Economic Indicators Publication,GBR.LRUNTTTT.STSA.Q,"United Kingdom – Labour Force Survey - quarterly rates > Unemployment rate > Aged 15 and over > All persons – Level, rate or national currency, s.a. – Quarterly",1971-Q2,1971-04-01,4.078125,4.078125,GBR,LRUNTTTT,STSA,Q,United Kingdom,Labour Force Survey - quarterly rates > Unemployment rate > Aged 15 and over > All persons,"Level, rate or national currency, s.a.",Quarterly
quarterly,OECD,MEI,Main Economic Indicators Publication,GBR.LRUNTTTT.STSA.Q,"United Kingdom – Labour Force Survey - quarterly rates > Unemployment rate > Aged 15 and over > All persons – Level, rate or national currency, s.a. – Quarterly",1971-Q3,1971-07-01,4.21316418027331,4.21316418027331,GBR,LRUNTTTT,STSA,Q,United Kingdom,Labour Force Survey - quarterly rates > Unemployment rate > Aged 15 and over > All persons,"Level, rate or national currency, s.a.",Quarterly
quarterly,OECD,MEI,Main Economic Indicators Publication,GBR.LRUNTTTT.STSA.Q,"United Kingdom – Labour Force Survey - quarterly rates > Unemployment rate > Aged 15 and over > All persons – Level, rate or national currency, s.a. – Quarterly",1971-Q4,1971-10-01,4.43452031182669,4.43452031182669,GBR,LRUNTTTT,STSA,Q,United Kingdom,Labour Force Survey - quarterly rates > Unemployment rate > Aged 15 and over > All persons,"Level, rate or national currency, s.a.",Quarterly
quarterly,OECD,MEI,Main Economic Indicators Publication,GBR.LRUNTTTT.STSA.Q,"United Kingdom – Labour Force Survey - quarterly rates > Unemployment rate > Aged 15 and over > All persons – Level, rate or national currency, s.a. – Quarterly",1972-Q1,1972-01-01,4.50187090739008,4.50187090739008,GBR,LRUNTTTT,STSA,Q,United Kingdom,Labour Force Survey - quarterly rates > Unemployment rate > Aged 15 and over > All persons,"Level, rate or national currency, s.a.",Quarterly
quarterly,OECD,MEI,Main Economic Indicators Publication,GBR.LRUNTTTT.STSA.Q,"United Kingdom – Labour Force Survey - quarterly rates > Unemployment rate > Aged 15 and over > All persons – Level, rate or national currency, s.a. – Quarterly",1972-Q2,1972-04-01,4.43890662720972,4.43890662720972,GBR,LRUNTTTT,STSA,Q,United Kingdom,Labour Force Survey - quarterly rates > Unemployment rate > Aged 15 and over > All persons,"Level, rate or national currency, s.a.",Quarterly
quarterly,OECD,MEI,Main Economic Indicators Publication,GBR.LRUNTTTT.STSA.Q,"United Kingdom – Labour Force Survey - quarterly rates > Unemployment rate > Aged 15 and over > All persons – Level, rate or national currency, s.a. – Quarterly",1972-Q3,1972-07-01,4.28265524625268,4.28265524625268,GBR,LRUNTTTT,STSA,Q,United Kingdom,Labour Force Survey - quarterly rates > Unemployment rate > Aged 15 and over > All persons,"Level, rate or national currency, s.a.",Quarterly
quarterly,OECD,MEI,Main Economic Indicators Publication,GBR.LRUNTTTT.STSA.Q,"United Kingdom – Labour Force Survey - quarterly rates > Unemployment rate > Aged 15 and over > All persons – Level, rate or national currency, s.a. – Quarterly",1972-Q4,1972-10-01,4.15032806615677,4.15032806615677,GBR,LRUNTTTT,STSA,Q,United Kingdom,Labour Force Survey - quarterly rates > Unemployment rate > Aged 15 and over > All persons,"Level, rate or national currency, s.a.",Quarterly
quarterly,OECD,MEI,Main Economic Indicators Publication,GBR.LRUNTTTT.STSA.Q,"United Kingdom – Labour Force Survey - quarterly rates > Unemployment rate > Aged 15 and over > All persons – Level, rate or national currency, s.a. – Quarterly",1973-Q1,1973-01-01,3.86797915460336,3.86797915460336,GBR,LRUNTTTT,STSA,Q,United Kingdom,Labour Force Survey - quarterly rates > Unemployment rate > Aged 15 and over > All persons,"Level, rate or national currency, s.a.",Quarterly
quarterly,OECD,MEI,Main Economic Indicators Publication,GBR.LRUNTTTT.STSA.Q,"United Kingdom – Labour Force Survey - quarterly rates > Unemployment rate > Aged 15 and over > All persons – Level, rate or national currency, s.a. – Quarterly",1973-Q2,1973-04-01,3.72967557987208,3.72967557987208,GBR,LRUNTTTT,STSA,Q,United Kingdom,Labour Force Survey - quarterly rates > Unemployment rate > Aged 15 and over > All persons,"Level, rate or national currency, s.a.",Quarterly
quarterly,OECD,MEI,Main Economic Indicators Publication,GBR.LRUNTTTT.STSA.Q,"United Kingdom – Labour Force Survey - quarterly rates > Unemployment rate > Aged 15 and over > All persons – Level, rate or national currency, s.a. – Quarterly",1973-Q3,1973-07-01,3.5792887756284,3.5792887756284,GBR,LRUNTTTT,STSA,Q,United Kingdom,Labour Force Survey - quarterly rates > Unemployment rate > Aged 15 and over > All persons,"Level, rate or national currency, s.a.",Quarterly
quarterly,OECD,MEI,Main Economic Indicators Publication,GBR.LRUNTTTT.STSA.Q,"United Kingdom – Labour Force Survey - quarterly rates > Unemployment rate > Aged 15 and over > All persons – Level, rate or national currency, s.a. – Quarterly",1973-Q4,1973-10-01,3.43029319735775,3.43029319735775,GBR,LRUNTTTT,STSA,Q,United Kingdom,Labour Force Survey - quarterly rates > Unemployment rate > Aged 15 and over > All persons,"Level, rate or national currency, s.a.",Quarterly
quarterly,OECD,MEI,Main Economic Indicators Publication,GBR.LRUNTTTT.STSA.Q,"United Kingdom – Labour Force Survey - quarterly rates > Unemployment rate > Aged 15 and over > All persons – Level, rate or national currency, s.a. – Quarterly",1974-Q1,1974-01-01,3.56646595646132,3.56646595646132,GBR,LRUNTTTT,STSA,Q,United Kingdom,Labour Force Survey - quarterly rates > Unemployment rate > Aged 15 and over > All persons,"Level, rate or national currency, s.a.",Quarterly
quarterly,OECD,MEI,Main Economic Indicators Publication,GBR.LRUNTTTT.STSA.Q,"United Kingdom – Labour Force Survey - quarterly rates > Unemployment rate > Aged 15 and over > All persons – Level, rate or national currency, s.a. – Quarterly",1974-Q2,1974-04-01,3.61603700848111,3.61603700848111,GBR,LRUNTTTT,STSA,Q,United Kingdom,Labour Force Survey - quarterly rates > Unemployment rate > Aged 15 and over > All persons,"Level, rate or national currency, s.a.",Quarterly
quarterly,OECD,MEI,Main Economic Indicators Publication,GBR.LRUNTTTT.STSA.Q,"United Kingdom – Labour Force Survey - quarterly rates > Unemployment rate > Aged 15 and over > All persons – Level, rate or national currency, s.a. – Quarterly",1974-Q3,1974-07-01,3.68121733784199,3.68121733784199,GBR,LRUNTTTT,STSA,Q,United Kingdom,Labour Force Survey - quarterly rates > Unemployment rate > Aged 15 and over > All persons,"Level, rate or national currency, s.a.",Quarterly
quarterly,OECD,MEI,Main Economic Indicators Publication,GBR.LRUNTTTT.STSA.Q,"United Kingdom – Labour Force Survey - quarterly rates > Unemployment rate > Aged 15 and over > All persons – Level, rate or national currency, s.a. – Quarterly",1974-Q4,1974-10-01,3.74779202826204,3.74779202826204,GBR,LRUNTTTT,STSA,Q,United Kingdom,Labour Force Survey - quarterly rates > Unemployment rate > Aged 15 and over > All persons,"Level, rate or national currency, s.a.",Quarterly
quarterly,OECD,MEI,Main Economic Indicators Publication,GBR.LRUNTTTT.STSA.Q,"United Kingdom – Labour Force Survey - quarterly rates > Unemployment rate > Aged 15 and over > All persons – Level, rate or national currency, s.a. – Quarterly",1975-Q1,1975-01-01,3.95389048991354,3.95389048991354,GBR,LRUNTTTT,STSA,Q,United Kingdom,Labour Force Survey - quarterly rates > Unemployment rate > Aged 15 and over > All persons,"Level, rate or national currency, s.a.",Quarterly
quarterly,OECD,MEI,Main Economic Indicators Publication,GBR.LRUNTTTT.STSA.Q,"United Kingdom – Labour Force Survey - quarterly rates > Unemployment rate > Aged 15 and over > All persons – Level, rate or national currency, s.a. – Quarterly",1975-Q2,1975-04-01,4.31715359251591,4.31715359251591,GBR,LRUNTTTT,STSA,Q,United Kingdom,Labour Force Survey - quarterly rates > Unemployment rate > Aged 15 and over > All persons,"Level, rate or national currency, s.a.",Quarterly
quarterly,OECD,MEI,Main Economic Indicators Publication,GBR.LRUNTTTT.STSA.Q,"United Kingdom – Labour Force Survey - quarterly rates > Unemployment rate > Aged 15 and over > All persons – Level, rate or national currency, s.a. – Quarterly",1975-Q3,1975-07-01,4.67135970617492,4.67135970617492,GBR,LRUNTTTT,STSA,Q,United Kingdom,Labour Force Survey - quarterly rates > Unemployment rate > Aged 15 and over > All persons,"Level, rate or national currency, s.a.",Quarterly
quarterly,OECD,MEI,Main Economic Indicators Publication,GBR.LRUNTTTT.STSA.Q,"United Kingdom – Labour Force Survey - quarterly rates > Unemployment rate > Aged 15 and over > All persons – Level, rate or national currency, s.a. – Quarterly",1975-Q4,1975-10-01,5.03781223741502,5.03781223741502,GBR,LRUNTTTT,STSA,Q,United Kingdom,Labour Force Survey - quarterly rates > Unemployment rate > Aged 15 and over > All persons,"Level, rate or national currency, s.a.",Quarterly
quarterly,OECD,MEI,Main Economic Indicators Publication,GBR.LRUNTTTT.STSA.Q,"United Kingdom – Labour Force Survey - quarterly rates > Unemployment rate > Aged 15 and over > All persons – Level, rate or national currency, s.a. – Quarterly",1976-Q1,1976-01-01,5.26577058194593,5.26577058194593,GBR,LRUNTTTT,STSA,Q,United Kingdom,Labour Force Survey - quarterly rates > Unemployment rate > Aged 15 and over > All persons,"Level, rate or national currency, s.a.",Quarterly
quarterly,OECD,MEI,Main Economic Indicators Publication,GBR.LRUNTTTT.STSA.Q,"United Kingdom – Labour Force Survey - quarterly rates > Unemployment rate > Aged 15 and over > All persons – Level, rate or national currency, s.a. – Quarterly",1976-Q2,1976-04-01,5.39477703115455,5.39477703115455,GBR,LRUNTTTT,STSA,Q,United Kingdom,Labour Force Survey - quarterly rates > Unemployment rate > Aged 15 and over > All persons,"Level, rate or national currency, s.a.",Quarterly
quarterly,OECD,MEI,Main Economic Indicators Publication,GBR.LRUNTTTT.STSA.Q,"United Kingdom – Labour Force Survey - quarterly rates > Unemployment rate > Aged 15 and over > All persons – Level, rate or national currency, s.a. – Quarterly",1976-Q3,1976-07-01,5.45843194136957,5.45843194136957,GBR,LRUNTTTT,STSA,Q,United Kingdom,Labour Force Survey - quarterly rates > Unemployment rate > Aged 15 and over > All persons,"Level, rate or national currency, s.a.",Quarterly
quarterly,OECD,MEI,Main Economic Indicators Publication,GBR.LRUNTTTT.STSA.Q,"United Kingdom – Labour Force Survey - quarterly rates > Unemployment rate > Aged 15 and over > All persons – Level, rate or national currency, s.a. – Quarterly",1976-Q4,1976-10-01,5.46147978642258,5.46147978642258,GBR,LRUNTTTT,STSA,Q,United Kingdom,Labour Force Survey - quarterly rates > Unemployment rate > Aged 15 and over > All persons,"Level, rate or national currency, s.a.",Quarterly
quarterly,OECD,MEI,Main Economic Indicators Publication,GBR.LRUNTTTT.STSA.Q,"United Kingdom – Labour Force Survey - quarterly rates > Unemployment rate > Aged 15 and over > All persons – Level, rate or national currency, s.a. – Quarterly",1977-Q1,1977-01-01,5.47276954152216,5.47276954152216,GBR,LRUNTTTT,STSA,Q,United Kingdom,Labour Force Survey - quarterly rates > Unemployment rate > Aged 15 and over > All persons,"Level, rate or national currency, s.a.",Quarterly
quarterly,OECD,MEI,Main Economic Indicators Publication,GBR.LRUNTTTT.STSA.Q,"United Kingdom – Labour Force Survey - quarterly rates > Unemployment rate > Aged 15 and over > All persons – Level, rate or national currency, s.a. – Quarterly",1977-Q2,1977-04-01,5.53439475889388,5.53439475889388,GBR,LRUNTTTT,STSA,Q,United Kingdom,Labour Force Survey - quarterly rates > Unemployment rate > Aged 15 and over > All persons,"Level, rate or national currency, s.a.",Quarterly
quarterly,OECD,MEI,Main Economic Indicators Publication,GBR.LRUNTTTT.STSA.Q,"United Kingdom – Labour Force Survey - quarterly rates > Unemployment rate > Aged 15 and over > All persons – Level, rate or national currency, s.a. – Quarterly",1977-Q3,1977-07-01,5.67996046078394,5.67996046078394,GBR,LRUNTTTT,STSA,Q,United Kingdom,Labour Force Survey - quarterly rates > Unemployment rate > Aged 15 and over > All persons,"Level, rate or national currency, s.a.",Quarterly
quarterly,OECD,MEI,Main Economic Indicators Publication,GBR.LRUNTTTT.STSA.Q,"United Kingdom – Labour Force Survey - quarterly rates > Unemployment rate > Aged 15 and over > All persons – Level, rate or national currency, s.a. – Quarterly",1977-Q4,1977-10-01,5.69127312792067,5.69127312792067,GBR,LRUNTTTT,STSA,Q,United Kingdom,Labour Force Survey - quarterly rates > Unemployment rate > Aged 15 and over > All persons,"Level, rate or national currency, s.a.",Quarterly
quarterly,OECD,MEI,Main Economic Indicators Publication,GBR.LRUNTTTT.STSA.Q,"United Kingdom – Labour Force Survey - quarterly rates > Unemployment rate > Aged 15 and over > All persons – Level, rate or national currency, s.a. – Quarterly",1978-Q1,1978-01-01,5.60048600827733,5.60048600827733,GBR,LRUNTTTT,STSA,Q,United Kingdom,Labour Force Survey - quarterly rates > Unemployment rate > Aged 15 and over > All persons,"Level, rate or national currency, s.a.",Quarterly
quarterly,OECD,MEI,Main Economic Indicators Publication,GBR.LRUNTTTT.STSA.Q,"United Kingdom – Labour Force Survey - quarterly rates > Unemployment rate > Aged 15 and over > All persons – Level, rate or national currency, s.a. – Quarterly",1978-Q2,1978-04-01,5.55007587253414,5.55007587253414,GBR,LRUNTTTT,STSA,Q,United Kingdom,Labour Force Survey - quarterly rates > Unemployment rate > Aged 15 and over > All persons,"Level, rate or national currency, s.a.",Quarterly
quarterly,OECD,MEI,Main Economic Indicators Publication,GBR.LRUNTTTT.STSA.Q,"United Kingdom – Labour Force Survey - quarterly rates > Unemployment rate > Aged 15 and over > All persons – Level, rate or national currency, s.a. – Quarterly",1978-Q3,1978-07-01,5.51577830814108,5.51577830814108,GBR,LRUNTTTT,STSA,Q,United Kingdom,Labour Force Survey - quarterly rates > Unemployment rate > Aged 15 and over > All persons,"Level, rate or national currency, s.a.",Quarterly
quarterly,OECD,MEI,Main Economic Indicators Publication,GBR.LRUNTTTT.STSA.Q,"United Kingdom – Labour Force Survey - quarterly rates > Unemployment rate > Aged 15 and over > All persons – Level, rate or national currency, s.a. – Quarterly",1978-Q4,1978-10-01,5.36631419939577,5.36631419939577,GBR,LRUNTTTT,STSA,Q,United Kingdom,Labour Force Survey - quarterly rates > Unemployment rate > Aged 15 and over > All persons,"Level, rate or national currency, s.a.",Quarterly
quarterly,OECD,MEI,Main Economic Indicators Publication,GBR.LRUNTTTT.STSA.Q,"United Kingdom – Labour Force Survey - quarterly rates > Unemployment rate > Aged 15 and over > All persons – Level, rate or national currency, s.a. – Quarterly",1979-Q1,1979-01-01,5.35182602796518,5.35182602796518,GBR,LRUNTTTT,STSA,Q,United Kingdom,Labour Force Survey - quarterly rates > Unemployment rate > Aged 15 and over > All persons,"Level, rate or national currency, s.a.",Quarterly
quarterly,OECD,MEI,Main Economic Indicators Publication,GBR.LRUNTTTT.STSA.Q,"United Kingdom – Labour Force Survey - quarterly rates > Unemployment rate > Aged 15 and over > All persons – Level, rate or national currency, s.a. – Quarterly",1979-Q2,1979-04-01,5.2926783361566,5.2926783361566,GBR,LRUNTTTT,STSA,Q,United Kingdom,Labour Force Survey - quarterly rates > Unemployment rate > Aged 15 and over > All persons,"Level, rate or national currency, s.a.",Quarterly
quarterly,OECD,MEI,Main Economic Indicators Publication,GBR.LRUNTTTT.STSA.Q,"United Kingdom – Labour Force Survey - quarterly rates > Unemployment rate > Aged 15 and over > All persons – Level, rate or national currency, s.a. – Quarterly",1979-Q3,1979-07-01,5.36049215995198,5.36049215995198,GBR,LRUNTTTT,STSA,Q,United Kingdom,Labour Force Survey - quarterly rates > Unemployment rate > Aged 15 and over > All persons,"Level, rate or national currency, s.a.",Quarterly
quarterly,OECD,MEI,Main Economic Indicators Publication,GBR.LRUNTTTT.STSA.Q,"United Kingdom – Labour Force Survey - quarterly rates > Unemployment rate > Aged 15 and over > All persons – Level, rate or national currency, s.a. – Quarterly",1979-Q4,1979-10-01,5.49885985570633,5.49885985570633,GBR,LRUNTTTT,STSA,Q,United Kingdom,Labour Force Survey - quarterly rates > Unemployment rate > Aged 15 and over > All persons,"Level, rate or national currency, s.a.",Quarterly
quarterly,OECD,MEI,Main Economic Indicators Publication,GBR.LRUNTTTT.STSA.Q,"United Kingdom – Labour Force Survey - quarterly rates > Unemployment rate > Aged 15 and over > All persons – Level, rate or national currency, s.a. – Quarterly",1980-Q1,1980-01-01,5.81169800059684,5.81169800059684,GBR,LRUNTTTT,STSA,Q,United Kingdom,Labour Force Survey - quarterly rates > Unemployment rate > Aged 15 and over > All persons,"Level, rate or national currency, s.a.",Quarterly
quarterly,OECD,MEI,Main Economic Indicators Publication,GBR.LRUNTTTT.STSA.Q,"United Kingdom – Labour Force Survey - quarterly rates > Unemployment rate > Aged 15 and over > All persons – Level, rate or national currency, s.a. – Quarterly",1980-Q2,1980-04-01,6.32205280773522,6.32205280773522,GBR,LRUNTTTT,STSA,Q,United Kingdom,Labour Force Survey - quarterly rates > Unemployment rate > Aged 15 and over > All persons,"Level, rate or national currency, s.a.",Quarterly
quarterly,OECD,MEI,Main Economic Indicators Publication,GBR.LRUNTTTT.STSA.Q,"United Kingdom – Labour Force Survey - quarterly rates > Unemployment rate > Aged 15 and over > All persons – Level, rate or national currency, s.a. – Quarterly",1980-Q3,1980-07-01,7.06733444629939,7.06733444629939,GBR,LRUNTTTT,STSA,Q,United Kingdom,Labour Force Survey - quarterly rates > Unemployment rate > Aged 15 and over > All persons,"Level, rate or national currency, s.a.",Quarterly
quarterly,OECD,MEI,Main Economic Indicators Publication,GBR.LRUNTTTT.STSA.Q,"United Kingdom – Labour Force Survey - quarterly rates > Unemployment rate > Aged 15 and over > All persons – Level, rate or national currency, s.a. – Quarterly",1980-Q4,1980-10-01,8.02619893428064,8.02619893428064,GBR,LRUNTTTT,STSA,Q,United Kingdom,Labour Force Survey - quarterly rates > Unemployment rate > Aged 15 and over > All persons,"Level, rate or national currency, s.a.",Quarterly
quarterly,OECD,MEI,Main Economic Indicators Publication,GBR.LRUNTTTT.STSA.Q,"United Kingdom – Labour Force Survey - quarterly rates > Unemployment rate > Aged 15 and over > All persons – Level, rate or national currency, s.a. – Quarterly",1981-Q1,1981-01-01,8.87895359148685,8.87895359148685,GBR,LRUNTTTT,STSA,Q,United Kingdom,Labour Force Survey - quarterly rates > Unemployment rate > Aged 15 and over > All persons,"Level, rate or national currency, s.a.",Quarterly
quarterly,OECD,MEI,Main Economic Indicators Publication,GBR.LRUNTTTT.STSA.Q,"United Kingdom – Labour Force Survey - quarterly rates > Unemployment rate > Aged 15 and over > All persons – Level, rate or national currency, s.a. – Quarterly",1981-Q2,1981-04-01,9.55580991766052,9.55580991766052,GBR,LRUNTTTT,STSA,Q,United Kingdom,Labour Force Survey - quarterly rates > Unemployment rate > Aged 15 and over > All persons,"Level, rate or national currency, s.a.",Quarterly
quarterly,OECD,MEI,Main Economic Indicators Publication,GBR.LRUNTTTT.STSA.Q,"United Kingdom – Labour Force Survey - quarterly rates > Unemployment rate > Aged 15 and over > All persons – Level, rate or national currency, s.a. – Quarterly",1981-Q3,1981-07-01,9.92973372781065,9.92973372781065,GBR,LRUNTTTT,STSA,Q,United Kingdom,Labour Force Survey - quarterly rates > Unemployment rate > Aged 15 and over > All persons,"Level, rate or national currency, s.a.",Quarterly
quarterly,OECD,MEI,Main Economic Indicators Publication,GBR.LRUNTTTT.STSA.Q,"United Kingdom – Labour Force Survey - quarterly rates > Unemployment rate > Aged 15 and over > All persons – Level, rate or national currency, s.a. – Quarterly",1981-Q4,1981-10-01,10.2373007044865,10.2373007044865,GBR,LRUNTTTT,STSA,Q,United Kingdom,Labour Force Survey - quarterly rates > Unemployment rate > Aged 15 and over > All persons,"Level, rate or national currency, s.a.",Quarterly
quarterly,OECD,MEI,Main Economic Indicators Publication,GBR.LRUNTTTT.STSA.Q,"United Kingdom – Labour Force Survey - quarterly rates > Unemployment rate > Aged 15 and over > All persons – Level, rate or national currency, s.a. – Quarterly",1982-Q1,1982-01-01,10.4111726033503,10.4111726033503,GBR,LRUNTTTT,STSA,Q,United Kingdom,Labour Force Survey - quarterly rates > Unemployment rate > Aged 15 and over > All persons,"Level, rate or national currency, s.a.",Quarterly
quarterly,OECD,MEI,Main Economic Indicators Publication,GBR.LRUNTTTT.STSA.Q,"United Kingdom – Labour Force Survey - quarterly rates > Unemployment rate > Aged 15 and over > All persons – Level, rate or national currency, s.a. – Quarterly",1982-Q2,1982-04-01,10.5705884542375,10.5705884542375,GBR,LRUNTTTT,STSA,Q,United Kingdom,Labour Force Survey - quarterly rates > Unemployment rate > Aged 15 and over > All persons,"Level, rate or national currency, s.a.",Quarterly
quarterly,OECD,MEI,Main Economic Indicators Publication,GBR.LRUNTTTT.STSA.Q,"United Kingdom – Labour Force Survey - quarterly rates > Unemployment rate > Aged 15 and over > All persons – Level, rate or national currency, s.a. – Quarterly",1982-Q3,1982-07-01,10.8071799081987,10.8071799081987,GBR,LRUNTTTT,STSA,Q,United Kingdom,Labour Force Survey - quarterly rates > Unemployment rate > Aged 15 and over > All persons,"Level, rate or national currency, s.a.",Quarterly
quarterly,OECD,MEI,Main Economic Indicators Publication,GBR.LRUNTTTT.STSA.Q,"United Kingdom – Labour Force Survey - quarterly rates > Unemployment rate > Aged 15 and over > All persons – Level, rate or national currency, s.a. – Quarterly",1982-Q4,1982-10-01,11.0765890544284,11.0765890544284,GBR,LRUNTTTT,STSA,Q,United Kingdom,Labour Force Survey - quarterly rates > Unemployment rate > Aged 15 and over > All persons,"Level, rate or national currency, s.a.",Quarterly
quarterly,OECD,MEI,Main Economic Indicators Publication,GBR.LRUNTTTT.STSA.Q,"United Kingdom – Labour Force Survey - quarterly rates > Unemployment rate > Aged 15 and over > All persons – Level, rate or national currency, s.a. – Quarterly",1983-Q1,1983-01-01,11.2532833020638,11.2532833020638,GBR,LRUNTTTT,STSA,Q,United Kingdom,Labour Force Survey - quarterly rates > Unemployment rate > Aged 15 and over > All persons,"Level, rate or national currency, s.a.",Quarterly
quarterly,OECD,MEI,Main Economic Indicators Publication,GBR.LRUNTTTT.STSA.Q,"United Kingdom – Labour Force Survey - quarterly rates > Unemployment rate > Aged 15 and over > All persons – Level, rate or national currency, s.a. – Quarterly",1983-Q2,1983-04-01,11.421614534557,11.421614534557,GBR,LRUNTTTT,STSA,Q,United Kingdom,Labour Force Survey - quarterly rates > Unemployment rate > Aged 15 and over > All persons,"Level, rate or national currency, s.a.",Quarterly
quarterly,OECD,MEI,Main Economic Indicators Publication,GBR.LRUNTTTT.STSA.Q,"United Kingdom – Labour Force Survey - quarterly rates > Unemployment rate > Aged 15 and over > All persons – Level, rate or national currency, s.a. – Quarterly",1983-Q3,1983-07-01,11.5498922653986,11.5498922653986,GBR,LRUNTTTT,STSA,Q,United Kingdom,Labour Force Survey - quarterly rates > Unemployment rate > Aged 15 and over > All persons,"Level, rate or national currency, s.a.",Quarterly
quarterly,OECD,MEI,Main Economic Indicators Publication,GBR.LRUNTTTT.STSA.Q,"United Kingdom – Labour Force Survey - quarterly rates > Unemployment rate > Aged 15 and over > All persons – Level, rate or national currency, s.a. – Quarterly",1983-Q4,1983-10-01,11.6564191303708,11.6564191303708,GBR,LRUNTTTT,STSA,Q,United Kingdom,Labour Force Survey - quarterly rates > Unemployment rate > Aged 15 and over > All persons,"Level, rate or national currency, s.a.",Quarterly
quarterly,OECD,MEI,Main Economic Indicators Publication,GBR.LRUNTTTT.STSA.Q,"United Kingdom – Labour Force Survey - quarterly rates > Unemployment rate > Aged 15 and over > All persons – Level, rate or national currency, s.a. – Quarterly",1984-Q1,1984-01-01,11.8496053785443,11.8496053785443,GBR,LRUNTTTT,STSA,Q,United Kingdom,Labour Force Survey - quarterly rates > Unemployment rate > Aged 15 and over > All persons,"Level, rate or national currency, s.a.",Quarterly
quarterly,OECD,MEI,Main Economic Indicators Publication,GBR.LRUNTTTT.STSA.Q,"United Kingdom – Labour Force Survey - quarterly rates > Unemployment rate > Aged 15 and over > All persons – Level, rate or national currency, s.a. – Quarterly",1984-Q2,1984-04-01,11.867980080695,11.867980080695,GBR,LRUNTTTT,STSA,Q,United Kingdom,Labour Force Survey - quarterly rates > Unemployment rate > Aged 15 and over > All persons,"Level, rate or national currency, s.a.",Quarterly
quarterly,OECD,MEI,Main Economic Indicators Publication,GBR.LRUNTTTT.STSA.Q,"United Kingdom – Labour Force Survey - quarterly rates > Unemployment rate > Aged 15 and over > All persons – Level, rate or national currency, s.a. – Quarterly",1984-Q3,1984-07-01,11.7433721394117,11.7433721394117,GBR,LRUNTTTT,STSA,Q,United Kingdom,Labour Force Survey - quarterly rates > Unemployment rate > Aged 15 and over > All persons,"Level, rate or national currency, s.a.",Quarterly
quarterly,OECD,MEI,Main Economic Indicators Publication,GBR.LRUNTTTT.STSA.Q,"United Kingdom – Labour Force Survey - quarterly rates > Unemployment rate > Aged 15 and over > All persons – Level, rate or national currency, s.a. – Quarterly",1984-Q4,1984-10-01,11.6370737352186,11.6370737352186,GBR,LRUNTTTT,STSA,Q,United Kingdom,Labour Force Survey - quarterly rates > Unemployment rate > Aged 15 and over > All persons,"Level, rate or national currency, s.a.",Quarterly
quarterly,OECD,MEI,Main Economic Indicators Publication,GBR.LRUNTTTT.STSA.Q,"United Kingdom – Labour Force Survey - quarterly rates > Unemployment rate > Aged 15 and over > All persons – Level, rate or national currency, s.a. – Quarterly",1985-Q1,1985-01-01,11.4822170066799,11.4822170066799,GBR,LRUNTTTT,STSA,Q,United Kingdom,Labour Force Survey - quarterly rates > Unemployment rate > Aged 15 and over > All persons,"Level, rate or national currency, s.a.",Quarterly
quarterly,OECD,MEI,Main Economic Indicators Publication,GBR.LRUNTTTT.STSA.Q,"United Kingdom – Labour Force Survey - quarterly rates > Unemployment rate > Aged 15 and over > All persons – Level, rate or national currency, s.a. – Quarterly",1985-Q2,1985-04-01,11.3700310222928,11.3700310222928,GBR,LRUNTTTT,STSA,Q,United Kingdom,Labour Force Survey - quarterly rates > Unemployment rate > Aged 15 and over > All persons,"Level, rate or national currency, s.a.",Quarterly
quarterly,OECD,MEI,Main Economic Indicators Publication,GBR.LRUNTTTT.STSA.Q,"United Kingdom – Labour Force Survey - quarterly rates > Unemployment rate > Aged 15 and over > All persons – Level, rate or national currency, s.a. – Quarterly",1985-Q3,1985-07-01,11.299618183128,11.299618183128,GBR,LRUNTTTT,STSA,Q,United Kingdom,Labour Force Survey - quarterly rates > Unemployment rate > Aged 15 and over > All persons,"Level, rate or national currency, s.a.",Quarterly
quarterly,OECD,MEI,Main Economic Indicators Publication,GBR.LRUNTTTT.STSA.Q,"United Kingdom – Labour Force Survey - quarterly rates > Unemployment rate > Aged 15 and over > All persons – Level, rate or national currency, s.a. – Quarterly",1985-Q4,1985-10-01,11.2758149240843,11.2758149240843,GBR,LRUNTTTT,STSA,Q,United Kingdom,Labour Force Survey - quarterly rates > Unemployment rate > Aged 15 and over > All persons,"Level, rate or national currency, s.a.",Quarterly
quarterly,OECD,MEI,Main Economic Indicators Publication,GBR.LRUNTTTT.STSA.Q,"United Kingdom – Labour Force Survey - quarterly rates > Unemployment rate > Aged 15 and over > All persons – Level, rate or national currency, s.a. – Quarterly",1986-Q1,1986-01-01,11.3196017110608,11.3196017110608,GBR,LRUNTTTT,STSA,Q,United Kingdom,Labour Force Survey - quarterly rates > Unemployment rate > Aged 15 and over > All persons,"Level, rate or national currency, s.a.",Quarterly
quarterly,OECD,MEI,Main Economic Indicators Publication,GBR.LRUNTTTT.STSA.Q,"United Kingdom – Labour Force Survey - quarterly rates > Unemployment rate > Aged 15 and over > All persons – Level, rate or national currency, s.a. – Quarterly",1986-Q2,1986-04-01,11.3416867123829,11.3416867123829,GBR,LRUNTTTT,STSA,Q,United Kingdom,Labour Force Survey - quarterly rates > Unemployment rate > Aged 15 and over > All persons,"Level, rate or national currency, s.a.",Quarterly
quarterly,OECD,MEI,Main Economic Indicators Publication,GBR.LRUNTTTT.STSA.Q,"United Kingdom – Labour Force Survey - quarterly rates > Unemployment rate > Aged 15 and over > All persons – Level, rate or national currency, s.a. – Quarterly",1986-Q3,1986-07-01,11.3647749230659,11.3647749230659,GBR,LRUNTTTT,STSA,Q,United Kingdom,Labour Force Survey - quarterly rates > Unemployment rate > Aged 15 and over > All persons,"Level, rate or national currency, s.a.",Quarterly
quarterly,OECD,MEI,Main Economic Indicators Publication,GBR.LRUNTTTT.STSA.Q,"United Kingdom – Labour Force Survey - quarterly rates > Unemployment rate > Aged 15 and over > All persons – Level, rate or national currency, s.a. – Quarterly",1986-Q4,1986-10-01,11.2690137827608,11.2690137827608,GBR,LRUNTTTT,STSA,Q,United Kingdom,Labour Force Survey - quarterly rates > Unemployment rate > Aged 15 and over > All persons,"Level, rate or national currency, s.a.",Quarterly
quarterly,OECD,MEI,Main Economic Indicators Publication,GBR.LRUNTTTT.STSA.Q,"United Kingdom – Labour Force Survey - quarterly rates > Unemployment rate > Aged 15 and over > All persons – Level, rate or national currency, s.a. – Quarterly",1987-Q1,1987-01-01,11.1027890719737,11.1027890719737,GBR,LRUNTTTT,STSA,Q,United Kingdom,Labour Force Survey - quarterly rates > Unemployment rate > Aged 15 and over > All persons,"Level, rate or national currency, s.a.",Quarterly
quarterly,OECD,MEI,Main Economic Indicators Publication,GBR.LRUNTTTT.STSA.Q,"United Kingdom – Labour Force Survey - quarterly rates > Unemployment rate > Aged 15 and over > All persons – Level, rate or national currency, s.a. – Quarterly",1987-Q2,1987-04-01,10.7390423376346,10.7390423376346,GBR,LRUNTTTT,STSA,Q,United Kingdom,Labour Force Survey - quarterly rates > Unemployment rate > Aged 15 and over > All persons,"Level, rate or national currency, s.a.",Quarterly
quarterly,OECD,MEI,Main Economic Indicators Publication,GBR.LRUNTTTT.STSA.Q,"United Kingdom – Labour Force Survey - quarterly rates > Unemployment rate > Aged 15 and over > All persons – Level, rate or national currency, s.a. – Quarterly",1987-Q3,1987-07-01,10.2196245129295,10.2196245129295,GBR,LRUNTTTT,STSA,Q,United Kingdom,Labour Force Survey - quarterly rates > Unemployment rate > Aged 15 and over > All persons,"Level, rate or national currency, s.a.",Quarterly
quarterly,OECD,MEI,Main Economic Indicators Publication,GBR.LRUNTTTT.STSA.Q,"United Kingdom – Labour Force Survey - quarterly rates > Unemployment rate > Aged 15 and over > All persons – Level, rate or national currency, s.a. – Quarterly",1987-Q4,1987-10-01,9.68003955360927,9.68003955360927,GBR,LRUNTTTT,STSA,Q,United Kingdom,Labour Force Survey - quarterly rates > Unemployment rate > Aged 15 and over > All persons,"Level, rate or national currency, s.a.",Quarterly
quarterly,OECD,MEI,Main Economic Indicators Publication,GBR.LRUNTTTT.STSA.Q,"United Kingdom – Labour Force Survey - quarterly rates > Unemployment rate > Aged 15 and over > All persons – Level, rate or national currency, s.a. – Quarterly",1988-Q1,1988-01-01,9.19811320754717,9.19811320754717,GBR,LRUNTTTT,STSA,Q,United Kingdom,Labour Force Survey - quarterly rates > Unemployment rate > Aged 15 and over > All persons,"Level, rate or national currency, s.a.",Quarterly
quarterly,OECD,MEI,Main Economic Indicators Publication,GBR.LRUNTTTT.STSA.Q,"United Kingdom – Labour Force Survey - quarterly rates > Unemployment rate > Aged 15 and over > All persons – Level, rate or national currency, s.a. – Quarterly",1988-Q2,1988-04-01,8.74912157413914,8.74912157413914,GBR,LRUNTTTT,STSA,Q,United Kingdom,Labour Force Survey - quarterly rates > Unemployment rate > Aged 15 and over > All persons,"Level, rate or national currency, s.a.",Quarterly
quarterly,OECD,MEI,Main Economic Indicators Publication,GBR.LRUNTTTT.STSA.Q,"United Kingdom – Labour Force Survey - quarterly rates > Unemployment rate > Aged 15 and over > All persons – Level, rate or national currency, s.a. – Quarterly",1988-Q3,1988-07-01,8.35522858644246,8.35522858644246,GBR,LRUNTTTT,STSA,Q,United Kingdom,Labour Force Survey - quarterly rates > Unemployment rate > Aged 15 and over > All persons,"Level, rate or national currency, s.a.",Quarterly
quarterly,OECD,MEI,Main Economic Indicators Publication,GBR.LRUNTTTT.STSA.Q,"United Kingdom – Labour Force Survey - quarterly rates > Unemployment rate > Aged 15 and over > All persons – Level, rate or national currency, s.a. – Quarterly",1988-Q4,1988-10-01,8.0040491482826,8.0040491482826,GBR,LRUNTTTT,STSA,Q,United Kingdom,Labour Force Survey - quarterly rates > Unemployment rate > Aged 15 and over > All persons,"Level, rate or national currency, s.a.",Quarterly
quarterly,OECD,MEI,Main Economic Indicators Publication,GBR.LRUNTTTT.STSA.Q,"United Kingdom – Labour Force Survey - quarterly rates > Unemployment rate > Aged 15 and over > All persons – Level, rate or national currency, s.a. – Quarterly",1989-Q1,1989-01-01,7.57412492613577,7.57412492613577,GBR,LRUNTTTT,STSA,Q,United Kingdom,Labour Force Survey - quarterly rates > Unemployment rate > Aged 15 and over > All persons,"Level, rate or national currency, s.a.",Quarterly
quarterly,OECD,MEI,Main Economic Indicators Publication,GBR.LRUNTTTT.STSA.Q,"United Kingdom – Labour Force Survey - quarterly rates > Unemployment rate > Aged 15 and over > All persons – Level, rate or national currency, s.a. – Quarterly",1989-Q2,1989-04-01,7.22937562905633,7.22937562905633,GBR,LRUNTTTT,STSA,Q,United Kingdom,Labour Force Survey - quarterly rates > Unemployment rate > Aged 15 and over > All persons,"Level, rate or national currency, s.a.",Quarterly
quarterly,OECD,MEI,Main Economic Indicators Publication,GBR.LRUNTTTT.STSA.Q,"United Kingdom – Labour Force Survey - quarterly rates > Unemployment rate > Aged 15 and over > All persons – Level, rate or national currency, s.a. – Quarterly",1989-Q3,1989-07-01,7.09084604715673,7.09084604715673,GBR,LRUNTTTT,STSA,Q,United Kingdom,Labour Force Survey - quarterly rates > Unemployment rate > Aged 15 and over > All persons,"Level, rate or national currency, s.a.",Quarterly
quarterly,OECD,MEI,Main Economic Indicators Publication,GBR.LRUNTTTT.STSA.Q,"United Kingdom – Labour Force Survey - quarterly rates > Unemployment rate > Aged 15 and over > All persons – Level, rate or national currency, s.a. – Quarterly",1989-Q4,1989-10-01,6.9928376180755,6.9928376180755,GBR,LRUNTTTT,STSA,Q,United Kingdom,Labour Force Survey - quarterly rates > Unemployment rate > Aged 15 and over > All persons,"Level, rate or national currency, s.a.",Quarterly
quarterly,OECD,MEI,Main Economic Indicators Publication,GBR.LRUNTTTT.STSA.Q,"United Kingdom – Labour Force Survey - quarterly rates > Unemployment rate > Aged 15 and over > All persons – Level, rate or national currency, s.a. – Quarterly",1990-Q1,1990-01-01,6.93329642955992,6.93329642955992,GBR,LRUNTTTT,STSA,Q,United Kingdom,Labour Force Survey - quarterly rates > Unemployment rate > Aged 15 and over > All persons,"Level, rate or national currency, s.a.",Quarterly
quarterly,OECD,MEI,Main Economic Indicators Publication,GBR.LRUNTTTT.STSA.Q,"United Kingdom – Labour Force Survey - quarterly rates > Unemployment rate > Aged 15 and over > All persons – Level, rate or national currency, s.a. – Quarterly",1990-Q2,1990-04-01,6.91871716892452,6.91871716892452,GBR,LRUNTTTT,STSA,Q,United Kingdom,Labour Force Survey - quarterly rates > Unemployment rate > Aged 15 and over > All persons,"Level, rate or national currency, s.a.",Quarterly
quarterly,OECD,MEI,Main Economic Indicators Publication,GBR.LRUNTTTT.STSA.Q,"United Kingdom – Labour Force Survey - quarterly rates > Unemployment rate > Aged 15 and over > All persons – Level, rate or national currency, s.a. – Quarterly",1990-Q3,1990-07-01,7.07796469653529,7.07796469653529,GBR,LRUNTTTT,STSA,Q,United Kingdom,Labour Force Survey - quarterly rates > Unemployment rate > Aged 15 and over > All persons,"Level, rate or national currency, s.a.",Quarterly
quarterly,OECD,MEI,Main Economic Indicators Publication,GBR.LRUNTTTT.STSA.Q,"United Kingdom – Labour Force Survey - quarterly rates > Unemployment rate > Aged 15 and over > All persons – Level, rate or national currency, s.a. – Quarterly",1990-Q4,1990-10-01,7.46506157465062,7.46506157465062,GBR,LRUNTTTT,STSA,Q,United Kingdom,Labour Force Survey - quarterly rates > Unemployment rate > Aged 15 and over > All persons,"Level, rate or national currency, s.a.",Quarterly
quarterly,OECD,MEI,Main Economic Indicators Publication,GBR.LRUNTTTT.STSA.Q,"United Kingdom – Labour Force Survey - quarterly rates > Unemployment rate > Aged 15 and over > All persons – Level, rate or national currency, s.a. – Quarterly",1991-Q1,1991-01-01,7.99694825912054,7.99694825912054,GBR,LRUNTTTT,STSA,Q,United Kingdom,Labour Force Survey - quarterly rates > Unemployment rate > Aged 15 and over > All persons,"Level, rate or national currency, s.a.",Quarterly
quarterly,OECD,MEI,Main Economic Indicators Publication,GBR.LRUNTTTT.STSA.Q,"United Kingdom – Labour Force Survey - quarterly rates > Unemployment rate > Aged 15 and over > All persons – Level, rate or national currency, s.a. – Quarterly",1991-Q2,1991-04-01,8.66240266963292,8.66240266963292,GBR,LRUNTTTT,STSA,Q,United Kingdom,Labour Force Survey - quarterly rates > Unemployment rate > Aged 15 and over > All persons,"Level, rate or national currency, s.a.",Quarterly
quarterly,OECD,MEI,Main Economic Indicators Publication,GBR.LRUNTTTT.STSA.Q,"United Kingdom – Labour Force Survey - quarterly rates > Unemployment rate > Aged 15 and over > All persons – Level, rate or national currency, s.a. – Quarterly",1991-Q3,1991-07-01,9.15913295402981,9.15913295402981,GBR,LRUNTTTT,STSA,Q,United Kingdom,Labour Force Survey - quarterly rates > Unemployment rate > Aged 15 and over > All persons,"Level, rate or national currency, s.a.",Quarterly
quarterly,OECD,MEI,Main Economic Indicators Publication,GBR.LRUNTTTT.STSA.Q,"United Kingdom – Labour Force Survey - quarterly rates > Unemployment rate > Aged 15 and over > All persons – Level, rate or national currency, s.a. – Quarterly",1991-Q4,1991-10-01,9.45434142235938,9.45434142235938,GBR,LRUNTTTT,STSA,Q,United Kingdom,Labour Force Survey - quarterly rates > Unemployment rate > Aged 15 and over > All persons,"Level, rate or national currency, s.a.",Quarterly
quarterly,OECD,MEI,Main Economic Indicators Publication,GBR.LRUNTTTT.STSA.Q,"United Kingdom – Labour Force Survey - quarterly rates > Unemployment rate > Aged 15 and over > All persons – Level, rate or national currency, s.a. – Quarterly",1992-Q1,1992-01-01,9.70075864006744,9.70075864006744,GBR,LRUNTTTT,STSA,Q,United Kingdom,Labour Force Survey - quarterly rates > Unemployment rate > Aged 15 and over > All persons,"Level, rate or national currency, s.a.",Quarterly
quarterly,OECD,MEI,Main Economic Indicators Publication,GBR.LRUNTTTT.STSA.Q,"United Kingdom – Labour Force Survey - quarterly rates > Unemployment rate > Aged 15 and over > All persons – Level, rate or national currency, s.a. – Quarterly",1992-Q2,1992-04-01,9.78437037559016,9.78437037559016,GBR,LRUNTTTT,STSA,Q,United Kingdom,Labour Force Survey - quarterly rates > Unemployment rate > Aged 15 and over > All persons,"Level, rate or national currency, s.a.",Quarterly
quarterly,OECD,MEI,Main Economic Indicators Publication,GBR.LRUNTTTT.STSA.Q,"United Kingdom – Labour Force Survey - quarterly rates > Unemployment rate > Aged 15 and over > All persons – Level, rate or national currency, s.a. – Quarterly",1992-Q3,1992-07-01,9.93856799887022,9.93856799887022,GBR,LRUNTTTT,STSA,Q,United Kingdom,Labour Force Survey - quarterly rates > Unemployment rate > Aged 15 and over > All persons,"Level, rate or national currency, s.a.",Quarterly
quarterly,OECD,MEI,Main Economic Indicators Publication,GBR.LRUNTTTT.STSA.Q,"United Kingdom – Labour Force Survey - quarterly rates > Unemployment rate > Aged 15 and over > All persons – Level, rate or national currency, s.a. – Quarterly",1992-Q4,1992-10-01,10.3693483336871,10.3693483336871,GBR,LRUNTTTT,STSA,Q,United Kingdom,Labour Force Survey - quarterly rates > Unemployment rate > Aged 15 and over > All persons,"Level, rate or national currency, s.a.",Quarterly
quarterly,OECD,MEI,Main Economic Indicators Publication,GBR.LRUNTTTT.STSA.Q,"United Kingdom – Labour Force Survey - quarterly rates > Unemployment rate > Aged 15 and over > All persons – Level, rate or national currency, s.a. – Quarterly",1993-Q1,1993-01-01,10.6200947465177,10.6200947465177,GBR,LRUNTTTT,STSA,Q,United Kingdom,Labour Force Survey - quarterly rates > Unemployment rate > Aged 15 and over > All persons,"Level, rate or national currency, s.a.",Quarterly
quarterly,OECD,MEI,Main Economic Indicators Publication,GBR.LRUNTTTT.STSA.Q,"United Kingdom – Labour Force Survey - quarterly rates > Unemployment rate > Aged 15 and over > All persons – Level, rate or national currency, s.a. – Quarterly",1993-Q2,1993-04-01,10.3847789115646,10.3847789115646,GBR,LRUNTTTT,STSA,Q,United Kingdom,Labour Force Survey - quarterly rates > Unemployment rate > Aged 15 and over > All persons,"Level, rate or national currency, s.a.",Quarterly
quarterly,OECD,MEI,Main Economic Indicators Publication,GBR.LRUNTTTT.STSA.Q,"United Kingdom – Labour Force Survey - quarterly rates > Unemployment rate > Aged 15 and over > All persons – Level, rate or national currency, s.a. – Quarterly",1993-Q3,1993-07-01,10.2464102109555,10.2464102109555,GBR,LRUNTTTT,STSA,Q,United Kingdom,Labour Force Survey - quarterly rates > Unemployment rate > Aged 15 and over > All persons,"Level, rate or national currency, s.a.",Quarterly
quarterly,OECD,MEI,Main Economic Indicators Publication,GBR.LRUNTTTT.STSA.Q,"United Kingdom – Labour Force Survey - quarterly rates > Unemployment rate > Aged 15 and over > All persons – Level, rate or national currency, s.a. – Quarterly",1993-Q4,1993-10-01,10.2541381632581,10.2541381632581,GBR,LRUNTTTT,STSA,Q,United Kingdom,Labour Force Survey - quarterly rates > Unemployment rate > Aged 15 and over > All persons,"Level, rate or national currency, s.a.",Quarterly
quarterly,OECD,MEI,Main Economic Indicators Publication,GBR.LRUNTTTT.STSA.Q,"United Kingdom – Labour Force Survey - quarterly rates > Unemployment rate > Aged 15 and over > All persons – Level, rate or national currency, s.a. – Quarterly",1994-Q1,1994-01-01,9.94576968064368,9.94576968064368,GBR,LRUNTTTT,STSA,Q,United Kingdom,Labour Force Survey - quarterly rates > Unemployment rate > Aged 15 and over > All persons,"Level, rate or national currency, s.a.",Quarterly
quarterly,OECD,MEI,Main Economic Indicators Publication,GBR.LRUNTTTT.STSA.Q,"United Kingdom – Labour Force Survey - quarterly rates > Unemployment rate > Aged 15 and over > All persons – Level, rate or national currency, s.a. – Quarterly",1994-Q2,1994-04-01,9.70660233440948,9.70660233440948,GBR,LRUNTTTT,STSA,Q,United Kingdom,Labour Force Survey - quarterly rates > Unemployment rate > Aged 15 and over > All persons,"Level, rate or national currency, s.a.",Quarterly
quarterly,OECD,MEI,Main Economic Indicators Publication,GBR.LRUNTTTT.STSA.Q,"United Kingdom – Labour Force Survey - quarterly rates > Unemployment rate > Aged 15 and over > All persons – Level, rate or national currency, s.a. – Quarterly",1994-Q3,1994-07-01,9.36203411468492,9.36203411468492,GBR,LRUNTTTT,STSA,Q,United Kingdom,Labour Force Survey - quarterly rates > Unemployment rate > Aged 15 and over > All persons,"Level, rate or national currency, s.a.",Quarterly
quarterly,OECD,MEI,Main Economic Indicators Publication,GBR.LRUNTTTT.STSA.Q,"United Kingdom – Labour Force Survey - quarterly rates > Unemployment rate > Aged 15 and over > All persons – Level, rate or national currency, s.a. – Quarterly",1994-Q4,1994-10-01,8.96159317211949,8.96159317211949,GBR,LRUNTTTT,STSA,Q,United Kingdom,Labour Force Survey - quarterly rates > Unemployment rate > Aged 15 and over > All persons,"Level, rate or national currency, s.a.",Quarterly
quarterly,OECD,MEI,Main Economic Indicators Publication,GBR.LRUNTTTT.STSA.Q,"United Kingdom – Labour Force Survey - quarterly rates > Unemployment rate > Aged 15 and over > All persons – Level, rate or national currency, s.a. – Quarterly",1995-Q1,1995-01-01,8.86466912808861,8.86466912808861,GBR,LRUNTTTT,STSA,Q,United Kingdom,Labour Force Survey - quarterly rates > Unemployment rate > Aged 15 and over > All persons,"Level, rate or national currency, s.a.",Quarterly
quarterly,OECD,MEI,Main Economic Indicators Publication,GBR.LRUNTTTT.STSA.Q,"United Kingdom – Labour Force Survey - quarterly rates > Unemployment rate > Aged 15 and over > All persons – Level, rate or national currency, s.a. – Quarterly",1995-Q2,1995-04-01,8.66236620117672,8.66236620117672,GBR,LRUNTTTT,STSA,Q,United Kingdom,Labour Force Survey - quarterly rates > Unemployment rate > Aged 15 and over > All persons,"Level, rate or national currency, s.a.",Quarterly
quarterly,OECD,MEI,Main Economic Indicators Publication,GBR.LRUNTTTT.STSA.Q,"United Kingdom – Labour Force Survey - quarterly rates > Unemployment rate > Aged 15 and over > All persons – Level, rate or national currency, s.a. – Quarterly",1995-Q3,1995-07-01,8.65017667844523,8.65017667844523,GBR,LRUNTTTT,STSA,Q,United Kingdom,Labour Force Survey - quarterly rates > Unemployment rate > Aged 15 and over > All persons,"Level, rate or national currency, s.a.",Quarterly
quarterly,OECD,MEI,Main Economic Indicators Publication,GBR.LRUNTTTT.STSA.Q,"United Kingdom – Labour Force Survey - quarterly rates > Unemployment rate > Aged 15 and over > All persons – Level, rate or national currency, s.a. – Quarterly",1995-Q4,1995-10-01,8.30392433653303,8.30392433653303,GBR,LRUNTTTT,STSA,Q,United Kingdom,Labour Force Survey - quarterly rates > Unemployment rate > Aged 15 and over > All persons,"Level, rate or national currency, s.a.",Quarterly
quarterly,OECD,MEI,Main Economic Indicators Publication,GBR.LRUNTTTT.STSA.Q,"United Kingdom – Labour Force Survey - quarterly rates > Unemployment rate > Aged 15 and over > All persons – Level, rate or national currency, s.a. – Quarterly",1996-Q1,1996-01-01,8.23292463163846,8.23292463163846,GBR,LRUNTTTT,STSA,Q,United Kingdom,Labour Force Survey - quarterly rates > Unemployment rate > Aged 15 and over > All persons,"Level, rate or national currency, s.a.",Quarterly
quarterly,OECD,MEI,Main Economic Indicators Publication,GBR.LRUNTTTT.STSA.Q,"United Kingdom – Labour Force Survey - quarterly rates > Unemployment rate > Aged 15 and over > All persons – Level, rate or national currency, s.a. – Quarterly",1996-Q2,1996-04-01,8.25425940950298,8.25425940950298,GBR,LRUNTTTT,STSA,Q,United Kingdom,Labour Force Survey - quarterly rates > Unemployment rate > Aged 15 and over > All persons,"Level, rate or national currency, s.a.",Quarterly
quarterly,OECD,MEI,Main Economic Indicators Publication,GBR.LRUNTTTT.STSA.Q,"United Kingdom – Labour Force Survey - quarterly rates > Unemployment rate > Aged 15 and over > All persons – Level, rate or national currency, s.a. – Quarterly",1996-Q3,1996-07-01,8.06110209553376,8.06110209553376,GBR,LRUNTTTT,STSA,Q,United Kingdom,Labour Force Survey - quarterly rates > Unemployment rate > Aged 15 and over > All persons,"Level, rate or national currency, s.a.",Quarterly
quarterly,OECD,MEI,Main Economic Indicators Publication,GBR.LRUNTTTT.STSA.Q,"United Kingdom – Labour Force Survey - quarterly rates > Unemployment rate > Aged 15 and over > All persons – Level, rate or national currency, s.a. – Quarterly",1996-Q4,1996-10-01,7.84113694726844,7.84113694726844,GBR,LRUNTTTT,STSA,Q,United Kingdom,Labour Force Survey - quarterly rates > Unemployment rate > Aged 15 and over > All persons,"Level, rate or national currency, s.a.",Quarterly
quarterly,OECD,MEI,Main Economic Indicators Publication,GBR.LRUNTTTT.STSA.Q,"United Kingdom – Labour Force Survey - quarterly rates > Unemployment rate > Aged 15 and over > All persons – Level, rate or national currency, s.a. – Quarterly",1997-Q1,1997-01-01,7.32127173722115,7.32127173722115,GBR,LRUNTTTT,STSA,Q,United Kingdom,Labour Force Survey - quarterly rates > Unemployment rate > Aged 15 and over > All persons,"Level, rate or national currency, s.a.",Quarterly
quarterly,OECD,MEI,Main Economic Indicators Publication,GBR.LRUNTTTT.STSA.Q,"United Kingdom – Labour Force Survey - quarterly rates > Unemployment rate > Aged 15 and over > All persons – Level, rate or national currency, s.a. – Quarterly",1997-Q2,1997-04-01,7.17686598515614,7.17686598515614,GBR,LRUNTTTT,STSA,Q,United Kingdom,Labour Force Survey - quarterly rates > Unemployment rate > Aged 15 and over > All persons,"Level, rate or national currency, s.a.",Quarterly
quarterly,OECD,MEI,Main Economic Indicators Publication,GBR.LRUNTTTT.STSA.Q,"United Kingdom – Labour Force Survey - quarterly rates > Unemployment rate > Aged 15 and over > All persons – Level, rate or national currency, s.a. – Quarterly",1997-Q3,1997-07-01,6.84009395926095,6.84009395926095,GBR,LRUNTTTT,STSA,Q,United Kingdom,Labour Force Survey - quarterly rates > Unemployment rate > Aged 15 and over > All persons,"Level, rate or national currency, s.a.",Quarterly
quarterly,OECD,MEI,Main Economic Indicators Publication,GBR.LRUNTTTT.STSA.Q,"United Kingdom – Labour Force Survey - quarterly rates > Unemployment rate > Aged 15 and over > All persons – Level, rate or national currency, s.a. – Quarterly",1997-Q4,1997-10-01,6.54035087719298,6.54035087719298,GBR,LRUNTTTT,STSA,Q,United Kingdom,Labour Force Survey - quarterly rates > Unemployment rate > Aged 15 and over > All persons,"Level, rate or national currency, s.a.",Quarterly
quarterly,OECD,MEI,Main Economic Indicators Publication,GBR.LRUNTTTT.STSA.Q,"United Kingdom – Labour Force Survey - quarterly rates > Unemployment rate > Aged 15 and over > All persons – Level, rate or national currency, s.a. – Quarterly",1998-Q1,1998-01-01,6.36692288792952,6.36692288792952,GBR,LRUNTTTT,STSA,Q,United Kingdom,Labour Force Survey - quarterly rates > Unemployment rate > Aged 15 and over > All persons,"Level, rate or national currency, s.a.",Quarterly
quarterly,OECD,MEI,Main Economic Indicators Publication,GBR.LRUNTTTT.STSA.Q,"United Kingdom – Labour Force Survey - quarterly rates > Unemployment rate > Aged 15 and over > All persons – Level, rate or national currency, s.a. – Quarterly",1998-Q2,1998-04-01,6.28310822662691,6.28310822662691,GBR,LRUNTTTT,STSA,Q,United Kingdom,Labour Force Survey - quarterly rates > Unemployment rate > Aged 15 and over > All persons,"Level, rate or national currency, s.a.",Quarterly
quarterly,OECD,MEI,Main Economic Indicators Publication,GBR.LRUNTTTT.STSA.Q,"United Kingdom – Labour Force Survey - quarterly rates > Unemployment rate > Aged 15 and over > All persons – Level, rate or national currency, s.a. – Quarterly",1998-Q3,1998-07-01,6.24060938537335,6.24060938537335,GBR,LRUNTTTT,STSA,Q,United Kingdom,Labour Force Survey - quarterly rates > Unemployment rate > Aged 15 and over > All persons,"Level, rate or national currency, s.a.",Quarterly
quarterly,OECD,MEI,Main Economic Indicators Publication,GBR.LRUNTTTT.STSA.Q,"United Kingdom – Labour Force Survey - quarterly rates > Unemployment rate > Aged 15 and over > All persons – Level, rate or national currency, s.a. – Quarterly",1998-Q4,1998-10-01,6.14227514885616,6.14227514885616,GBR,LRUNTTTT,STSA,Q,United Kingdom,Labour Force Survey - quarterly rates > Unemployment rate > Aged 15 and over > All persons,"Level, rate or national currency, s.a.",Quarterly
quarterly,OECD,MEI,Main Economic Indicators Publication,GBR.LRUNTTTT.STSA.Q,"United Kingdom – Labour Force Survey - quarterly rates > Unemployment rate > Aged 15 and over > All persons – Level, rate or national currency, s.a. – Quarterly",1999-Q1,1999-01-01,6.17386777719938,6.17386777719938,GBR,LRUNTTTT,STSA,Q,United Kingdom,Labour Force Survey - quarterly rates > Unemployment rate > Aged 15 and over > All persons,"Level, rate or national currency, s.a.",Quarterly
quarterly,OECD,MEI,Main Economic Indicators Publication,GBR.LRUNTTTT.STSA.Q,"United Kingdom – Labour Force Survey - quarterly rates > Unemployment rate > Aged 15 and over > All persons – Level, rate or national currency, s.a. – Quarterly",1999-Q2,1999-04-01,6.04410846799362,6.04410846799362,GBR,LRUNTTTT,STSA,Q,United Kingdom,Labour Force Survey - quarterly rates > Unemployment rate > Aged 15 and over > All persons,"Level, rate or national currency, s.a.",Quarterly
quarterly,OECD,MEI,Main Economic Indicators Publication,GBR.LRUNTTTT.STSA.Q,"United Kingdom – Labour Force Survey - quarterly rates > Unemployment rate > Aged 15 and over > All persons – Level, rate or national currency, s.a. – Quarterly",1999-Q3,1999-07-01,5.88520055325035,5.88520055325035,GBR,LRUNTTTT,STSA,Q,United Kingdom,Labour Force Survey - quarterly rates > Unemployment rate > Aged 15 and over > All persons,"Level, rate or national currency, s.a.",Quarterly
quarterly,OECD,MEI,Main Economic Indicators Publication,GBR.LRUNTTTT.STSA.Q,"United Kingdom – Labour Force Survey - quarterly rates > Unemployment rate > Aged 15 and over > All persons – Level, rate or national currency, s.a. – Quarterly",1999-Q4,1999-10-01,5.80549522529045,5.80549522529045,GBR,LRUNTTTT,STSA,Q,United Kingdom,Labour Force Survey - quarterly rates > Unemployment rate > Aged 15 and over > All persons,"Level, rate or national currency, s.a.",Quarterly
quarterly,OECD,MEI,Main Economic Indicators Publication,GBR.LRUNTTTT.STSA.Q,"United Kingdom – Labour Force Survey - quarterly rates > Unemployment rate > Aged 15 and over > All persons – Level, rate or national currency, s.a. – Quarterly",2000-Q1,2000-01-01,5.79121333149704,5.79121333149704,GBR,LRUNTTTT,STSA,Q,United Kingdom,Labour Force Survey - quarterly rates > Unemployment rate > Aged 15 and over > All persons,"Level, rate or national currency, s.a.",Quarterly
quarterly,OECD,MEI,Main Economic Indicators Publication,GBR.LRUNTTTT.STSA.Q,"United Kingdom – Labour Force Survey - quarterly rates > Unemployment rate > Aged 15 and over > All persons – Level, rate or national currency, s.a. – Quarterly",2000-Q2,2000-04-01,5.50108370316854,5.50108370316854,GBR,LRUNTTTT,STSA,Q,United Kingdom,Labour Force Survey - quarterly rates > Unemployment rate > Aged 15 and over > All persons,"Level, rate or national currency, s.a.",Quarterly
quarterly,OECD,MEI,Main Economic Indicators Publication,GBR.LRUNTTTT.STSA.Q,"United Kingdom – Labour Force Survey - quarterly rates > Unemployment rate > Aged 15 and over > All persons – Level, rate or national currency, s.a. – Quarterly",2000-Q3,2000-07-01,5.31578585664216,5.31578585664216,GBR,LRUNTTTT,STSA,Q,United Kingdom,Labour Force Survey - quarterly rates > Unemployment rate > Aged 15 and over > All persons,"Level, rate or national currency, s.a.",Quarterly
quarterly,OECD,MEI,Main Economic Indicators Publication,GBR.LRUNTTTT.STSA.Q,"United Kingdom – Labour Force Survey - quarterly rates > Unemployment rate > Aged 15 and over > All persons – Level, rate or national currency, s.a. – Quarterly",2000-Q4,2000-10-01,5.22911793037017,5.22911793037017,GBR,LRUNTTTT,STSA,Q,United Kingdom,Labour Force Survey - quarterly rates > Unemployment rate > Aged 15 and over > All persons,"Level, rate or national currency, s.a.",Quarterly
quarterly,OECD,MEI,Main Economic Indicators Publication,GBR.LRUNTTTT.STSA.Q,"United Kingdom – Labour Force Survey - quarterly rates > Unemployment rate > Aged 15 and over > All persons – Level, rate or national currency, s.a. – Quarterly",2001-Q1,2001-01-01,5.08864760857614,5.08864760857614,GBR,LRUNTTTT,STSA,Q,United Kingdom,Labour Force Survey - quarterly rates > Unemployment rate > Aged 15 and over > All persons,"Level, rate or national currency, s.a.",Quarterly
quarterly,OECD,MEI,Main Economic Indicators Publication,GBR.LRUNTTTT.STSA.Q,"United Kingdom – Labour Force Survey - quarterly rates > Unemployment rate > Aged 15 and over > All persons – Level, rate or national currency, s.a. – Quarterly",2001-Q2,2001-04-01,5.02844998971687,5.02844998971687,GBR,LRUNTTTT,STSA,Q,United Kingdom,Labour Force Survey - quarterly rates > Unemployment rate > Aged 15 and over > All persons,"Level, rate or national currency, s.a.",Quarterly
quarterly,OECD,MEI,Main Economic Indicators Publication,GBR.LRUNTTTT.STSA.Q,"United Kingdom – Labour Force Survey - quarterly rates > Unemployment rate > Aged 15 and over > All persons – Level, rate or national currency, s.a. – Quarterly",2001-Q3,2001-07-01,5.09211697828916,5.09211697828916,GBR,LRUNTTTT,STSA,Q,United Kingdom,Labour Force Survey - quarterly rates > Unemployment rate > Aged 15 and over > All persons,"Level, rate or national currency, s.a.",Quarterly
quarterly,OECD,MEI,Main Economic Indicators Publication,GBR.LRUNTTTT.STSA.Q,"United Kingdom – Labour Force Survey - quarterly rates > Unemployment rate > Aged 15 and over > All persons – Level, rate or national currency, s.a. – Quarterly",2001-Q4,2001-10-01,5.18041061319146,5.18041061319146,GBR,LRUNTTTT,STSA,Q,United Kingdom,Labour Force Survey - quarterly rates > Unemployment rate > Aged 15 and over > All persons,"Level, rate or national currency, s.a.",Quarterly
quarterly,OECD,MEI,Main Economic Indicators Publication,GBR.LRUNTTTT.STSA.Q,"United Kingdom – Labour Force Survey - quarterly rates > Unemployment rate > Aged 15 and over > All persons – Level, rate or national currency, s.a. – Quarterly",2002-Q1,2002-01-01,5.16853165938865,5.16853165938865,GBR,LRUNTTTT,STSA,Q,United Kingdom,Labour Force Survey - quarterly rates > Unemployment rate > Aged 15 and over > All persons,"Level, rate or national currency, s.a.",Quarterly
quarterly,OECD,MEI,Main Economic Indicators Publication,GBR.LRUNTTTT.STSA.Q,"United Kingdom – Labour Force Survey - quarterly rates > Unemployment rate > Aged 15 and over > All persons – Level, rate or national currency, s.a. – Quarterly",2002-Q2,2002-04-01,5.15754447915252,5.15754447915252,GBR,LRUNTTTT,STSA,Q,United Kingdom,Labour Force Survey - quarterly rates > Unemployment rate > Aged 15 and over > All persons,"Level, rate or national currency, s.a.",Quarterly
quarterly,OECD,MEI,Main Economic Indicators Publication,GBR.LRUNTTTT.STSA.Q,"United Kingdom – Labour Force Survey - quarterly rates > Unemployment rate > Aged 15 and over > All persons – Level, rate or national currency, s.a. – Quarterly",2002-Q3,2002-07-01,5.3082946340802,5.3082946340802,GBR,LRUNTTTT,STSA,Q,United Kingdom,Labour Force Survey - quarterly rates > Unemployment rate > Aged 15 and over > All persons,"Level, rate or national currency, s.a.",Quarterly
quarterly,OECD,MEI,Main Economic Indicators Publication,GBR.LRUNTTTT.STSA.Q,"United Kingdom – Labour Force Survey - quarterly rates > Unemployment rate > Aged 15 and over > All persons – Level, rate or national currency, s.a. – Quarterly",2002-Q4,2002-10-01,5.11712684803888,5.11712684803888,GBR,LRUNTTTT,STSA,Q,United Kingdom,Labour Force Survey - quarterly rates > Unemployment rate > Aged 15 and over > All persons,"Level, rate or national currency, s.a.",Quarterly
quarterly,OECD,MEI,Main Economic Indicators Publication,GBR.LRUNTTTT.STSA.Q,"United Kingdom – Labour Force Survey - quarterly rates > Unemployment rate > Aged 15 and over > All persons – Level, rate or national currency, s.a. – Quarterly",2003-Q1,2003-01-01,5.16688603152104,5.16688603152104,GBR,LRUNTTTT,STSA,Q,United Kingdom,Labour Force Survey - quarterly rates > Unemployment rate > Aged 15 and over > All persons,"Level, rate or national currency, s.a.",Quarterly
quarterly,OECD,MEI,Main Economic Indicators Publication,GBR.LRUNTTTT.STSA.Q,"United Kingdom – Labour Force Survey - quarterly rates > Unemployment rate > Aged 15 and over > All persons – Level, rate or national currency, s.a. – Quarterly",2003-Q2,2003-04-01,4.93719058363924,4.93719058363924,GBR,LRUNTTTT,STSA,Q,United Kingdom,Labour Force Survey - quarterly rates > Unemployment rate > Aged 15 and over > All persons,"Level, rate or national currency, s.a.",Quarterly
quarterly,OECD,MEI,Main Economic Indicators Publication,GBR.LRUNTTTT.STSA.Q,"United Kingdom – Labour Force Survey - quarterly rates > Unemployment rate > Aged 15 and over > All persons – Level, rate or national currency, s.a. – Quarterly",2003-Q3,2003-07-01,5.05057293591855,5.05057293591855,GBR,LRUNTTTT,STSA,Q,United Kingdom,Labour Force Survey - quarterly rates > Unemployment rate > Aged 15 and over > All persons,"Level, rate or national currency, s.a.",Quarterly
quarterly,OECD,MEI,Main Economic Indicators Publication,GBR.LRUNTTTT.STSA.Q,"United Kingdom – Labour Force Survey - quarterly rates > Unemployment rate > Aged 15 and over > All persons – Level, rate or national currency, s.a. – Quarterly",2003-Q4,2003-10-01,4.89566882833238,4.89566882833238,GBR,LRUNTTTT,STSA,Q,United Kingdom,Labour Force Survey - quarterly rates > Unemployment rate > Aged 15 and over > All persons,"Level, rate or national currency, s.a.",Quarterly
quarterly,OECD,MEI,Main Economic Indicators Publication,GBR.LRUNTTTT.STSA.Q,"United Kingdom – Labour Force Survey - quarterly rates > Unemployment rate > Aged 15 and over > All persons – Level, rate or national currency, s.a. – Quarterly",2004-Q1,2004-01-01,4.79710969123206,4.79710969123206,GBR,LRUNTTTT,STSA,Q,United Kingdom,Labour Force Survey - quarterly rates > Unemployment rate > Aged 15 and over > All persons,"Level, rate or national currency, s.a.",Quarterly
quarterly,OECD,MEI,Main Economic Indicators Publication,GBR.LRUNTTTT.STSA.Q,"United Kingdom – Labour Force Survey - quarterly rates > Unemployment rate > Aged 15 and over > All persons – Level, rate or national currency, s.a. – Quarterly",2004-Q2,2004-04-01,4.80489517504263,4.80489517504263,GBR,LRUNTTTT,STSA,Q,United Kingdom,Labour Force Survey - quarterly rates > Unemployment rate > Aged 15 and over > All persons,"Level, rate or national currency, s.a.",Quarterly
quarterly,OECD,MEI,Main Economic Indicators Publication,GBR.LRUNTTTT.STSA.Q,"United Kingdom – Labour Force Survey - quarterly rates > Unemployment rate > Aged 15 and over > All persons – Level, rate or national currency, s.a. – Quarterly",2004-Q3,2004-07-01,4.68264313646846,4.68264313646846,GBR,LRUNTTTT,STSA,Q,United Kingdom,Labour Force Survey - quarterly rates > Unemployment rate > Aged 15 and over > All persons,"Level, rate or national currency, s.a.",Quarterly
quarterly,OECD,MEI,Main Economic Indicators Publication,GBR.LRUNTTTT.STSA.Q,"United Kingdom – Labour Force Survey - quarterly rates > Unemployment rate > Aged 15 and over > All persons – Level, rate or national currency, s.a. – Quarterly",2004-Q4,2004-10-01,4.72820308346624,4.72820308346624,GBR,LRUNTTTT,STSA,Q,United Kingdom,Labour Force Survey - quarterly rates > Unemployment rate > Aged 15 and over > All persons,"Level, rate or national currency, s.a.",Quarterly
quarterly,OECD,MEI,Main Economic Indicators Publication,GBR.LRUNTTTT.STSA.Q,"United Kingdom – Labour Force Survey - quarterly rates > Unemployment rate > Aged 15 and over > All persons – Level, rate or national currency, s.a. – Quarterly",2005-Q1,2005-01-01,4.68812077870481,4.68812077870481,GBR,LRUNTTTT,STSA,Q,United Kingdom,Labour Force Survey - quarterly rates > Unemployment rate > Aged 15 and over > All persons,"Level, rate or national currency, s.a.",Quarterly
quarterly,OECD,MEI,Main Economic Indicators Publication,GBR.LRUNTTTT.STSA.Q,"United Kingdom – Labour Force Survey - quarterly rates > Unemployment rate > Aged 15 and over > All persons – Level, rate or national currency, s.a. – Quarterly",2005-Q2,2005-04-01,4.75513375880427,4.75513375880427,GBR,LRUNTTTT,STSA,Q,United Kingdom,Labour Force Survey - quarterly rates > Unemployment rate > Aged 15 and over > All persons,"Level, rate or national currency, s.a.",Quarterly
quarterly,OECD,MEI,Main Economic Indicators Publication,GBR.LRUNTTTT.STSA.Q,"United Kingdom – Labour Force Survey - quarterly rates > Unemployment rate > Aged 15 and over > All persons – Level, rate or national currency, s.a. – Quarterly",2005-Q3,2005-07-01,4.7292846792254,4.7292846792254,GBR,LRUNTTTT,STSA,Q,United Kingdom,Labour Force Survey - quarterly rates > Unemployment rate > Aged 15 and over > All persons,"Level, rate or national currency, s.a.",Quarterly
quarterly,OECD,MEI,Main Economic Indicators Publication,GBR.LRUNTTTT.STSA.Q,"United Kingdom – Labour Force Survey - quarterly rates > Unemployment rate > Aged 15 and over > All persons – Level, rate or national currency, s.a. – Quarterly",2005-Q4,2005-10-01,5.14353281219208,5.14353281219208,GBR,LRUNTTTT,STSA,Q,United Kingdom,Labour Force Survey - quarterly rates > Unemployment rate > Aged 15 and over > All persons,"Level, rate or national currency, s.a.",Quarterly
quarterly,OECD,MEI,Main Economic Indicators Publication,GBR.LRUNTTTT.STSA.Q,"United Kingdom – Labour Force Survey - quarterly rates > Unemployment rate > Aged 15 and over > All persons – Level, rate or national currency, s.a. – Quarterly",2006-Q1,2006-01-01,5.23293749184393,5.23293749184393,GBR,LRUNTTTT,STSA,Q,United Kingdom,Labour Force Survey - quarterly rates > Unemployment rate > Aged 15 and over > All persons,"Level, rate or national currency, s.a.",Quarterly
quarterly,OECD,MEI,Main Economic Indicators Publication,GBR.LRUNTTTT.STSA.Q,"United Kingdom – Labour Force Survey - quarterly rates > Unemployment rate > Aged 15 and over > All persons – Level, rate or national currency, s.a. – Quarterly",2006-Q2,2006-04-01,5.47237829235816,5.47237829235816,GBR,LRUNTTTT,STSA,Q,United Kingdom,Labour Force Survey - quarterly rates > Unemployment rate > Aged 15 and over > All persons,"Level, rate or national currency, s.a.",Quarterly
quarterly,OECD,MEI,Main Economic Indicators Publication,GBR.LRUNTTTT.STSA.Q,"United Kingdom – Labour Force Survey - quarterly rates > Unemployment rate > Aged 15 and over > All persons – Level, rate or national currency, s.a. – Quarterly",2006-Q3,2006-07-01,5.48628428927681,5.48628428927681,GBR,LRUNTTTT,STSA,Q,United Kingdom,Labour Force Survey - quarterly rates > Unemployment rate > Aged 15 and over > All persons,"Level, rate or national currency, s.a.",Quarterly
quarterly,OECD,MEI,Main Economic Indicators Publication,GBR.LRUNTTTT.STSA.Q,"United Kingdom – Labour Force Survey - quarterly rates > Unemployment rate > Aged 15 and over > All persons – Level, rate or national currency, s.a. – Quarterly",2006-Q4,2006-10-01,5.49912660930323,5.49912660930323,GBR,LRUNTTTT,STSA,Q,United Kingdom,Labour Force Survey - quarterly rates > Unemployment rate > Aged 15 and over > All persons,"Level, rate or national currency, s.a.",Quarterly
quarterly,OECD,MEI,Main Economic Indicators Publication,GBR.LRUNTTTT.STSA.Q,"United Kingdom – Labour Force Survey - quarterly rates > Unemployment rate > Aged 15 and over > All persons – Level, rate or national currency, s.a. – Quarterly",2007-Q1,2007-01-01,5.51186199307376,5.51186199307376,GBR,LRUNTTTT,STSA,Q,United Kingdom,Labour Force Survey - quarterly rates > Unemployment rate > Aged 15 and over > All persons,"Level, rate or national currency, s.a.",Quarterly
quarterly,OECD,MEI,Main Economic Indicators Publication,GBR.LRUNTTTT.STSA.Q,"United Kingdom – Labour Force Survey - quarterly rates > Unemployment rate > Aged 15 and over > All persons – Level, rate or national currency, s.a. – Quarterly",2007-Q2,2007-04-01,5.35183989670755,5.35183989670755,GBR,LRUNTTTT,STSA,Q,United Kingdom,Labour Force Survey - quarterly rates > Unemployment rate > Aged 15 and over > All persons,"Level, rate or national currency, s.a.",Quarterly
quarterly,OECD,MEI,Main Economic Indicators Publication,GBR.LRUNTTTT.STSA.Q,"United Kingdom – Labour Force Survey - quarterly rates > Unemployment rate > Aged 15 and over > All persons – Level, rate or national currency, s.a. – Quarterly",2007-Q3,2007-07-01,5.31058899259736,5.31058899259736,GBR,LRUNTTTT,STSA,Q,United Kingdom,Labour Force Survey - quarterly rates > Unemployment rate > Aged 15 and over > All persons,"Level, rate or national currency, s.a.",Quarterly
quarterly,OECD,MEI,Main Economic Indicators Publication,GBR.LRUNTTTT.STSA.Q,"United Kingdom – Labour Force Survey - quarterly rates > Unemployment rate > Aged 15 and over > All persons – Level, rate or national currency, s.a. – Quarterly",2007-Q4,2007-10-01,5.15665587018568,5.15665587018568,GBR,LRUNTTTT,STSA,Q,United Kingdom,Labour Force Survey - quarterly rates > Unemployment rate > Aged 15 and over > All persons,"Level, rate or national currency, s.a.",Quarterly
quarterly,OECD,MEI,Main Economic Indicators Publication,GBR.LRUNTTTT.STSA.Q,"United Kingdom – Labour Force Survey - quarterly rates > Unemployment rate > Aged 15 and over > All persons – Level, rate or national currency, s.a. – Quarterly",2008-Q1,2008-01-01,5.18430971698716,5.18430971698716,GBR,LRUNTTTT,STSA,Q,United Kingdom,Labour Force Survey - quarterly rates > Unemployment rate > Aged 15 and over > All persons,"Level, rate or national currency, s.a.",Quarterly
quarterly,OECD,MEI,Main Economic Indicators Publication,GBR.LRUNTTTT.STSA.Q,"United Kingdom – Labour Force Survey - quarterly rates > Unemployment rate > Aged 15 and over > All persons – Level, rate or national currency, s.a. – Quarterly",2008-Q2,2008-04-01,5.35014808445591,5.35014808445591,GBR,LRUNTTTT,STSA,Q,United Kingdom,Labour Force Survey - quarterly rates > Unemployment rate > Aged 15 and over > All persons,"Level, rate or national currency, s.a.",Quarterly
quarterly,OECD,MEI,Main Economic Indicators Publication,GBR.LRUNTTTT.STSA.Q,"United Kingdom – Labour Force Survey - quarterly rates > Unemployment rate > Aged 15 and over > All persons – Level, rate or national currency, s.a. – Quarterly",2008-Q3,2008-07-01,5.85614258434118,5.85614258434118,GBR,LRUNTTTT,STSA,Q,United Kingdom,Labour Force Survey - quarterly rates > Unemployment rate > Aged 15 and over > All persons,"Level, rate or national currency, s.a.",Quarterly
quarterly,OECD,MEI,Main Economic Indicators Publication,GBR.LRUNTTTT.STSA.Q,"United Kingdom – Labour Force Survey - quarterly rates > Unemployment rate > Aged 15 and over > All persons – Level, rate or national currency, s.a. – Quarterly",2008-Q4,2008-10-01,6.3522770518838,6.3522770518838,GBR,LRUNTTTT,STSA,Q,United Kingdom,Labour Force Survey - quarterly rates > Unemployment rate > Aged 15 and over > All persons,"Level, rate or national currency, s.a.",Quarterly
quarterly,OECD,MEI,Main Economic Indicators Publication,GBR.LRUNTTTT.STSA.Q,"United Kingdom – Labour Force Survey - quarterly rates > Unemployment rate > Aged 15 and over > All persons – Level, rate or national currency, s.a. – Quarterly",2009-Q1,2009-01-01,7.07256099490522,7.07256099490522,GBR,LRUNTTTT,STSA,Q,United Kingdom,Labour Force Survey - quarterly rates > Unemployment rate > Aged 15 and over > All persons,"Level, rate or national currency, s.a.",Quarterly
quarterly,OECD,MEI,Main Economic Indicators Publication,GBR.LRUNTTTT.STSA.Q,"United Kingdom – Labour Force Survey - quarterly rates > Unemployment rate > Aged 15 and over > All persons – Level, rate or national currency, s.a. – Quarterly",2009-Q2,2009-04-01,7.76255707762557,7.76255707762557,GBR,LRUNTTTT,STSA,Q,United Kingdom,Labour Force Survey - quarterly rates > Unemployment rate > Aged 15 and over > All persons,"Level, rate or national currency, s.a.",Quarterly
quarterly,OECD,MEI,Main Economic Indicators Publication,GBR.LRUNTTTT.STSA.Q,"United Kingdom – Labour Force Survey - quarterly rates > Unemployment rate > Aged 15 and over > All persons – Level, rate or national currency, s.a. – Quarterly",2009-Q3,2009-07-01,7.84910445395467,7.84910445395467,GBR,LRUNTTTT,STSA,Q,United Kingdom,Labour Force Survey - quarterly rates > Unemployment rate > Aged 15 and over > All persons,"Level, rate or national currency, s.a.",Quarterly
quarterly,OECD,MEI,Main Economic Indicators Publication,GBR.LRUNTTTT.STSA.Q,"United Kingdom – Labour Force Survey - quarterly rates > Unemployment rate > Aged 15 and over > All persons – Level, rate or national currency, s.a. – Quarterly",2009-Q4,2009-10-01,7.77397477340432,7.77397477340432,GBR,LRUNTTTT,STSA,Q,United Kingdom,Labour Force Survey - quarterly rates > Unemployment rate > Aged 15 and over > All persons,"Level, rate or national currency, s.a.",Quarterly
quarterly,OECD,MEI,Main Economic Indicators Publication,GBR.LRUNTTTT.STSA.Q,"United Kingdom – Labour Force Survey - quarterly rates > Unemployment rate > Aged 15 and over > All persons – Level, rate or national currency, s.a. – Quarterly",2010-Q1,2010-01-01,8.00913155141254,8.00913155141254,GBR,LRUNTTTT,STSA,Q,United Kingdom,Labour Force Survey - quarterly rates > Unemployment rate > Aged 15 and over > All persons,"Level, rate or national currency, s.a.",Quarterly
quarterly,OECD,MEI,Main Economic Indicators Publication,GBR.LRUNTTTT.STSA.Q,"United Kingdom – Labour Force Survey - quarterly rates > Unemployment rate > Aged 15 and over > All persons – Level, rate or national currency, s.a. – Quarterly",2010-Q2,2010-04-01,7.85353535353535,7.85353535353535,GBR,LRUNTTTT,STSA,Q,United Kingdom,Labour Force Survey - quarterly rates > Unemployment rate > Aged 15 and over > All persons,"Level, rate or national currency, s.a.",Quarterly
quarterly,OECD,MEI,Main Economic Indicators Publication,GBR.LRUNTTTT.STSA.Q,"United Kingdom – Labour Force Survey - quarterly rates > Unemployment rate > Aged 15 and over > All persons – Level, rate or national currency, s.a. – Quarterly",2010-Q3,2010-07-01,7.75388479045676,7.75388479045676,GBR,LRUNTTTT,STSA,Q,United Kingdom,Labour Force Survey - quarterly rates > Unemployment rate > Aged 15 and over > All persons,"Level, rate or national currency, s.a.",Quarterly
quarterly,OECD,MEI,Main Economic Indicators Publication,GBR.LRUNTTTT.STSA.Q,"United Kingdom – Labour Force Survey - quarterly rates > Unemployment rate > Aged 15 and over > All persons – Level, rate or national currency, s.a. – Quarterly",2010-Q4,2010-10-01,7.86439186853929,7.86439186853929,GBR,LRUNTTTT,STSA,Q,United Kingdom,Labour Force Survey - quarterly rates > Unemployment rate > Aged 15 and over > All persons,"Level, rate or national currency, s.a.",Quarterly
quarterly,OECD,MEI,Main Economic Indicators Publication,GBR.LRUNTTTT.STSA.Q,"United Kingdom – Labour Force Survey - quarterly rates > Unemployment rate > Aged 15 and over > All persons – Level, rate or national currency, s.a. – Quarterly",2011-Q1,2011-01-01,7.77784738754542,7.77784738754542,GBR,LRUNTTTT,STSA,Q,United Kingdom,Labour Force Survey - quarterly rates > Unemployment rate > Aged 15 and over > All persons,"Level, rate or national currency, s.a.",Quarterly
quarterly,OECD,MEI,Main Economic Indicators Publication,GBR.LRUNTTTT.STSA.Q,"United Kingdom – Labour Force Survey - quarterly rates > Unemployment rate > Aged 15 and over > All persons – Level, rate or national currency, s.a. – Quarterly",2011-Q2,2011-04-01,7.93784780841618,7.93784780841618,GBR,LRUNTTTT,STSA,Q,United Kingdom,Labour Force Survey - quarterly rates > Unemployment rate > Aged 15 and over > All persons,"Level, rate or national currency, s.a.",Quarterly
quarterly,OECD,MEI,Main Economic Indicators Publication,GBR.LRUNTTTT.STSA.Q,"United Kingdom – Labour Force Survey - quarterly rates > Unemployment rate > Aged 15 and over > All persons – Level, rate or national currency, s.a. – Quarterly",2011-Q3,2011-07-01,8.33359421469492,8.33359421469492,GBR,LRUNTTTT,STSA,Q,United Kingdom,Labour Force Survey - quarterly rates > Unemployment rate > Aged 15 and over > All persons,"Level, rate or national currency, s.a.",Quarterly
quarterly,OECD,MEI,Main Economic Indicators Publication,GBR.LRUNTTTT.STSA.Q,"United Kingdom – Labour Force Survey - quarterly rates > Unemployment rate > Aged 15 and over > All persons – Level, rate or national currency, s.a. – Quarterly",2011-Q4,2011-10-01,8.39499235115981,8.39499235115981,GBR,LRUNTTTT,STSA,Q,United Kingdom,Labour Force Survey - quarterly rates > Unemployment rate > Aged 15 and over > All persons,"Level, rate or national currency, s.a.",Quarterly
quarterly,OECD,MEI,Main Economic Indicators Publication,GBR.LRUNTTTT.STSA.Q,"United Kingdom – Labour Force Survey - quarterly rates > Unemployment rate > Aged 15 and over > All persons – Level, rate or national currency, s.a. – Quarterly",2012-Q1,2012-01-01,8.20893196621685,8.20893196621685,GBR,LRUNTTTT,STSA,Q,United Kingdom,Labour Force Survey - quarterly rates > Unemployment rate > Aged 15 and over > All persons,"Level, rate or national currency, s.a.",Quarterly
quarterly,OECD,MEI,Main Economic Indicators Publication,GBR.LRUNTTTT.STSA.Q,"United Kingdom – Labour Force Survey - quarterly rates > Unemployment rate > Aged 15 and over > All persons – Level, rate or national currency, s.a. – Quarterly",2012-Q2,2012-04-01,7.99218459248232,7.99218459248232,GBR,LRUNTTTT,STSA,Q,United Kingdom,Labour Force Survey - quarterly rates > Unemployment rate > Aged 15 and over > All persons,"Level, rate or national currency, s.a.",Quarterly
quarterly,OECD,MEI,Main Economic Indicators Publication,GBR.LRUNTTTT.STSA.Q,"United Kingdom – Labour Force Survey - quarterly rates > Unemployment rate > Aged 15 and over > All persons – Level, rate or national currency, s.a. – Quarterly",2012-Q3,2012-07-01,7.85831501377837,7.85831501377837,GBR,LRUNTTTT,STSA,Q,United Kingdom,Labour Force Survey - quarterly rates > Unemployment rate > Aged 15 and over > All persons,"Level, rate or national currency, s.a.",Quarterly
quarterly,OECD,MEI,Main Economic Indicators Publication,GBR.LRUNTTTT.STSA.Q,"United Kingdom – Labour Force Survey - quarterly rates > Unemployment rate > Aged 15 and over > All persons – Level, rate or national currency, s.a. – Quarterly",2012-Q4,2012-10-01,7.81394488625855,7.81394488625855,GBR,LRUNTTTT,STSA,Q,United Kingdom,Labour Force Survey - quarterly rates > Unemployment rate > Aged 15 and over > All persons,"Level, rate or national currency, s.a.",Quarterly
quarterly,OECD,MEI,Main Economic Indicators Publication,GBR.LRUNTTTT.STSA.Q,"United Kingdom – Labour Force Survey - quarterly rates > Unemployment rate > Aged 15 and over > All persons – Level, rate or national currency, s.a. – Quarterly",2013-Q1,2013-01-01,7.84434836318715,7.84434836318715,GBR,LRUNTTTT,STSA,Q,United Kingdom,Labour Force Survey - quarterly rates > Unemployment rate > Aged 15 and over > All persons,"Level, rate or national currency, s.a.",Quarterly
quarterly,OECD,MEI,Main Economic Indicators Publication,GBR.LRUNTTTT.STSA.Q,"United Kingdom – Labour Force Survey - quarterly rates > Unemployment rate > Aged 15 and over > All persons – Level, rate or national currency, s.a. – Quarterly",2013-Q2,2013-04-01,7.74966875173328,7.74966875173328,GBR,LRUNTTTT,STSA,Q,United Kingdom,Labour Force Survey - quarterly rates > Unemployment rate > Aged 15 and over > All persons,"Level, rate or national currency, s.a.",Quarterly
quarterly,OECD,MEI,Main Economic Indicators Publication,GBR.LRUNTTTT.STSA.Q,"United Kingdom – Labour Force Survey - quarterly rates > Unemployment rate > Aged 15 and over > All persons – Level, rate or national currency, s.a. – Quarterly",2013-Q3,2013-07-01,7.61630047870382,7.61630047870382,GBR,LRUNTTTT,STSA,Q,United Kingdom,Labour Force Survey - quarterly rates > Unemployment rate > Aged 15 and over > All persons,"Level, rate or national currency, s.a.",Quarterly
quarterly,OECD,MEI,Main Economic Indicators Publication,GBR.LRUNTTTT.STSA.Q,"United Kingdom – Labour Force Survey - quarterly rates > Unemployment rate > Aged 15 and over > All persons – Level, rate or national currency, s.a. – Quarterly",2013-Q4,2013-10-01,7.22249448664543,7.22249448664543,GBR,LRUNTTTT,STSA,Q,United Kingdom,Labour Force Survey - quarterly rates > Unemployment rate > Aged 15 and over > All persons,"Level, rate or national currency, s.a.",Quarterly
quarterly,OECD,MEI,Main Economic Indicators Publication,GBR.LRUNTTTT.STSA.Q,"United Kingdom – Labour Force Survey - quarterly rates > Unemployment rate > Aged 15 and over > All persons – Level, rate or national currency, s.a. – Quarterly",2014-Q1,2014-01-01,6.75258833949241,6.75258833949241,GBR,LRUNTTTT,STSA,Q,United Kingdom,Labour Force Survey - quarterly rates > Unemployment rate > Aged 15 and over > All persons,"Level, rate or national currency, s.a.",Quarterly
quarterly,OECD,MEI,Main Economic Indicators Publication,GBR.LRUNTTTT.STSA.Q,"United Kingdom – Labour Force Survey - quarterly rates > Unemployment rate > Aged 15 and over > All persons – Level, rate or national currency, s.a. – Quarterly",2014-Q2,2014-04-01,6.29005676616004,6.29005676616004,GBR,LRUNTTTT,STSA,Q,United Kingdom,Labour Force Survey - quarterly rates > Unemployment rate > Aged 15 and over > All persons,"Level, rate or national currency, s.a.",Quarterly
quarterly,OECD,MEI,Main Economic Indicators Publication,GBR.LRUNTTTT.STSA.Q,"United Kingdom – Labour Force Survey - quarterly rates > Unemployment rate > Aged 15 and over > All persons – Level, rate or national currency, s.a. – Quarterly",2014-Q3,2014-07-01,5.98261930172282,5.98261930172282,GBR,LRUNTTTT,STSA,Q,United Kingdom,Labour Force Survey - quarterly rates > Unemployment rate > Aged 15 and over > All persons,"Level, rate or national currency, s.a.",Quarterly
quarterly,OECD,MEI,Main Economic Indicators Publication,GBR.LRUNTTTT.STSA.Q,"United Kingdom – Labour Force Survey - quarterly rates > Unemployment rate > Aged 15 and over > All persons – Level, rate or national currency, s.a. – Quarterly",2014-Q4,2014-10-01,5.69878710306576,5.69878710306576,GBR,LRUNTTTT,STSA,Q,United Kingdom,Labour Force Survey - quarterly rates > Unemployment rate > Aged 15 and over > All persons,"Level, rate or national currency, s.a.",Quarterly
quarterly,OECD,MEI,Main Economic Indicators Publication,GBR.LRUNTTTT.STSA.Q,"United Kingdom – Labour Force Survey - quarterly rates > Unemployment rate > Aged 15 and over > All persons – Level, rate or national currency, s.a. – Quarterly",2015-Q1,2015-01-01,5.53635316233097,5.53635316233097,GBR,LRUNTTTT,STSA,Q,United Kingdom,Labour Force Survey - quarterly rates > Unemployment rate > Aged 15 and over > All persons,"Level, rate or national currency, s.a.",Quarterly
quarterly,OECD,MEI,Main Economic Indicators Publication,GBR.LRUNTTTT.STSA.Q,"United Kingdom – Labour Force Survey - quarterly rates > Unemployment rate > Aged 15 and over > All persons – Level, rate or national currency, s.a. – Quarterly",2015-Q2,2015-04-01,5.61000030340726,5.61000030340726,GBR,LRUNTTTT,STSA,Q,United Kingdom,Labour Force Survey - quarterly rates > Unemployment rate > Aged 15 and over > All persons,"Level, rate or national currency, s.a.",Quarterly
quarterly,OECD,MEI,Main Economic Indicators Publication,GBR.LRUNTTTT.STSA.Q,"United Kingdom – Labour Force Survey - quarterly rates > Unemployment rate > Aged 15 and over > All persons – Level, rate or national currency, s.a. – Quarterly",2015-Q3,2015-07-01,5.31834526939232,5.31834526939232,GBR,LRUNTTTT,STSA,Q,United Kingdom,Labour Force Survey - quarterly rates > Unemployment rate > Aged 15 and over > All persons,"Level, rate or national currency, s.a.",Quarterly
quarterly,OECD,MEI,Main Economic Indicators Publication,GBR.LRUNTTTT.STSA.Q,"United Kingdom – Labour Force Survey - quarterly rates > Unemployment rate > Aged 15 and over > All persons – Level, rate or national currency, s.a. – Quarterly",2015-Q4,2015-10-01,5.07719625605682,5.07719625605682,GBR,LRUNTTTT,STSA,Q,United Kingdom,Labour Force Survey - quarterly rates > Unemployment rate > Aged 15 and over > All persons,"Level, rate or national currency, s.a.",Quarterly
quarterly,OECD,MEI,Main Economic Indicators Publication,GBR.LRUNTTTT.STSA.Q,"United Kingdom – Labour Force Survey - quarterly rates > Unemployment rate > Aged 15 and over > All persons – Level, rate or national currency, s.a. – Quarterly",2016-Q1,2016-01-01,5.07231125409664,5.07231125409664,GBR,LRUNTTTT,STSA,Q,United Kingdom,Labour Force Survey - quarterly rates > Unemployment rate > Aged 15 and over > All persons,"Level, rate or national currency, s.a.",Quarterly
quarterly,OECD,MEI,Main Economic Indicators Publication,GBR.LRUNTTTT.STSA.Q,"United Kingdom – Labour Force Survey - quarterly rates > Unemployment rate > Aged 15 and over > All persons – Level, rate or national currency, s.a. – Quarterly",2016-Q2,2016-04-01,4.92063492063492,4.92063492063492,GBR,LRUNTTTT,STSA,Q,United Kingdom,Labour Force Survey - quarterly rates > Unemployment rate > Aged 15 and over > All persons,"Level, rate or national currency, s.a.",Quarterly
quarterly,OECD,MEI,Main Economic Indicators Publication,GBR.LRUNTTTT.STSA.Q,"United Kingdom – Labour Force Survey - quarterly rates > Unemployment rate > Aged 15 and over > All persons – Level, rate or national currency, s.a. – Quarterly",2016-Q3,2016-07-01,4.8401088874929,4.8401088874929,GBR,LRUNTTTT,STSA,Q,United Kingdom,Labour Force Survey - quarterly rates > Unemployment rate > Aged 15 and over > All persons,"Level, rate or national currency, s.a.",Quarterly
quarterly,OECD,MEI,Main Economic Indicators Publication,GBR.LRUNTTTT.STSA.Q,"United Kingdom – Labour Force Survey - quarterly rates > Unemployment rate > Aged 15 and over > All persons – Level, rate or national currency, s.a. – Quarterly",2016-Q4,2016-10-01,4.74409978762227,4.74409978762227,GBR,LRUNTTTT,STSA,Q,United Kingdom,Labour Force Survey - quarterly rates > Unemployment rate > Aged 15 and over > All persons,"Level, rate or national currency, s.a.",Quarterly
quarterly,OECD,MEI,Main Economic Indicators Publication,GBR.LRUNTTTT.STSA.Q,"United Kingdom – Labour Force Survey - quarterly rates > Unemployment rate > Aged 15 and over > All persons – Level, rate or national currency, s.a. – Quarterly",2017-Q1,2017-01-01,4.56188569892152,4.56188569892152,GBR,LRUNTTTT,STSA,Q,United Kingdom,Labour Force Survey - quarterly rates > Unemployment rate > Aged 15 and over > All persons,"Level, rate or national currency, s.a.",Quarterly
quarterly,OECD,MEI,Main Economic Indicators Publication,GBR.LRUNTTTT.STSA.Q,"United Kingdom – Labour Force Survey - quarterly rates > Unemployment rate > Aged 15 and over > All persons – Level, rate or national currency, s.a. – Quarterly",2017-Q2,2017-04-01,4.42622950819672,4.42622950819672,GBR,LRUNTTTT,STSA,Q,United Kingdom,Labour Force Survey - quarterly rates > Unemployment rate > Aged 15 and over > All persons,"Level, rate or national currency, s.a.",Quarterly
quarterly,OECD,MEI,Main Economic Indicators Publication,GBR.LRUNTTTT.STSA.Q,"United Kingdom – Labour Force Survey - quarterly rates > Unemployment rate > Aged 15 and over > All persons – Level, rate or national currency, s.a. – Quarterly",2017-Q3,2017-07-01,4.26669055296787,4.26669055296787,GBR,LRUNTTTT,STSA,Q,United Kingdom,Labour Force Survey - quarterly rates > Unemployment rate > Aged 15 and over > All persons,"Level, rate or national currency, s.a.",Quarterly
quarterly,OECD,MEI,Main Economic Indicators Publication,GBR.LRUNTTTT.STSA.Q,"United Kingdom – Labour Force Survey - quarterly rates > Unemployment rate > Aged 15 and over > All persons – Level, rate or national currency, s.a. – Quarterly",2017-Q4,2017-10-01,4.35196477972454,4.35196477972454,GBR,LRUNTTTT,STSA,Q,United Kingdom,Labour Force Survey - quarterly rates > Unemployment rate > Aged 15 and over > All persons,"Level, rate or national currency, s.a.",Quarterly
quarterly,OECD,MEI,Main Economic Indicators Publication,GBR.LRUNTTTT.STSA.Q,"United Kingdom – Labour Force Survey - quarterly rates > Unemployment rate > Aged 15 and over > All persons – Level, rate or national currency, s.a. – Quarterly",2018-Q1,2018-01-01,4.2001125559077,4.2001125559077,GBR,LRUNTTTT,STSA,Q,United Kingdom,Labour Force Survey - quarterly rates > Unemployment rate > Aged 15 and over > All persons,"Level, rate or national currency, s.a.",Quarterly
quarterly,OECD,MEI,Main Economic Indicators Publication,GBR.LRUNTTTT.STSA.Q,"United Kingdom – Labour Force Survey - quarterly rates > Unemployment rate > Aged 15 and over > All persons – Level, rate or national currency, s.a. – Quarterly",2018-Q2,2018-04-01,4.035675131115,4.035675131115,GBR,LRUNTTTT,STSA,Q,United Kingdom,Labour Force Survey - quarterly rates > Unemployment rate > Aged 15 and over > All persons,"Level, rate or national currency, s.a.",Quarterly
quarterly,OECD,MEI,Main Economic Indicators Publication,GBR.LRUNTTTT.STSA.Q,"United Kingdom – Labour Force Survey - quarterly rates > Unemployment rate > Aged 15 and over > All persons – Level, rate or national currency, s.a. – Quarterly",2018-Q3,2018-07-01,4.07312095128228,4.07312095128228,GBR,LRUNTTTT,STSA,Q,United Kingdom,Labour Force Survey - quarterly rates > Unemployment rate > Aged 15 and over > All persons,"Level, rate or national currency, s.a.",Quarterly
quarterly,OECD,MEI,Main Economic Indicators Publication,GBR.LRUNTTTT.STSA.Q,"United Kingdom – Labour Force Survey - quarterly rates > Unemployment rate > Aged 15 and over > All persons – Level, rate or national currency, s.a. – Quarterly",2018-Q4,2018-10-01,4.01342716645564,4.01342716645564,GBR,LRUNTTTT,STSA,Q,United Kingdom,Labour Force Survey - quarterly rates > Unemployment rate > Aged 15 and over > All persons,"Level, rate or national currency, s.a.",Quarterly
quarterly,OECD,MEI,Main Economic Indicators Publication,GBR.LRUNTTTT.STSA.Q,"United Kingdom – Labour Force Survey - quarterly rates > Unemployment rate > Aged 15 and over > All persons – Level, rate or national currency, s.a. – Quarterly",2019-Q1,2019-01-01,3.81820856008236,3.81820856008236,GBR,LRUNTTTT,STSA,Q,United Kingdom,Labour Force Survey - quarterly rates > Unemployment rate > Aged 15 and over > All persons,"Level, rate or national currency, s.a.",Quarterly
quarterly,OECD,MEI,Main Economic Indicators Publication,GBR.LRUNTTTT.STSA.Q,"United Kingdom – Labour Force Survey - quarterly rates > Unemployment rate > Aged 15 and over > All persons – Level, rate or national currency, s.a. – Quarterly",2019-Q2,2019-04-01,3.89279437609842,3.89279437609842,GBR,LRUNTTTT,STSA,Q,United Kingdom,Labour Force Survey - quarterly rates > Unemployment rate > Aged 15 and over > All persons,"Level, rate or national currency, s.a.",Quarterly
quarterly,OECD,MEI,Main Economic Indicators Publication,GBR.LRUNTTTT.STSA.Q,"United Kingdom – Labour Force Survey - quarterly rates > Unemployment rate > Aged 15 and over > All persons – Level, rate or national currency, s.a. – Quarterly",2019-Q3,2019-07-01,3.83452244634311,3.83452244634311,GBR,LRUNTTTT,STSA,Q,United Kingdom,Labour Force Survey - quarterly rates > Unemployment rate > Aged 15 and over > All persons,"Level, rate or national currency, s.a.",Quarterly
quarterly,OECD,MEI,Main Economic Indicators Publication,GBR.LRUNTTTT.STSA.Q,"United Kingdom – Labour Force Survey - quarterly rates > Unemployment rate > Aged 15 and over > All persons – Level, rate or national currency, s.a. – Quarterly",2019-Q4,2019-10-01,3.76658289988896,3.76658289988896,GBR,LRUNTTTT,STSA,Q,United Kingdom,Labour Force Survey - quarterly rates > Unemployment rate > Aged 15 and over > All persons,"Level, rate or national currency, s.a.",Quarterly
quarterly,OECD,MEI,Main Economic Indicators Publication,GBR.LRUNTTTT.STSA.Q,"United Kingdom – Labour Force Survey - quarterly rates > Unemployment rate > Aged 15 and over > All persons – Level, rate or national currency, s.a. – Quarterly",2020-Q1,2020-01-01,4.00454003084893,4.00454003084893,GBR,LRUNTTTT,STSA,Q,United Kingdom,Labour Force Survey - quarterly rates > Unemployment rate > Aged 15 and over > All persons,"Level, rate or national currency, s.a.",Quarterly
quarterly,OECD,MEI,Main Economic Indicators Publication,GBR.LRUNTTTT.STSA.Q,"United Kingdom – Labour Force Survey - quarterly rates > Unemployment rate > Aged 15 and over > All persons – Level, rate or national currency, s.a. – Quarterly",2020-Q2,2020-04-01,4.11402656300615,4.11402656300615,GBR,LRUNTTTT,STSA,Q,United Kingdom,Labour Force Survey - quarterly rates > Unemployment rate > Aged 15 and over > All persons,"Level, rate or national currency, s.a.",Quarterly
quarterly,OECD,MEI,Main Economic Indicators Publication,GBR.LRUNTTTT.STSA.Q,"United Kingdom – Labour Force Survey - quarterly rates > Unemployment rate > Aged 15 and over > All persons – Level, rate or national currency, s.a. – Quarterly",2020-Q3,2020-07-01,4.877761760466,4.877761760466,GBR,LRUNTTTT,STSA,Q,United Kingdom,Labour Force Survey - quarterly rates > Unemployment rate > Aged 15 and over > All persons,"Level, rate or national currency, s.a.",Quarterly
quarterly,OECD,MEI,Main Economic Indicators Publication,GBR.LRUNTTTT.STSA.Q,"United Kingdom – Labour Force Survey - quarterly rates > Unemployment rate > Aged 15 and over > All persons – Level, rate or national currency, s.a. – Quarterly",2020-Q4,2020-10-01,5.22515619474243,5.22515619474243,GBR,LRUNTTTT,STSA,Q,United Kingdom,Labour Force Survey - quarterly rates > Unemployment rate > Aged 15 and over > All persons,"Level, rate or national currency, s.a.",Quarterly
quarterly,OECD,MEI,Main Economic Indicators Publication,GBR.LRUNTTTT.STSA.Q,"United Kingdom – Labour Force Survey - quarterly rates > Unemployment rate > Aged 15 and over > All persons – Level, rate or national currency, s.a. – Quarterly",2021-Q1,2021-01-01,4.94414563508482,4.94414563508482,GBR,LRUNTTTT,STSA,Q,United Kingdom,Labour Force Survey - quarterly rates > Unemployment rate > Aged 15 and over > All persons,"Level, rate or national currency, s.a.",Quarterly
quarterly,OECD,MEI,Main Economic Indicators Publication,GBR.LRUNTTTT.STSA.Q,"United Kingdom – Labour Force Survey - quarterly rates > Unemployment rate > Aged 15 and over > All persons – Level, rate or national currency, s.a. – Quarterly",2021-Q2,2021-04-01,4.71934637052768,4.71934637052768,GBR,LRUNTTTT,STSA,Q,United Kingdom,Labour Force Survey - quarterly rates > Unemployment rate > Aged 15 and over > All persons,"Level, rate or national currency, s.a.",Quarterly
quarterly,OECD,MEI,Main Economic Indicators Publication,GBR.LRUNTTTT.STSA.Q,"United Kingdom – Labour Force Survey - quarterly rates > Unemployment rate > Aged 15 and over > All persons – Level, rate or national currency, s.a. – Quarterly",2021-Q3,2021-07-01,4.26225655788268,4.26225655788268,GBR,LRUNTTTT,STSA,Q,United Kingdom,Labour Force Survey - quarterly rates > Unemployment rate > Aged 15 and over > All persons,"Level, rate or national currency, s.a.",Quarterly
quarterly,OECD,MEI,Main Economic Indicators Publication,GBR.LRUNTTTT.STSA.Q,"United Kingdom – Labour Force Survey - quarterly rates > Unemployment rate > Aged 15 and over > All persons – Level, rate or national currency, s.a. – Quarterly",2021-Q4,2021-10-01,4.04525500132583,4.04525500132583,GBR,LRUNTTTT,STSA,Q,United Kingdom,Labour Force Survey - quarterly rates > Unemployment rate > Aged 15 and over > All persons,"Level, rate or national currency, s.a.",Quarterly
quarterly,OECD,MEI,Main Economic Indicators Publication,GBR.LRUNTTTT.STSA.Q,"United Kingdom – Labour Force Survey - quarterly rates > Unemployment rate > Aged 15 and over > All persons – Level, rate or national currency, s.a. – Quarterly",2022-Q1,2022-01-01,3.71200944231337,3.71200944231337,GBR,LRUNTTTT,STSA,Q,United Kingdom,Labour Force Survey - quarterly rates > Unemployment rate > Aged 15 and over > All persons,"Level, rate or national currency, s.a.",Quarterly
quarterly,OECD,MEI,Main Economic Indicators Publication,GBR.LRUNTTTT.STSA.Q,"United Kingdom – Labour Force Survey - quarterly rates > Unemployment rate > Aged 15 and over > All persons – Level, rate or national currency, s.a. – Quarterly",2022-Q2,2022-04-01,3.796279997653,3.796279997653,GBR,LRUNTTTT,STSA,Q,United Kingdom,Labour Force Survey - quarterly rates > Unemployment rate > Aged 15 and over > All persons,"Level, rate or national currency, s.a.",Quarterly
quarterly,OECD,MEI,Main Economic Indicators Publication,GBR.LRUNTTTT.STSA.Q,"United Kingdom – Labour Force Survey - quarterly rates > Unemployment rate > Aged 15 and over > All persons – Level, rate or national currency, s.a. – Quarterly",2022-Q3,2022-07-01,3.60392191502517,3.60392191502517,GBR,LRUNTTTT,STSA,Q,United Kingdom,Labour Force Survey - quarterly rates > Unemployment rate > Aged 15 and over > All persons,"Level, rate or national currency, s.a.",Quarterly
quarterly,OECD,MEI,Main Economic Indicators Publication,GBR.LRUNTTTT.STSA.Q,"United Kingdom – Labour Force Survey - quarterly rates > Unemployment rate > Aged 15 and over > All persons – Level, rate or national currency, s.a. – Quarterly",2022-Q4,2022-10-01,3.72608848726675,3.72608848726675,GBR,LRUNTTTT,STSA,Q,United Kingdom,Labour Force Survey - quarterly rates > Unemployment rate > Aged 15 and over > All persons,"Level, rate or national currency, s.a.",Quarterly
quarterly,OECD,MEI,Main Economic Indicators Publication,GBR.LRUNTTTT.STSA.Q,"United Kingdom – Labour Force Survey - quarterly rates > Unemployment rate > Aged 15 and over > All persons – Level, rate or national currency, s.a. – Quarterly",2023-Q1,2023-01-01,3.87192634891038,3.87192634891038,GBR,LRUNTTTT,STSA,Q,United Kingdom,Labour Force Survey - quarterly rates > Unemployment rate > Aged 15 and over > All persons,"Level, rate or national currency, s.a.",Quarterly
quarterly,OECD,MEI,Main Economic Indicators Publication,GBR.LRUNTTTT.STSA.Q,"United Kingdom – Labour Force Survey - quarterly rates > Unemployment rate > Aged 15 and over > All persons – Level, rate or national currency, s.a. – Quarterly",2023-Q2,2023-04-01,4.18703445065177,4.18703445065177,GBR,LRUNTTTT,STSA,Q,United Kingdom,Labour Force Survey - quarterly rates > Unemployment rate > Aged 15 and over > All persons,"Level, rate or national currency, s.a.",Quarterly
quarterly,OECD,MEI,Main Economic Indicators Publication,GBR.LRUNTTTT.STSA.Q,"United Kingdom – Labour Force Survey - quarterly rates > Unemployment rate > Aged 15 and over > All persons – Level, rate or national currency, s.a. – Quarterly",2023-Q3,2023-07-01,4.20526820201551,4.20526820201551,GBR,LRUNTTTT,STSA,Q,United Kingdom,Labour Force Survey - quarterly rates > Unemployment rate > Aged 15 and over > All persons,"Level, rate or national currency, s.a.",Quarterly
